annexe,liste,section_code,section,sous_section_code,sous_section,designation,dosage,voie,forme,niveau,categorisation,usage_pediatrique,page_pdf
Annexe 1 — Medicaments Essentiels,Liste Principale,01,ANALGÉSIQUES,01.01,ANALGESIQUES ANTIPYRETIQUES,Acétylsalicylate de lysine,500/5 ml,Parentérale,Poudre pour préparation injectable,ABCD,,False,9
Annexe 1 — Medicaments Essentiels,Liste Principale,01,ANALGÉSIQUES,01.01,ANALGESIQUES ANTIPYRETIQUES,Acide acétylsalicylique,100 mg,Orale,Comprimé,ABCDE,,True,9
Annexe 1 — Medicaments Essentiels,Liste Principale,01,ANALGÉSIQUES,01.01,ANALGESIQUES ANTIPYRETIQUES,Métamizole,"0,5 g/ml",Parentérale,Solution injectable,ABCD,,False,9
Annexe 1 — Medicaments Essentiels,Liste Principale,01,ANALGÉSIQUES,01.01,ANALGESIQUES ANTIPYRETIQUES,Métamizole,500 mg,Orale,Comprimé,ABCD,,False,9
Annexe 1 — Medicaments Essentiels,Liste Principale,01,ANALGÉSIQUES,01.01,ANALGESIQUES ANTIPYRETIQUES,Paracétamol,125 mg/5 ml,Orale,Sirop,ABCDE,,True,9
Annexe 1 — Medicaments Essentiels,Liste Principale,01,ANALGÉSIQUES,01.01,ANALGESIQUES ANTIPYRETIQUES,Paracétamol,150 mg,Rectale,Suppositoire,ABCDE,,True,9
Annexe 1 — Medicaments Essentiels,Liste Principale,01,ANALGÉSIQUES,01.01,ANALGESIQUES ANTIPYRETIQUES,Paracétamol,500 mg/100 ml,Parentérale,Solution injectable,ABCD,,True,9
Annexe 1 — Medicaments Essentiels,Liste Principale,01,ANALGÉSIQUES,01.01,ANALGESIQUES ANTIPYRETIQUES,Paracétamol,250 mg,Orale,Poudre en sachet,ABCDE,,True,9
Annexe 1 — Medicaments Essentiels,Liste Principale,01,ANALGÉSIQUES,01.01,ANALGESIQUES ANTIPYRETIQUES,Paracétamol,80 mg,Orale,Poudre en sachet,ABCDE,,True,9
Annexe 1 — Medicaments Essentiels,Liste Principale,01,ANALGÉSIQUES,01.01,ANALGESIQUES ANTIPYRETIQUES,Paracétamol,1000 mg/100 ml,Parentérale,Solution injectable,ABCD,,False,9
Annexe 1 — Medicaments Essentiels,Liste Principale,01,ANALGÉSIQUES,01.01,ANALGESIQUES ANTIPYRETIQUES,Paracétamol,300 mg,Rectale,Suppositoire,ABCDE,,True,9
Annexe 1 — Medicaments Essentiels,Liste Principale,01,ANALGÉSIQUES,01.01,ANALGESIQUES ANTIPYRETIQUES,Paracétamol,80 mg,Rectale,Suppositoire,ABCDE,,True,9
Annexe 1 — Medicaments Essentiels,Liste Principale,01,ANALGÉSIQUES,01.01,ANALGESIQUES ANTIPYRETIQUES,Paracétamol,1000 mg,Orale,Comprimé,ABCDE,,False,9
Annexe 1 — Medicaments Essentiels,Liste Principale,01,ANALGÉSIQUES,01.01,ANALGESIQUES ANTIPYRETIQUES,Paracétamol,200 mg,Rectale,Suppositoire,ABCDE,,True,9
Annexe 1 — Medicaments Essentiels,Liste Principale,01,ANALGÉSIQUES,01.01,ANALGESIQUES ANTIPYRETIQUES,Paracétamol,500 mg,Orale,Comprimé,ABCDE,,False,9
Annexe 1 — Medicaments Essentiels,Liste Principale,01,ANALGÉSIQUES,01.02,ANALGÉSIQUES NARCOTIQUES,Fentanyl,"0,5 mg/10 ml",Parentérale,Solution injectable,AB,,False,9
Annexe 1 — Medicaments Essentiels,Liste Principale,01,ANALGÉSIQUES,01.02,ANALGÉSIQUES NARCOTIQUES,Fentanyl,"0,1 mg/2ml",Parentérale,Solution injectable,AB,,False,9
Annexe 1 — Medicaments Essentiels,Liste Principale,01,ANALGÉSIQUES,01.02,ANALGÉSIQUES NARCOTIQUES,Morphine chlorhydrate,10 mg/ml,Parentérale,Solution injectable,AB,,False,9
Annexe 1 — Medicaments Essentiels,Liste Principale,01,ANALGÉSIQUES,01.02,ANALGÉSIQUES NARCOTIQUES,Morphine sulfate,10 mg LP,Orale,Comprimé,AB,,False,9
Annexe 1 — Medicaments Essentiels,Liste Principale,01,ANALGÉSIQUES,01.02,ANALGÉSIQUES NARCOTIQUES,Morphine sulfate ou chlorhydrate,----,Orale,Poudre,AB,,False,9
Annexe 1 — Medicaments Essentiels,Liste Principale,01,ANALGÉSIQUES,01.02,ANALGÉSIQUES NARCOTIQUES,Péthidine,100 mg/2 ml,Parentérale,Solution injectable,AB,,False,9
Annexe 1 — Medicaments Essentiels,Liste Principale,01,ANALGÉSIQUES,01.03,ANALGÉSIQUES OPIOIDES FAIBLES,Paracétamol + Codéine,400 mg + 20 mg,Orale,Comprimé,ABCD,,False,9
Annexe 1 — Medicaments Essentiels,Liste Principale,01,ANALGÉSIQUES,01.03,ANALGÉSIQUES OPIOIDES FAIBLES,Paracétamol + Caféine,500 mg + 50 mg,Orale,Comprimé,ABCD,,False,9
Annexe 1 — Medicaments Essentiels,Liste Principale,01,ANALGÉSIQUES,01.03,ANALGÉSIQUES OPIOIDES FAIBLES,Tramadol,100 mg/2ml,Parentérale,Solution injectable,ABC,,False,9
Annexe 1 — Medicaments Essentiels,Liste Principale,01,ANALGÉSIQUES,01.03,ANALGÉSIQUES OPIOIDES FAIBLES,Tramadol,50 mg,Orale,Comprimé,ABC,,False,9
Annexe 1 — Medicaments Essentiels,Liste Principale,01,ANALGÉSIQUES,01.03,ANALGÉSIQUES OPIOIDES FAIBLES,Tramadol,100 mg,Orale,Comprimé LP,ABC,,False,9
Annexe 1 — Medicaments Essentiels,Liste Principale,01,ANALGÉSIQUES,01.04,ANALGÉSIQUES OPIOIDES FORTS,Nalbuphine,20 mg / 2ml,Parentérale,Solution injectable,A,,False,9
Annexe 1 — Medicaments Essentiels,Liste Principale,01,ANALGÉSIQUES,01.05,ANALGÉSIQUES NON OPIOIDES,Néfopam,20 mg/2ml,Parentérale,Solution injectable,ABC,,False,9
Annexe 1 — Medicaments Essentiels,Liste Principale,02,ANESTHÉSIQUES,02.01,ADJUVANTS DE L’ANESTHÉSIE,Atropine Sulfate,"0,25 mg/ml",Parentérale,Solution injectable,AB,,False,9
Annexe 1 — Medicaments Essentiels,Liste Principale,02,ANESTHÉSIQUES,02.01,ADJUVANTS DE L’ANESTHÉSIE,Atropine Sulfate,"0,5 mg/ml",Parentérale,Solution injectable,AB,,False,9
Annexe 1 — Medicaments Essentiels,Liste Principale,02,ANESTHÉSIQUES,02.01,ADJUVANTS DE L’ANESTHÉSIE,Diazépam,10 mg/ml,Parentérale,Solution injectable,ABC,,False,9
Annexe 1 — Medicaments Essentiels,Liste Principale,02,ANESTHÉSIQUES,02.01,ADJUVANTS DE L’ANESTHÉSIE,Ephédrine,3%,Parentérale,Solution injectable,AB,,False,9
Annexe 1 — Medicaments Essentiels,Liste Principale,02,ANESTHÉSIQUES,02.01,ADJUVANTS DE L’ANESTHÉSIE,Etiléfrine,3%,Parentérale,Solution injectable,AB,,False,9
Annexe 1 — Medicaments Essentiels,Liste Principale,02,ANESTHÉSIQUES,02.01,ADJUVANTS DE L’ANESTHÉSIE,Hydroxyzine,100 mg,Parentérale,Solution injectable,AB,,False,9
Annexe 1 — Medicaments Essentiels,Liste Principale,02,ANESTHÉSIQUES,02.01,ADJUVANTS DE L’ANESTHÉSIE,Midazolam,1 mg/ml,Parentérale,Solution injectable,ABC,,False,9
Annexe 1 — Medicaments Essentiels,Liste Principale,02,ANESTHÉSIQUES,02.01,ADJUVANTS DE L’ANESTHÉSIE,Midazolam,5 mg/ml,Parentérale,Solution injectable,AB,,False,9
Annexe 1 — Medicaments Essentiels,Liste Principale,02,ANESTHÉSIQUES,02.02,ANESTHÉSIQUES GÉNÉRAUX,Isoflurane,1 ml/ml,Pulmonaire,Solution pour inhalation,AB,,False,9
Annexe 1 — Medicaments Essentiels,Liste Principale,02,ANESTHÉSIQUES,02.02,ANESTHÉSIQUES GÉNÉRAUX,Kétamine,10 mg/ml,Parentérale,Solution injectable,AB,,False,9
Annexe 1 — Medicaments Essentiels,Liste Principale,02,ANESTHÉSIQUES,02.02,ANESTHÉSIQUES GÉNÉRAUX,Kétamine,250 mg/5 ml,Parentérale,Solution injectable,AB,,False,9
Annexe 1 — Medicaments Essentiels,Liste Principale,02,ANESTHÉSIQUES,02.02,ANESTHÉSIQUES GÉNÉRAUX,Kétamine,50 mg/ml,Parentérale,Solution injectable,AB,,False,10
Annexe 1 — Medicaments Essentiels,Liste Principale,02,ANESTHÉSIQUES,02.02,ANESTHÉSIQUES GÉNÉRAUX,Propofol,1%,Parentérale,Solution injectable,AB,,False,10
Annexe 1 — Medicaments Essentiels,Liste Principale,02,ANESTHÉSIQUES,02.02,ANESTHÉSIQUES GÉNÉRAUX,Sévoflurane,1 ml/ml,Pulmonaire,Solution pour inhalation,AB,,False,10
Annexe 1 — Medicaments Essentiels,Liste Principale,02,ANESTHÉSIQUES,02.02,ANESTHÉSIQUES GÉNÉRAUX,Thiopental,500 mg/20 ml,Parentérale,Poudre pour préparation injectable,AB,,False,10
Annexe 1 — Medicaments Essentiels,Liste Principale,02,ANESTHÉSIQUES,02.03,ANESTHÉSIQUES LOCAUX,Bupivacaïne,"0,50%",Parentérale,Solution injectable,AB,,False,10
Annexe 1 — Medicaments Essentiels,Liste Principale,02,ANESTHÉSIQUES,02.03,ANESTHÉSIQUES LOCAUX,Bupivacaïne,"0,25%",Parentérale,Solution injectable,AB,,False,10
Annexe 1 — Medicaments Essentiels,Liste Principale,02,ANESTHÉSIQUES,02.03,ANESTHÉSIQUES LOCAUX,Bupivacaïne + Adrénaline,"0,50%",Parentérale,Solution injectable,AB,,False,10
Annexe 1 — Medicaments Essentiels,Liste Principale,02,ANESTHÉSIQUES,02.03,ANESTHÉSIQUES LOCAUX,Lévobupivacaïne,"0,30%",Parentérale,Solution injectable,AB,,False,10
Annexe 1 — Medicaments Essentiels,Liste Principale,02,ANESTHÉSIQUES,02.03,ANESTHÉSIQUES LOCAUX,Lévobupivacaïne,"0,50%",Parentérale,Solution injectable,AB,,False,10
Annexe 1 — Medicaments Essentiels,Liste Principale,02,ANESTHÉSIQUES,02.03,ANESTHÉSIQUES LOCAUX,Lidocaïne,1%,Parentérale,Solution injectable,ABCD,,False,10
Annexe 1 — Medicaments Essentiels,Liste Principale,02,ANESTHÉSIQUES,02.03,ANESTHÉSIQUES LOCAUX,Lidocaïne,2%,Parentérale,Solution injectable,ABCD,,False,10
Annexe 1 — Medicaments Essentiels,Liste Principale,02,ANESTHÉSIQUES,02.03,ANESTHÉSIQUES LOCAUX,Lidocaïne (Dentaire),2%,Parentérale,Solution injectable,ABC,,False,10
Annexe 1 — Medicaments Essentiels,Liste Principale,02,ANESTHÉSIQUES,02.03,ANESTHÉSIQUES LOCAUX,Lidocaïne + Adrénaline (Dentaire),2% (400 mg + 100µg/20 ml),Parentérale,Solution injectable,ABC,,False,10
Annexe 1 — Medicaments Essentiels,Liste Principale,02,ANESTHÉSIQUES,02.03,ANESTHÉSIQUES LOCAUX,Lidocaïne + Prilocaïne,5% (25mg + 25mg),Transdermique,Patch,AB,,False,10
Annexe 1 — Medicaments Essentiels,Liste Principale,02,ANESTHÉSIQUES,02.03,ANESTHÉSIQUES LOCAUX,Lidocaïne + Prilocaïne,5% (750 mg + 750 mg),Parentérale,Solution injectable,AB,,False,10
Annexe 1 — Medicaments Essentiels,Liste Principale,02,ANESTHÉSIQUES,02.03,ANESTHÉSIQUES LOCAUX,Lidocaïne Visqueuse,2%,Locale,Gel oral,ABCD,,False,10
Annexe 1 — Medicaments Essentiels,Liste Principale,02,ANESTHÉSIQUES,02.03,ANESTHÉSIQUES LOCAUX,Mépivacaïne,3%,Parentérale,Solution en carpule,ABC,,False,10
Annexe 1 — Medicaments Essentiels,Liste Principale,02,ANESTHÉSIQUES,02.03,ANESTHÉSIQUES LOCAUX,Ropivacaine,2 mg/ml,Parentérale,Solution injectable,AB,,False,10
Annexe 1 — Medicaments Essentiels,Liste Principale,02,ANESTHÉSIQUES,02.03,ANESTHÉSIQUES LOCAUX,Ropivacaine,"7,5 mg/ml",Parentérale,Solution injectable,AB,,False,10
Annexe 1 — Medicaments Essentiels,Liste Principale,02,ANESTHÉSIQUES,02.03,ANESTHÉSIQUES LOCAUX ANESTHÉSIQUES PAR INHALATION ET GAZ MEDICAUX,Dioxygène-Protoxyde D'azote,50 % / 50 %,Pulmonaire,Solution pour inhalation,AB,,False,10
Annexe 1 — Medicaments Essentiels,Liste Principale,02,ANESTHÉSIQUES,02.03,ANESTHÉSIQUES LOCAUX ANESTHÉSIQUES PAR INHALATION ET GAZ MEDICAUX (MEOPA),Oxygène,----,Pulmonaire,Gaz pour inhalation,ABCD,,False,10
Annexe 1 — Medicaments Essentiels,Liste Principale,02,ANESTHÉSIQUES,02.05,CURARISANTS ET AUTRES,Besilate D’Atracurium,1%,Parentérale,Solution injectable,AB,,False,10
Annexe 1 — Medicaments Essentiels,Liste Principale,02,ANESTHÉSIQUES,02.05,CURARISANTS ET AUTRES,Pancuronium,4 mg/2 ml,Parentérale,Solution injectable,AB,,False,10
Annexe 1 — Medicaments Essentiels,Liste Principale,02,ANESTHÉSIQUES,02.05,CURARISANTS ET AUTRES,Suxaméthonium,10 mg/ml,Parentérale,Solution injectable,AB,,False,10
Annexe 1 — Medicaments Essentiels,Liste Principale,02,ANESTHÉSIQUES,02.05,CURARISANTS ET AUTRES,Suxaméthonium,50 mg/ml,Parentérale,Solution injectable,AB,,False,10
Annexe 1 — Medicaments Essentiels,Liste Principale,02,ANESTHÉSIQUES,02.05,CURARISANTS ET AUTRES,Vécuronium Bromure,4 mg/ml,Parentérale,Solution injectable,AB,,False,10
Annexe 1 — Medicaments Essentiels,Liste Principale,02,ANESTHÉSIQUES,02.06,DÉCURARISANTS,Néostigmine,1 mg/ml,Parentérale,Solution injectable,AB,,False,10
Annexe 1 — Medicaments Essentiels,Liste Principale,02,ANESTHÉSIQUES,02.06,DÉCURARISANTS,Néostigmine,"0,5 mg/ml",Parentérale,Solution injectable,AB,,False,10
Annexe 1 — Medicaments Essentiels,Liste Principale,03,ANTIALLERGIQUES,,,Cétirizine,10 mg,Orale,Comprimé,ABCD,,False,10
Annexe 1 — Medicaments Essentiels,Liste Principale,03,ANTIALLERGIQUES,,,Desloratadine,"0,5 mg/ml",Orale,Sirop,ABCD,,True,10
Annexe 1 — Medicaments Essentiels,Liste Principale,03,ANTIALLERGIQUES,,,Desloratadine,5 mg,Orale,Comprimé,ABCD,,False,10
Annexe 1 — Medicaments Essentiels,Liste Principale,03,ANTIALLERGIQUES,,,Dexchlorphéniramine,5 mg/1 ml,Parentérale,Solution injectable,ABC,,False,10
Annexe 1 — Medicaments Essentiels,Liste Principale,03,ANTIALLERGIQUES,,,Dexchlorphéniramine,2 mg,Orale,Comprimé,ABCD,,False,10
Annexe 1 — Medicaments Essentiels,Liste Principale,03,ANTIALLERGIQUES,,,Dexchlorphéniramine,"0,01%",Orale,Sirop,ABCD,,False,10
Annexe 1 — Medicaments Essentiels,Liste Principale,03,ANTIALLERGIQUES,,,Hydroxyzine,25 mg,Orale,Comprimé,ABCD,,False,10
Annexe 1 — Medicaments Essentiels,Liste Principale,03,ANTIALLERGIQUES,,,Méquitazine,"0,5 mg/ml",Orale,Sirop,ABCD,,True,10
Annexe 1 — Medicaments Essentiels,Liste Principale,03,ANTIALLERGIQUES,,,Méquitazine,5 mg,Orale,Comprimé,ABCD,,False,10
Annexe 1 — Medicaments Essentiels,Liste Principale,03,ANTIALLERGIQUES,,,Méquitazine,10 mg,Orale,Comprimé,ABCD,,False,10
Annexe 1 — Medicaments Essentiels,Liste Principale,03,ANTIALLERGIQUES,,,Prométhazine,1 mg/ml,Orale,Sirop,ABCD,,True,10
Annexe 1 — Medicaments Essentiels,Liste Principale,03,ANTIALLERGIQUES,,,Prométhazine,25 mg/ml,Parentérale,Solution Injectable,ABC,,False,10
Annexe 1 — Medicaments Essentiels,Liste Principale,04,ANTIDOTES,,,Bleu de méthylène,50 mg,Parentérale,Solution injectable,AB,,False,10
Annexe 1 — Medicaments Essentiels,Liste Principale,04,ANTIDOTES,,,Charbon végétal,----,Orale,Comprimé,ABCDE,,False,10
Annexe 1 — Medicaments Essentiels,Liste Principale,04,ANTIDOTES,,,Ethanol,1g/ml,Parentérale,Solution injectable,AB,,False,10
Annexe 1 — Medicaments Essentiels,Liste Principale,04,ANTIDOTES,,,Flumazénil,"0,5 mg/5 ml",Parentérale,Solution injectable,AB,,False,11
Annexe 1 — Medicaments Essentiels,Liste Principale,04,ANTIDOTES,,,N Acétylcystéine,5 g/25 ml,Parentérale,Solution injectable,AB,,False,11
Annexe 1 — Medicaments Essentiels,Liste Principale,04,ANTIDOTES,,,Nalorphine,10 mg/2 ml,Parentérale,Solution injectable,AB,,False,11
Annexe 1 — Medicaments Essentiels,Liste Principale,04,ANTIDOTES,,,Naloxone,"0,4 mg/ml",Parentérale,Solution injectable,AB,,False,11
Annexe 1 — Medicaments Essentiels,Liste Principale,04,ANTIDOTES,,,Protamine,50mg/5ml,Parentérale,Solution injectable,AB,,False,11
Annexe 1 — Medicaments Essentiels,Liste Principale,05,ANTIINFECTIEUX,05.01,ANTIAMIBIENS,Métronidazole,250 mg,Orale,Comprimé,ABCD,,False,11
Annexe 1 — Medicaments Essentiels,Liste Principale,05,ANTIINFECTIEUX,05.01,ANTIAMIBIENS,Métronidazole,500 mg/100 ml,Parentérale,Solution injectable,ABC,,False,11
Annexe 1 — Medicaments Essentiels,Liste Principale,05,ANTIINFECTIEUX,05.01,ANTIAMIBIENS,Métronidazole,125 mg/5 ml,Orale,Suspension buvable,ABCD,,True,11
Annexe 1 — Medicaments Essentiels,Liste Principale,05,ANTIINFECTIEUX,05.01,ANTIAMIBIENS,Métronidazole,500 mg,Orale,Comprimé,ABCD,,False,11
Annexe 1 — Medicaments Essentiels,Liste Principale,05,ANTIINFECTIEUX,05.01,ANTIAMIBIENS,Métronidazole,500 mg,Vaginale,Ovule,ABCD,,False,11
Annexe 1 — Medicaments Essentiels,Liste Principale,05,ANTIINFECTIEUX,05.02,ANTIBIOTIQUES,Amikacine,500 mg,Parentérale,Poudre pour préparation injectable,A,Surveillance,False,11
Annexe 1 — Medicaments Essentiels,Liste Principale,05,ANTIINFECTIEUX,05.02,ANTIBIOTIQUES,Amikacine,1g,Parentérale,Poudre pour préparation injectable,A,Surveillance,False,11
Annexe 1 — Medicaments Essentiels,Liste Principale,05,ANTIINFECTIEUX,05.02,ANTIBIOTIQUES,Amoxicilline,125 mg/5 ml,Orale,Poudre pour suspension buvable,ABCD,Accès,True,11
Annexe 1 — Medicaments Essentiels,Liste Principale,05,ANTIINFECTIEUX,05.02,ANTIBIOTIQUES,Amoxicilline,250 mg/5ml,Orale,Poudre pour suspension buvable,ABCD,Accès,True,11
Annexe 1 — Medicaments Essentiels,Liste Principale,05,ANTIINFECTIEUX,05.02,ANTIBIOTIQUES,Amoxicilline,500 mg/5 ml,Orale,Poudre pour suspension buvable,ABCD,Accès,True,11
Annexe 1 — Medicaments Essentiels,Liste Principale,05,ANTIINFECTIEUX,05.02,ANTIBIOTIQUES,Amoxicilline,500 mg,Orale,Gélule,ABCD,Accès,False,11
Annexe 1 — Medicaments Essentiels,Liste Principale,05,ANTIINFECTIEUX,05.02,ANTIBIOTIQUES,Amoxicilline,1 g,Parentérale,Poudre pour préparation injectable,ABCD,Accès,False,11
Annexe 1 — Medicaments Essentiels,Liste Principale,05,ANTIINFECTIEUX,05.02,ANTIBIOTIQUES,Amoxicilline,500 mg,Parentérale,Poudre pour préparation injectable,ABCD,Accès,False,11
Annexe 1 — Medicaments Essentiels,Liste Principale,05,ANTIINFECTIEUX,05.02,ANTIBIOTIQUES,Amoxicilline + Acide clavulanique,"100 mg + 12,5 mg/ml",Orale,Poudre pour suspension buvable,ABC,Accès,True,11
Annexe 1 — Medicaments Essentiels,Liste Principale,05,ANTIINFECTIEUX,05.02,ANTIBIOTIQUES,Amoxicilline + Acide clavulanique,"250 mg + 31,25 mg/5ml",Orale,Poudre pour suspension buvable,ABC,Accès,True,11
Annexe 1 — Medicaments Essentiels,Liste Principale,05,ANTIINFECTIEUX,05.02,ANTIBIOTIQUES,Amoxicilline + Acide clavulanique,1 g + 200 mg,Parentérale,Poudre pour préparation injectable,ABC,Accès,False,11
Annexe 1 — Medicaments Essentiels,Liste Principale,05,ANTIINFECTIEUX,05.02,ANTIBIOTIQUES,Amoxicilline + Acide clavulanique,"500 mg + 62,5 mg",Parentérale,Poudre pour préparation injectable,ABC,Accès,False,11
Annexe 1 — Medicaments Essentiels,Liste Principale,05,ANTIINFECTIEUX,05.02,ANTIBIOTIQUES,Ampicilline,1 g,Parentérale,Poudre pour préparation injectable,ABCD,Accès,False,11
Annexe 1 — Medicaments Essentiels,Liste Principale,05,ANTIINFECTIEUX,05.02,ANTIBIOTIQUES,Azithromycine,250 mg,Orale,Comprimé,ABC,Surveillance,False,11
Annexe 1 — Medicaments Essentiels,Liste Principale,05,ANTIINFECTIEUX,05.02,ANTIBIOTIQUES,Azithromycine,200mg/5ml 15 ml,Orale,Poudre pour suspension buvable,ABCD,Surveillance,True,11
Annexe 1 — Medicaments Essentiels,Liste Principale,05,ANTIINFECTIEUX,05.02,ANTIBIOTIQUES,Azithromycine,"200mg/5ml 22,5 ml",Orale,Poudre pour suspension buvable,ABCD,Surveillance,True,11
Annexe 1 — Medicaments Essentiels,Liste Principale,05,ANTIINFECTIEUX,05.02,ANTIBIOTIQUES,Azithromycine,500 mg,Orale,Comprimé,ABC,Surveillance,False,11
Annexe 1 — Medicaments Essentiels,Liste Principale,05,ANTIINFECTIEUX,05.02,ANTIBIOTIQUES,Benzathine benzylpénicilline,"1,2 MUI",Parentérale,Poudre pour préparation injectable,ABCD,Accès,True,11
Annexe 1 — Medicaments Essentiels,Liste Principale,05,ANTIINFECTIEUX,05.02,ANTIBIOTIQUES,Benzathine benzylpénicilline,"2,4 MUI",Parentérale,Poudre pour préparation injectable,ABCD,Accès,False,11
Annexe 1 — Medicaments Essentiels,Liste Principale,05,ANTIINFECTIEUX,05.02,ANTIBIOTIQUES,Benzylpénicilline,1 000 000 UI,Parentérale,Poudre pour préparation injectable,ABCD,Accès,False,11
Annexe 1 — Medicaments Essentiels,Liste Principale,05,ANTIINFECTIEUX,05.02,ANTIBIOTIQUES,Benzylpénicilline,5 000 000 UI,Parentérale,Poudre pour préparation injectable,ABCD,Accès,False,11
Annexe 1 — Medicaments Essentiels,Liste Principale,05,ANTIINFECTIEUX,05.02,ANTIBIOTIQUES,Céfadroxyl,250 mg/5 ml,Orale,Poudre pour suspension buvable,ABCD,Accès,True,11
Annexe 1 — Medicaments Essentiels,Liste Principale,05,ANTIINFECTIEUX,05.02,ANTIBIOTIQUES,Céfalexine,250 mg/5 ml,Orale,Poudre pour suspension buvable,ABCD,Accès,True,12
Annexe 1 — Medicaments Essentiels,Liste Principale,05,ANTIINFECTIEUX,05.02,ANTIBIOTIQUES,Céfapirine,1 g,Parentérale,Poudre pour préparation injectable,ABC,Accès,False,12
Annexe 1 — Medicaments Essentiels,Liste Principale,05,ANTIINFECTIEUX,05.02,ANTIBIOTIQUES,Céfixime,40 mg/5 ml,Orale,Poudre pour suspension buvable,ABC,Surveillance,True,12
Annexe 1 — Medicaments Essentiels,Liste Principale,05,ANTIINFECTIEUX,05.02,ANTIBIOTIQUES,Céfixime,100 mg/5 ml,Orale,Poudre pour suspension buvable,ABC,Surveillance,True,12
Annexe 1 — Medicaments Essentiels,Liste Principale,05,ANTIINFECTIEUX,05.02,ANTIBIOTIQUES,Céfixime,200 mg,Orale,Comprimé,ABC,Surveillance,False,12
Annexe 1 — Medicaments Essentiels,Liste Principale,05,ANTIINFECTIEUX,05.02,ANTIBIOTIQUES,Céfotaxime,1 g,Parentérale,Poudre pour préparation injectable,AB,Surveillance,False,12
Annexe 1 — Medicaments Essentiels,Liste Principale,05,ANTIINFECTIEUX,05.02,ANTIBIOTIQUES,Céfradine,500 mg,Orale,Gélule,A,Accès,False,12
Annexe 1 — Medicaments Essentiels,Liste Principale,05,ANTIINFECTIEUX,05.02,ANTIBIOTIQUES,Ceftriaxone,1 g,Parentérale,Poudre pour préparation injectable,ABC,Surveillance,False,12
Annexe 1 — Medicaments Essentiels,Liste Principale,05,ANTIINFECTIEUX,05.02,ANTIBIOTIQUES,Ceftriaxone,250 mg,Parentérale,Poudre pour préparation injectable,ABC,Surveillance,False,12
Annexe 1 — Medicaments Essentiels,Liste Principale,05,ANTIINFECTIEUX,05.02,ANTIBIOTIQUES,Ceftriaxone,500 mg,Parentérale,Poudre pour préparation injectable,ABC,Surveillance,False,12
Annexe 1 — Medicaments Essentiels,Liste Principale,05,ANTIINFECTIEUX,05.02,ANTIBIOTIQUES,Céfuroxime,250 mg/5 ml,Orale,Poudre pour suspension buvable,ABC,Surveillance,False,12
Annexe 1 — Medicaments Essentiels,Liste Principale,05,ANTIINFECTIEUX,05.02,ANTIBIOTIQUES,Céfuroxime,750 mg,Parentérale,Poudre pour préparation injectable,ABC,Surveillance,False,12
Annexe 1 — Medicaments Essentiels,Liste Principale,05,ANTIINFECTIEUX,05.02,ANTIBIOTIQUES,Ciprofloxacine,250 mg,Orale,Comprimé,ABC,Surveillance,False,12
Annexe 1 — Medicaments Essentiels,Liste Principale,05,ANTIINFECTIEUX,05.02,ANTIBIOTIQUES,Ciprofloxacine,500 mg,Orale,Comprimé,ABC,Surveillance,False,12
Annexe 1 — Medicaments Essentiels,Liste Principale,05,ANTIINFECTIEUX,05.02,ANTIBIOTIQUES,Clarythromicine,250 mg,Orale,Comprimé,ABC,Surveillance,False,12
Annexe 1 — Medicaments Essentiels,Liste Principale,05,ANTIINFECTIEUX,05.02,ANTIBIOTIQUES,Clarythromicine,500 mg,Orale,Comprimé,ABC,Surveillance,False,12
Annexe 1 — Medicaments Essentiels,Liste Principale,05,ANTIINFECTIEUX,05.02,ANTIBIOTIQUES,Clindamycine,300 mg,Orale,Gélule,ABC,Surveillance,False,12
Annexe 1 — Medicaments Essentiels,Liste Principale,05,ANTIINFECTIEUX,05.02,ANTIBIOTIQUES,Colistine,500 000 UI,Parentérale,Poudre pour préparation injectable,A,Réserve,False,12
Annexe 1 — Medicaments Essentiels,Liste Principale,05,ANTIINFECTIEUX,05.02,ANTIBIOTIQUES,Colistine,1 MUI,Parentérale,Poudre pour préparation injectable,A,Réserve,False,12
Annexe 1 — Medicaments Essentiels,Liste Principale,05,ANTIINFECTIEUX,05.02,ANTIBIOTIQUES,Doxycycline,100 mg,Orale,Comprimé,ABC,Accès,False,12
Annexe 1 — Medicaments Essentiels,Liste Principale,05,ANTIINFECTIEUX,05.02,ANTIBIOTIQUES,Doxycycline,200 mg,Orale,Comprimé,ABC,Accès,False,12
Annexe 1 — Medicaments Essentiels,Liste Principale,05,ANTIINFECTIEUX,05.02,ANTIBIOTIQUES,Erythromycine,125 mg,Orale,Poudre en sachet,ABCD,Accès,True,12
Annexe 1 — Medicaments Essentiels,Liste Principale,05,ANTIINFECTIEUX,05.02,ANTIBIOTIQUES,Erythromycine,250 mg,Orale,Poudre en sachet,ABCD,Accès,False,12
Annexe 1 — Medicaments Essentiels,Liste Principale,05,ANTIINFECTIEUX,05.02,ANTIBIOTIQUES,Erythromycine,500 mg,Orale,Comprimé,ABCD,Accès,False,12
Annexe 1 — Medicaments Essentiels,Liste Principale,05,ANTIINFECTIEUX,05.02,ANTIBIOTIQUES,Flucloxacilline,250 mg,Orale,Poudre pour suspension buvable,ABCD,Accès,True,12
Annexe 1 — Medicaments Essentiels,Liste Principale,05,ANTIINFECTIEUX,05.02,ANTIBIOTIQUES,Gentamicine,10 mg/ml,Parentérale,Solution injectable,ABC,Accès,False,12
Annexe 1 — Medicaments Essentiels,Liste Principale,05,ANTIINFECTIEUX,05.02,ANTIBIOTIQUES,Gentamicine,160 mg/2 ml,Parentérale,Solution injectable,ABC,Accès,False,12
Annexe 1 — Medicaments Essentiels,Liste Principale,05,ANTIINFECTIEUX,05.02,ANTIBIOTIQUES,Gentamicine,40 mg/2 ml,Parentérale,Solution injectable,ABC,Accès,False,12
Annexe 1 — Medicaments Essentiels,Liste Principale,05,ANTIINFECTIEUX,05.02,ANTIBIOTIQUES,Gentamicine,80 mg/2 ml,Parentérale,Solution injectable,ABC,Accès,False,12
Annexe 1 — Medicaments Essentiels,Liste Principale,05,ANTIINFECTIEUX,05.02,ANTIBIOTIQUES,Gentamicine,100 mg/ml,Parentérale,Solution injectable,ABC,Accès,False,12
Annexe 1 — Medicaments Essentiels,Liste Principale,05,ANTIINFECTIEUX,05.02,ANTIBIOTIQUES,Gentamicine,25 mg/ml,Parentérale,Solution injectable,ABC,Accès,False,12
Annexe 1 — Medicaments Essentiels,Liste Principale,05,ANTIINFECTIEUX,05.02,ANTIBIOTIQUES,Gentamicine,50 mg/2 ml,Parentérale,Solution injectable,ABC,Accès,False,12
Annexe 1 — Medicaments Essentiels,Liste Principale,05,ANTIINFECTIEUX,05.02,ANTIBIOTIQUES,Levofloxacine,500 mg,Orale,Comprimé,ABC,Surveillance,False,12
Annexe 1 — Medicaments Essentiels,Liste Principale,05,ANTIINFECTIEUX,05.02,ANTIBIOTIQUES,Levofloxacine,250 mg,Orale,Comprimé,ABCD,Surveillance,False,12
Annexe 1 — Medicaments Essentiels,Liste Principale,05,ANTIINFECTIEUX,05.02,ANTIBIOTIQUES,Levofloxacine,100 mg,Orale,Comprimé,ABCD,Surveillance,False,12
Annexe 1 — Medicaments Essentiels,Liste Principale,05,ANTIINFECTIEUX,05.02,ANTIBIOTIQUES,Ofloxacine ou Péfloxacine,200 mg/40 ml ou 400 mg/5 ml,Parentérale,Solution injectable,ABC,Surveillance,False,12
Annexe 1 — Medicaments Essentiels,Liste Principale,05,ANTIINFECTIEUX,05.02,ANTIBIOTIQUES,Ofloxacine ou Péfloxacine,200 mg ou 400 mg,Orale,Comprimé,ABC,Surveillance,False,12
Annexe 1 — Medicaments Essentiels,Liste Principale,05,ANTIINFECTIEUX,05.02,ANTIBIOTIQUES,Oxacilline,1 g,Parentérale,Poudre pour préparation injectable,ABCD,Accès,False,13
Annexe 1 — Medicaments Essentiels,Liste Principale,05,ANTIINFECTIEUX,05.02,ANTIBIOTIQUES,Oxacilline,250 mg,Orale,Poudre pour suspension buvable,ABCD,Accès,True,13
Annexe 1 — Medicaments Essentiels,Liste Principale,05,ANTIINFECTIEUX,05.02,ANTIBIOTIQUES,Oxacilline,500 mg,Orale,Gélule,ABCD,Accès,False,13
Annexe 1 — Medicaments Essentiels,Liste Principale,05,ANTIINFECTIEUX,05.02,ANTIBIOTIQUES,Oxacilline,500 mg,Parentérale,Poudre pour préparation injectable,ABCD,Accès,False,13
Annexe 1 — Medicaments Essentiels,Liste Principale,05,ANTIINFECTIEUX,05.02,ANTIBIOTIQUES,Pyriméthamine,50 mg,Orale,Comprimé,AB,,False,13
Annexe 1 — Medicaments Essentiels,Liste Principale,05,ANTIINFECTIEUX,05.02,ANTIBIOTIQUES,Streptomicine,1 g,Parentérale,Poudre pour préparation injectable,ABC,Réserve,False,13
Annexe 1 — Medicaments Essentiels,Liste Principale,05,ANTIINFECTIEUX,05.02,ANTIBIOTIQUES,Sulfadiazine,500 mg,Orale,Comprimé,AB,Accès,False,13
Annexe 1 — Medicaments Essentiels,Liste Principale,05,ANTIINFECTIEUX,05.02,ANTIBIOTIQUES,Sulfaméthoxazole + Triméthoprime,100 mg+20 mg,Orale,Comprimé,ABCD,Accès,True,13
Annexe 1 — Medicaments Essentiels,Liste Principale,05,ANTIINFECTIEUX,05.02,ANTIBIOTIQUES,Sulfaméthoxazole + Triméthoprime,200 mg+40 mg/5 ml,Orale,Comprimé,ABCD,Accès,True,13
Annexe 1 — Medicaments Essentiels,Liste Principale,05,ANTIINFECTIEUX,05.02,ANTIBIOTIQUES,Sulfaméthoxazole + Triméthoprime,400 mg+80 mg,Orale,Comprimé,ABCD,Accès,False,13
Annexe 1 — Medicaments Essentiels,Liste Principale,05,ANTIINFECTIEUX,05.02,ANTIBIOTIQUES,Sulfaméthoxazole + Triméthoprime,800 mg+160 mg,Orale,Comprimé,ABCD,Accès,False,13
Annexe 1 — Medicaments Essentiels,Liste Principale,05,ANTIINFECTIEUX,05.02,ANTIBIOTIQUES,Tétracycline,1%,Ophtalmique,Pommade,ABCD,Accès,False,13
Annexe 1 — Medicaments Essentiels,Liste Principale,05,ANTIINFECTIEUX,05.02,ANTIBIOTIQUES,Thiamphénicol,250 mg,Orale,Comprimé,AB,Surveillance,False,13
Annexe 1 — Medicaments Essentiels,Liste Principale,05,ANTIINFECTIEUX,05.02,ANTIBIOTIQUES,Thiamphénicol,500 mg,Orale,Comprimé,AB,Surveillance,False,13
Annexe 1 — Medicaments Essentiels,Liste Principale,05,ANTIINFECTIEUX,05.02,ANTIBIOTIQUES,Thiamphénicol,750 mg,Parentérale,Poudre pour préparation injectable,AB,Surveillance,False,13
Annexe 1 — Medicaments Essentiels,Liste Principale,05,ANTIINFECTIEUX,05.03,ANTHELMINTIQUES,Albendazole ou Mébendazole,400 mg/10 ml ou 100 mg/5 ml,Orale,Suspension buvable,ABCDE,,True,13
Annexe 1 — Medicaments Essentiels,Liste Principale,05,ANTIINFECTIEUX,05.03,ANTHELMINTIQUES,Albendazole ou Mébendazole,400 mg ou 500 mg,Orale,Comprimé,ABCDE,,False,13
Annexe 1 — Medicaments Essentiels,Liste Principale,05,ANTIINFECTIEUX,05.03,ANTHELMINTIQUES,Flubendazole,100 mg,Orale,Comprimé,ABCDE,,False,13
Annexe 1 — Medicaments Essentiels,Liste Principale,05,ANTIINFECTIEUX,05.03,ANTHELMINTIQUES,Flubendazole,100 mg/5 ml,Orale,Suspension buvable,ABCDE,,True,13
Annexe 1 — Medicaments Essentiels,Liste Principale,05,ANTIINFECTIEUX,05.03,ANTHELMINTIQUES,Pyrantel,125 mg,Orale,Comprimé,ABCDE,,False,13
Annexe 1 — Medicaments Essentiels,Liste Principale,05,ANTIINFECTIEUX,05.03,ANTHELMINTIQUES,Pyrantel,250 mg/5 ml,Orale,Suspension buvable,ABCDE,,False,13
Annexe 1 — Medicaments Essentiels,Liste Principale,05,ANTIINFECTIEUX,05.04,ANTIFONGIQUES,Amphotéricine B,250 mg,Orale,Comprimé,ABC,,False,13
Annexe 1 — Medicaments Essentiels,Liste Principale,05,ANTIINFECTIEUX,05.04,ANTIFONGIQUES,Amphotéricine B,500 mg/5ml,Orale,Suspension buvable,ABC,,True,13
Annexe 1 — Medicaments Essentiels,Liste Principale,05,ANTIINFECTIEUX,05.04,ANTIFONGIQUES,Econazole,1%,Cutanée,Crème,ABCD,,False,13
Annexe 1 — Medicaments Essentiels,Liste Principale,05,ANTIINFECTIEUX,05.04,ANTIFONGIQUES,Econazole,150 mg,Vaginale,Ovule,ABCD,,False,13
Annexe 1 — Medicaments Essentiels,Liste Principale,05,ANTIINFECTIEUX,05.04,ANTIFONGIQUES,Fluconazole,50 mg,Orale,Gélule,ABCD,,False,13
Annexe 1 — Medicaments Essentiels,Liste Principale,05,ANTIINFECTIEUX,05.04,ANTIFONGIQUES,Fluconazole,100 mg,Orale,Gélule,ABCD,,False,13
Annexe 1 — Medicaments Essentiels,Liste Principale,05,ANTIINFECTIEUX,05.04,ANTIFONGIQUES,Fluconazole,150 mg,Orale,Gélule,ABCD,,False,13
Annexe 1 — Medicaments Essentiels,Liste Principale,05,ANTIINFECTIEUX,05.04,ANTIFONGIQUES,Fluconazole,200 mg,Orale,Gélule,ABC,,False,13
Annexe 1 — Medicaments Essentiels,Liste Principale,05,ANTIINFECTIEUX,05.04,ANTIFONGIQUES,Fluconazole,50 mg/5ml,Orale,Poudre pour suspension buvable,ABCD,,True,13
Annexe 1 — Medicaments Essentiels,Liste Principale,05,ANTIINFECTIEUX,05.04,ANTIFONGIQUES,Griséofulvine,250 mg,Orale,Comprimé,ABCD,,False,13
Annexe 1 — Medicaments Essentiels,Liste Principale,05,ANTIINFECTIEUX,05.04,ANTIFONGIQUES,Griséofulvine,500 mg,Orale,Comprimé,ABCD,,False,13
Annexe 1 — Medicaments Essentiels,Liste Principale,05,ANTIINFECTIEUX,05.04,ANTIFONGIQUES,Itraconazole,100 mg,Orale,Gélule,ABC,,False,13
Annexe 1 — Medicaments Essentiels,Liste Principale,05,ANTIINFECTIEUX,05.04,ANTIFONGIQUES,Ketoconazole,20 mg/ml,Orale,Suspension buvable,ABC,,True,13
Annexe 1 — Medicaments Essentiels,Liste Principale,05,ANTIINFECTIEUX,05.04,ANTIFONGIQUES,Ketoconazole,200 mg,Orale,Comprimé,ABCD,,False,13
Annexe 1 — Medicaments Essentiels,Liste Principale,05,ANTIINFECTIEUX,05.04,ANTIFONGIQUES,Miconazole,1%,Cutanée,Crème,ABCD,,False,13
Annexe 1 — Medicaments Essentiels,Liste Principale,05,ANTIINFECTIEUX,05.04,ANTIFONGIQUES,Miconazole,2%,Cutanée,Crème,ABCD,,False,13
Annexe 1 — Medicaments Essentiels,Liste Principale,05,ANTIINFECTIEUX,05.04,ANTIFONGIQUES,Nystatine,500 000 UI,Orale,Comprimé,ABCD,,False,13
Annexe 1 — Medicaments Essentiels,Liste Principale,05,ANTIINFECTIEUX,05.04,ANTIFONGIQUES,Nystatine,100 000 UI,Vaginale,Ovule,ABCD,,False,13
Annexe 1 — Medicaments Essentiels,Liste Principale,05,ANTIINFECTIEUX,05.04,ANTIFONGIQUES,Nystatine,100 000 UI/ml,Orale,Suspension buvable,ABCD,,True,13
Annexe 1 — Medicaments Essentiels,Liste Principale,05,ANTIINFECTIEUX,05.04,ANTIFONGIQUES,Terbinafine,1%,Cutanée,Crème,ABC,,False,14
Annexe 1 — Medicaments Essentiels,Liste Principale,05,ANTIINFECTIEUX,05.04,ANTIFONGIQUES,Violet de gentiane,1%,Cutanéo- muqueuse,Solution pour application locale,ABCD,,False,14
Annexe 1 — Medicaments Essentiels,Liste Principale,05,ANTIINFECTIEUX,05.05,ANTIHEPATITES B OU ANTI VHB,Interféron pegylé alpha2A,180 µg/ml,Parentérale,Solution injectable,A,,False,14
Annexe 1 — Medicaments Essentiels,Liste Principale,05,ANTIINFECTIEUX,05.05,ANTIHEPATITES B OU ANTI VHB,Tenofovir,300 mg,Orale,Comprimé,ABC,,False,14
Annexe 1 — Medicaments Essentiels,Liste Principale,05,ANTIINFECTIEUX,05.06,ANTIHEPATITES C OU ANTI VHC,Daclastavir,30 mg,Orale,Comprimé,AB,,False,14
Annexe 1 — Medicaments Essentiels,Liste Principale,05,ANTIINFECTIEUX,05.06,ANTIHEPATITES C OU ANTI VHC,Daclastavir,60 mg,Orale,Comprimé,AB,,False,14
Annexe 1 — Medicaments Essentiels,Liste Principale,05,ANTIINFECTIEUX,05.06,ANTIHEPATITES C OU ANTI VHC,Ledispavir,90 mg,Orale,Comprimé,AB,,False,14
Annexe 1 — Medicaments Essentiels,Liste Principale,05,ANTIINFECTIEUX,05.06,ANTIHEPATITES C OU ANTI VHC,Ledispavir + Sofosbuvir,90 mg + 400 mg,Orale,Comprimé,AB,,False,14
Annexe 1 — Medicaments Essentiels,Liste Principale,05,ANTIINFECTIEUX,05.06,ANTIHEPATITES C OU ANTI VHC,Sofosbuvir,400 mg,Orale,Comprimé,AB,,False,14
Annexe 1 — Medicaments Essentiels,Liste Principale,05,ANTIINFECTIEUX,05.06,ANTIHEPATITES C OU ANTI VHC,Velpastavir,100 mg,Orale,Comprimé,AB,,False,14
Annexe 1 — Medicaments Essentiels,Liste Principale,05,ANTIINFECTIEUX,05.06,ANTIHEPATITES C OU ANTI VHC,Velpastavir + Sofosbuvir,400mg + 100mg,Orale,Comprimé,AB,,False,14
Annexe 1 — Medicaments Essentiels,Liste Principale,05,ANTIINFECTIEUX,05.07,ANTIONCHOCERQUIENS,Ivermectine,3 mg,Orale,Comprimé,ABCDE,,False,14
Annexe 1 — Medicaments Essentiels,Liste Principale,05,ANTIINFECTIEUX,05.08,ANTIPALUDIQUES,Amodiaquine + Artésunate,(> 14 ans) 100 mg + 270 mg,Orale,Comprimé,ABCD,,False,14
Annexe 1 — Medicaments Essentiels,Liste Principale,05,ANTIINFECTIEUX,05.08,ANTIPALUDIQUES,Amodiaquine + Artésunate,"(enft 0-11mois) 25 mg + 67,5 mg",Orale,Comprimé dispersible,ABCDE,,True,14
Annexe 1 — Medicaments Essentiels,Liste Principale,05,ANTIINFECTIEUX,05.08,ANTIPALUDIQUES,Amodiaquine + Artésunate,(enft 1-5ans) 50mg + 135mg,Orale,Comprimé dispersible,ABCDE,,True,14
Annexe 1 — Medicaments Essentiels,Liste Principale,05,ANTIINFECTIEUX,05.08,ANTIPALUDIQUES,Amodiaquine + Artésunate,(enft 6-14ans) 100mg + 270mg,Orale,Comprimé dispersible,ABCD,,True,14
Annexe 1 — Medicaments Essentiels,Liste Principale,05,ANTIINFECTIEUX,05.08,ANTIPALUDIQUES,Artémether,20 mg/ml,Parentérale,Solution injectable,ABCD,,True,14
Annexe 1 — Medicaments Essentiels,Liste Principale,05,ANTIINFECTIEUX,05.08,ANTIPALUDIQUES,Artémether,40 mg/ml,Parentérale,Solution injectable,ABCD,,False,14
Annexe 1 — Medicaments Essentiels,Liste Principale,05,ANTIINFECTIEUX,05.08,ANTIPALUDIQUES,Artémether,80 mg/ml,Parentérale,Solution injectable,ABCD,,False,14
Annexe 1 — Medicaments Essentiels,Liste Principale,05,ANTIINFECTIEUX,05.08,ANTIPALUDIQUES,Artémether + Luméfantrine,20 mg + 120 mg,Orale,Comprimé,ABCDE,,True,14
Annexe 1 — Medicaments Essentiels,Liste Principale,05,ANTIINFECTIEUX,05.08,ANTIPALUDIQUES,Artémether + Luméfantrine,40 mg + 240 mg,Orale,Comprimé,ABCDE,,True,14
Annexe 1 — Medicaments Essentiels,Liste Principale,05,ANTIINFECTIEUX,05.08,ANTIPALUDIQUES,Artémether + Luméfantrine,80 mg + 480 mg,Orale,Comprimé,ABCD,,False,14
Annexe 1 — Medicaments Essentiels,Liste Principale,05,ANTIINFECTIEUX,05.08,ANTIPALUDIQUES,Artésunate,100 mg,Rectale,Rectocaps/Capsule rectale,ABCDE,,True,14
Annexe 1 — Medicaments Essentiels,Liste Principale,05,ANTIINFECTIEUX,05.08,ANTIPALUDIQUES,Artésunate,60 mg,Parentérale,Poudre pour préparation injectable,ABCD,,False,14
Annexe 1 — Medicaments Essentiels,Liste Principale,05,ANTIINFECTIEUX,05.08,ANTIPALUDIQUES,Artésunate,30 mg,Parentérale,Poudre pour préparation injectable,ABCD,,False,14
Annexe 1 — Medicaments Essentiels,Liste Principale,05,ANTIINFECTIEUX,05.08,ANTIPALUDIQUES,Artésunate,120 mg,Parentérale,Poudre pour préparation injectable,ABCD,,False,14
Annexe 1 — Medicaments Essentiels,Liste Principale,05,ANTIINFECTIEUX,05.08,ANTIPALUDIQUES,Artésunate + Pyronaridine,60mg + 180 mg,Orale,Comprimé,ABCD,,False,14
Annexe 1 — Medicaments Essentiels,Liste Principale,05,ANTIINFECTIEUX,05.08,ANTIPALUDIQUES,Piperaquine + Dihydroartémisinine,20 mg + 160 mg,Orale,Comprimé,ABCD,,False,14
Annexe 1 — Medicaments Essentiels,Liste Principale,05,ANTIINFECTIEUX,05.08,ANTIPALUDIQUES,Piperaquine + Dihydroartémisinine,40 mg + 320 mg,Orale,Comprimé,ABCD,,False,14
Annexe 1 — Medicaments Essentiels,Liste Principale,05,ANTIINFECTIEUX,05.08,ANTIPALUDIQUES,Piperaquine + Dihydroartémisinine,80 mg + 640 mg,Orale,Comprimé,ABCD,,False,14
Annexe 1 — Medicaments Essentiels,Liste Principale,05,ANTIINFECTIEUX,05.08,ANTIPALUDIQUES,Quinine (base),125 mg orale,Orale,Comprimé,ABCD,,False,14
Annexe 1 — Medicaments Essentiels,Liste Principale,05,ANTIINFECTIEUX,05.08,ANTIPALUDIQUES,Quinine (base),250 mg,Orale,Comprimé,ABCD,,False,14
Annexe 1 — Medicaments Essentiels,Liste Principale,05,ANTIINFECTIEUX,05.08,ANTIPALUDIQUES,Quinine (base),500 mg,Orale,Comprimé,ABCD,,False,14
Annexe 1 — Medicaments Essentiels,Liste Principale,05,ANTIINFECTIEUX,05.08,ANTIPALUDIQUES,Quinine résorcine,200 mg/2ml,Parentérale,Solution injectable,ABC,,True,14
Annexe 1 — Medicaments Essentiels,Liste Principale,05,ANTIINFECTIEUX,05.08,ANTIPALUDIQUES,Quinine résorcine,400 mg/4ml,Parentérale,Solution injectable,ABC,,False,14
Annexe 1 — Medicaments Essentiels,Liste Principale,05,ANTIINFECTIEUX,05.08,ANTIPALUDIQUES,Sulfadoxine/Pyriméthamine,"250 mg/12,5 mg",Orale,Comprimé,ABCD,,False,14
Annexe 1 — Medicaments Essentiels,Liste Principale,05,ANTIINFECTIEUX,05.08,ANTIPALUDIQUES,Sulfadoxine/Pyriméthamine,500 mg/25 mg,Orale,Comprimé,ABCD,,False,14
Annexe 1 — Medicaments Essentiels,Liste Principale,05,ANTIINFECTIEUX,05.09,ANTITUBERCULEUX,Acide paraaminosalicylique (PAS),4 g,Orale,Granulé en sachet,AB,,False,15
Annexe 1 — Medicaments Essentiels,Liste Principale,05,ANTIINFECTIEUX,05.09,ANTITUBERCULEUX,Bédaquiline,20 mg,Orale,Comprimé,AB,,True,15
Annexe 1 — Medicaments Essentiels,Liste Principale,05,ANTIINFECTIEUX,05.09,ANTITUBERCULEUX,Bédaquiline,100 mg,Orale,Comprimé,AB,,False,15
Annexe 1 — Medicaments Essentiels,Liste Principale,05,ANTIINFECTIEUX,05.09,ANTITUBERCULEUX,Clofazimine,50 mg,Orale,Gélule,AB,,True,15
Annexe 1 — Medicaments Essentiels,Liste Principale,05,ANTIINFECTIEUX,05.09,ANTITUBERCULEUX,Clofazimine,100 mg,Orale,Gélule,AB,,False,15
Annexe 1 — Medicaments Essentiels,Liste Principale,05,ANTIINFECTIEUX,05.09,ANTITUBERCULEUX,Délamanide,25 mg,Orale,Comprimé,AB,,True,15
Annexe 1 — Medicaments Essentiels,Liste Principale,05,ANTIINFECTIEUX,05.09,ANTITUBERCULEUX,Délamanide,50 mg,Orale,Comprimé,AB,,False,15
Annexe 1 — Medicaments Essentiels,Liste Principale,05,ANTIINFECTIEUX,05.09,ANTITUBERCULEUX,Ethambutol,400 mg,Orale,Comprimé,AB,,False,15
Annexe 1 — Medicaments Essentiels,Liste Principale,05,ANTIINFECTIEUX,05.09,ANTITUBERCULEUX,Ethionamide,250 mg,Orale,Comprimé,AB,,False,15
Annexe 1 — Medicaments Essentiels,Liste Principale,05,ANTIINFECTIEUX,05.09,ANTITUBERCULEUX,Ethionamide,125 mg,Orale,Comprimé,AB,,True,15
Annexe 1 — Medicaments Essentiels,Liste Principale,05,ANTIINFECTIEUX,05.09,ANTITUBERCULEUX,Isoniazide,100 mg,Orale,Comprimé,ABCD,,False,15
Annexe 1 — Medicaments Essentiels,Liste Principale,05,ANTIINFECTIEUX,05.09,ANTITUBERCULEUX,Isoniazide,300 mg,Orale,Comprimé,AB,,False,15
Annexe 1 — Medicaments Essentiels,Liste Principale,05,ANTIINFECTIEUX,05.09,ANTITUBERCULEUX,Isoniazide + Rifapentine,300mg + 300mg,Orale,Comprimé,ABCD,,False,15
Annexe 1 — Medicaments Essentiels,Liste Principale,05,ANTIINFECTIEUX,05.09,ANTITUBERCULEUX,Linézolide,150 mg,Orale,Comprimé,AB,,True,15
Annexe 1 — Medicaments Essentiels,Liste Principale,05,ANTIINFECTIEUX,05.09,ANTITUBERCULEUX,Linézolide,600 mg,Orale,Comprimé,AB,,False,15
Annexe 1 — Medicaments Essentiels,Liste Principale,05,ANTIINFECTIEUX,05.09,ANTITUBERCULEUX,Moxifloxacine,400 mg,Orale,Comprimé,AB,,False,15
Annexe 1 — Medicaments Essentiels,Liste Principale,05,ANTIINFECTIEUX,05.09,ANTITUBERCULEUX,Prétonamide,200 mg,Orale,Comprimé,AB,,False,15
Annexe 1 — Medicaments Essentiels,Liste Principale,05,ANTIINFECTIEUX,05.09,ANTITUBERCULEUX,Prothionamide,250 mg,Orale,Comprimé,AB,,False,15
Annexe 1 — Medicaments Essentiels,Liste Principale,05,ANTIINFECTIEUX,05.09,ANTITUBERCULEUX,Pyrazinamide,150 mg,Orale,Comprimé,AB,,True,15
Annexe 1 — Medicaments Essentiels,Liste Principale,05,ANTIINFECTIEUX,05.09,ANTITUBERCULEUX,Pyrazinamide,400 mg,Orale,Comprimé,AB,,False,15
Annexe 1 — Medicaments Essentiels,Liste Principale,05,ANTIINFECTIEUX,05.09,ANTITUBERCULEUX,Rifampicine,150 mg,Orale,Comprimé,AB,,False,15
Annexe 1 — Medicaments Essentiels,Liste Principale,05,ANTIINFECTIEUX,05.09,ANTITUBERCULEUX,Rifampicine + Isoniazide,150mg + 75mg,Orale,Comprimé,ABCD,,False,15
Annexe 1 — Medicaments Essentiels,Liste Principale,05,ANTIINFECTIEUX,05.09,ANTITUBERCULEUX,Rifampicine + Isoniazide,75mg + 50 mg,Orale,Comprimé,ABCD,,False,15
Annexe 1 — Medicaments Essentiels,Liste Principale,05,ANTIINFECTIEUX,05.09,ANTITUBERCULEUX,Rifampicine + Isoniazide + Pyrazinamide,75mg + 50mg + 150mg,Orale,Comprimé,ABCD,,False,15
Annexe 1 — Medicaments Essentiels,Liste Principale,05,ANTIINFECTIEUX,05.09,ANTITUBERCULEUX,Rifampicine + Isoniazide + Pyrazinamide + Ethambutol,150mg + 75mg + 400mg + 275mg,Orale,Comprimé,ABCD,,False,15
Annexe 1 — Medicaments Essentiels,Liste Principale,05,ANTIINFECTIEUX,05.09,ANTITUBERCULEUX,Rifapentine,150 mg,Orale,Comprimé,ABCD,,False,15
Annexe 1 — Medicaments Essentiels,Liste Principale,05,ANTIINFECTIEUX,05.10,SCHISTOSOMICIDES,Praziquantel,600 mg,Orale,Comprimé,ABCD,,False,15
Annexe 1 — Medicaments Essentiels,Liste Principale,05,ANTIINFECTIEUX,05.11,TRYPANOCIDES,Eflornithine,200 mg/ml,Parentérale,Solution injectable,ABC,,False,15
Annexe 1 — Medicaments Essentiels,Liste Principale,05,ANTIINFECTIEUX,05.11,TRYPANOCIDES,Nifurtimox,120 mg,Orale,Comprimé,ABC,,False,15
Annexe 1 — Medicaments Essentiels,Liste Principale,05,ANTIINFECTIEUX,05.11,TRYPANOCIDES,Pentamidine base,200 mg,Pulmonaire Parentérale,Poudre pour aérosol Préparation injectable,ABC,,False,15
Annexe 1 — Medicaments Essentiels,Liste Principale,05,ANTIINFECTIEUX,05.12,ANTILEPREUX,Rifampicine + Clofazimine + DAPSONE,150mg + 50mg + 50mg,Orale,Comprimé,ABC,,False,15
Annexe 1 — Medicaments Essentiels,Liste Principale,05,ANTIINFECTIEUX,05.12,ANTILEPREUX,Rifampicine + Dapsone,150 mg + 50mg,Orale,Comprimé,ABC,,False,15
Annexe 1 — Medicaments Essentiels,Liste Principale,05,ANTIINFECTIEUX,05.12,ANTILEPREUX,Rifampicine + Dapsone,300mg + 100mg,Orale,Comprimé,ABC,,False,15
Annexe 1 — Medicaments Essentiels,Liste Principale,05,ANTIINFECTIEUX,05.12,ANTILEPREUX,Rifampicine + Clofazimine + DAPSONE,300mg + 100mg + 100mg,Orale,Comprimé,ABC,,False,15
Annexe 1 — Medicaments Essentiels,Liste Principale,06,ANTIINFLAMMATOIRES,06.01,ANTIINFLAMMATOIRES NON STEROIDIENS,Aceclofenac,100 mg,Orale,Comprimé,ABCD,,False,15
Annexe 1 — Medicaments Essentiels,Liste Principale,06,ANTIINFLAMMATOIRES,06.01,ANTIINFLAMMATOIRES NON STEROIDIENS,Acide niflumique ou Acide méfénamique,400 mg ou 500 mg,Rectale,Suppositoire,ABCD,,False,15
Annexe 1 — Medicaments Essentiels,Liste Principale,06,ANTIINFLAMMATOIRES,06.01,ANTIINFLAMMATOIRES NON STEROIDIENS,Acide niflumique ou Acide méfénamique,250 mg,Orale,Gélule,ABCD,,False,15
Annexe 1 — Medicaments Essentiels,Liste Principale,06,ANTIINFLAMMATOIRES,06.01,ANTIINFLAMMATOIRES NON STEROIDIENS,Celecoxib,100 mg,Orale,Gélule,ABCD,,False,15
Annexe 1 — Medicaments Essentiels,Liste Principale,06,ANTIINFLAMMATOIRES,06.01,ANTIINFLAMMATOIRES NON STEROIDIENS,Celecoxib,200 mg,Orale,Gélule,ABCD,,False,15
Annexe 1 — Medicaments Essentiels,Liste Principale,06,ANTIINFLAMMATOIRES,06.01,ANTIINFLAMMATOIRES NON STEROIDIENS,Diclofénac ou kétoprofène ou Piroxicam,100 mg ou 100 mg ou 10 mg,Rectale,Suppositoire,ABC,,False,15
Annexe 1 — Medicaments Essentiels,Liste Principale,06,ANTIINFLAMMATOIRES,06.01,ANTIINFLAMMATOIRES NON STEROIDIENS,Diclofénac ou kétoprofène ou Piroxicam,50 mg ou 50 mg ou 20 mg,Rectale,Suppositoire,ABC,,False,16
Annexe 1 — Medicaments Essentiels,Liste Principale,06,ANTIINFLAMMATOIRES,06.01,ANTIINFLAMMATOIRES NON STEROIDIENS,Ibuprofène,20 mg/ml,Orale,Suspension buvable,ABCD,,True,16
Annexe 1 — Medicaments Essentiels,Liste Principale,06,ANTIINFLAMMATOIRES,06.01,ANTIINFLAMMATOIRES NON STEROIDIENS,Ibuprofène,200 mg,Orale,Comprimé,ABCD,,False,16
Annexe 1 — Medicaments Essentiels,Liste Principale,06,ANTIINFLAMMATOIRES,06.01,ANTIINFLAMMATOIRES NON STEROIDIENS,Ibuprofène,400 mg,Orale,Comprimé,ABCD,,False,16
Annexe 1 — Medicaments Essentiels,Liste Principale,06,ANTIINFLAMMATOIRES,06.02,CORTICOIDES,Bétaméthasone,"0,05%",Cutanée,Crème,ABC,,False,16
Annexe 1 — Medicaments Essentiels,Liste Principale,06,ANTIINFLAMMATOIRES,06.02,CORTICOIDES,Bétaméthasone,"0,10%",Cutanée,Pommade,ABC,,False,16
Annexe 1 — Medicaments Essentiels,Liste Principale,06,ANTIINFLAMMATOIRES,06.02,CORTICOIDES,Bétaméthasone,"0,10%",Cutanée,Crème,ABC,,False,16
Annexe 1 — Medicaments Essentiels,Liste Principale,06,ANTIINFLAMMATOIRES,06.02,CORTICOIDES,Bétaméthasone,4 mg/ml,Parentérale,Solution injectable,ABC,,False,16
Annexe 1 — Medicaments Essentiels,Liste Principale,06,ANTIINFLAMMATOIRES,06.02,CORTICOIDES,Bétaméthasone,2 mg,Orale,Comprimé,ABC,,False,16
Annexe 1 — Medicaments Essentiels,Liste Principale,06,ANTIINFLAMMATOIRES,06.02,CORTICOIDES,Budésonide,"0,5 mg/2ml",Pulmonaire,Suspension pour inhalation,ABC,,False,16
Annexe 1 — Medicaments Essentiels,Liste Principale,06,ANTIINFLAMMATOIRES,06.02,CORTICOIDES,Hydrocortisone,"0,10%",Cutanée,Pommade,ABC,,False,16
Annexe 1 — Medicaments Essentiels,Liste Principale,06,ANTIINFLAMMATOIRES,06.02,CORTICOIDES,Hydrocortisone,100 mg/ml,Parentérale,Solution injectable,ABC,,False,16
Annexe 1 — Medicaments Essentiels,Liste Principale,06,ANTIINFLAMMATOIRES,06.02,CORTICOIDES,Méthylprednisolone,20 mg/ml,Parentérale,Solution injectable,ABC,,False,16
Annexe 1 — Medicaments Essentiels,Liste Principale,06,ANTIINFLAMMATOIRES,06.02,CORTICOIDES,Méthylprednisolone,120 mg/ml,Parentérale,Solution injectable,ABC,,False,16
Annexe 1 — Medicaments Essentiels,Liste Principale,06,ANTIINFLAMMATOIRES,06.02,CORTICOIDES,Méthylprednisolone,40 mg/ml,Parentérale,Solution injectable,ABC,,False,16
Annexe 1 — Medicaments Essentiels,Liste Principale,06,ANTIINFLAMMATOIRES,06.02,CORTICOIDES,Méthylprednisolone,125 mg/ml,Parentérale,Solution injectable,ABC,,False,16
Annexe 1 — Medicaments Essentiels,Liste Principale,06,ANTIINFLAMMATOIRES,06.02,CORTICOIDES,Prednisone,20 mg,Orale,Comprimé,ABC,,False,16
Annexe 1 — Medicaments Essentiels,Liste Principale,06,ANTIINFLAMMATOIRES,06.02,CORTICOIDES,Prednisone,5 mg,Orale,Comprimé,ABC,,False,16
Annexe 1 — Medicaments Essentiels,Liste Principale,06,ANTIINFLAMMATOIRES,06.02,CORTICOIDES,Triamcinolone,40 mg/ml,Parentérale,Suspension injectable,AB,,False,16
Annexe 1 — Medicaments Essentiels,Liste Principale,06,ANTIINFLAMMATOIRES,06.02,CORTICOIDES,Triamcinolone,80 mg/ml,Parentérale,Suspension injectable,AB,,False,16
Annexe 1 — Medicaments Essentiels,Liste Principale,06,ANTIINFLAMMATOIRES,06.03,MYORELAXANTS,Baclofène,10 mg,Orale,Comprimé,AB,,False,16
Annexe 1 — Medicaments Essentiels,Liste Principale,06,ANTIINFLAMMATOIRES,06.03,MYORELAXANTS,Baclofène,5 mg,Orale,Comprimé,AB,,False,16
Annexe 1 — Medicaments Essentiels,Liste Principale,06,ANTIINFLAMMATOIRES,06.03,MYORELAXANTS,Mephénézine,"10,00%",Cutanée,Pommade,ABC,,False,16
Annexe 1 — Medicaments Essentiels,Liste Principale,06,ANTIINFLAMMATOIRES,06.03,MYORELAXANTS,Mephénézine,500 mg,Orale,Comprimé,ABC,,False,16
Annexe 1 — Medicaments Essentiels,Liste Principale,06,ANTIINFLAMMATOIRES,06.03,MYORELAXANTS,Thiocolchicoside,4 mg/2 ml,Parentérale,Solution injectable,ABC,,False,16
Annexe 1 — Medicaments Essentiels,Liste Principale,06,ANTIINFLAMMATOIRES,06.03,MYORELAXANTS,Thiocolchicoside,4 mg,Orale,Comprimé,ABC,,False,16
Annexe 1 — Medicaments Essentiels,Liste Principale,06,ANTIINFLAMMATOIRES,06.03,MYORELAXANTS,Toxine botulinique type A,50 UI,Parentérale,Poudre pour préparation injectable,A,,False,16
Annexe 1 — Medicaments Essentiels,Liste Principale,06,ANTIINFLAMMATOIRES,06.03,MYORELAXANTS,Toxine botulinique type A,100 UI,Parentérale,Poudre pour préparation injectable,A,,False,16
Annexe 1 — Medicaments Essentiels,Liste Principale,06,ANTIINFLAMMATOIRES,06.03,MYORELAXANTS,Toxine botulinique type A,200 UI,Parentérale,Poudre pour préparation injectable,A,,False,16
Annexe 1 — Medicaments Essentiels,Liste Principale,07,ANTICANCEREUX ET MÉDICAMENTS ASSOCIÉS,07.01,ANTICANCEREUX,5-Fluoro-uracile,1 g/20 ml,Parentérale,Solution injectable,A,,False,16
Annexe 1 — Medicaments Essentiels,Liste Principale,07,ANTICANCEREUX ET MÉDICAMENTS ASSOCIÉS,07.01,ANTICANCEREUX,5-Fluoro-uracile,500 mg/10 ml,Parentérale,Solution injectable,A,,False,16
Annexe 1 — Medicaments Essentiels,Liste Principale,07,ANTICANCEREUX ET MÉDICAMENTS ASSOCIÉS,07.01,ANTICANCEREUX,6-Mercaptopurine,50 mg,Orale,Comprimé,A,,False,16
Annexe 1 — Medicaments Essentiels,Liste Principale,07,ANTICANCEREUX ET MÉDICAMENTS ASSOCIÉS,07.01,ANTICANCEREUX,Actinomycine D,"0,5 mg",Parentérale,Poudre pour préparation injectable,A,,False,16
Annexe 1 — Medicaments Essentiels,Liste Principale,07,ANTICANCEREUX ET MÉDICAMENTS ASSOCIÉS,07.01,ANTICANCEREUX,Anastrozole,1 mg,Orale,Comprimé,A,,False,16
Annexe 1 — Medicaments Essentiels,Liste Principale,07,ANTICANCEREUX ET MÉDICAMENTS ASSOCIÉS,07.01,ANTICANCEREUX,Atézolizumab,1200 mg/20 ml,Parentérale,Solution injectable,A,,False,16
Annexe 1 — Medicaments Essentiels,Liste Principale,07,ANTICANCEREUX ET MÉDICAMENTS ASSOCIÉS,07.01,ANTICANCEREUX,Atézolizumab,840 mg/14 ml,Parentérale,Solution injectable,A,,False,16
Annexe 1 — Medicaments Essentiels,Liste Principale,07,ANTICANCEREUX ET MÉDICAMENTS ASSOCIÉS,07.01,ANTICANCEREUX,Bévacizumab,100 mg/4 ml,Parentérale,Solution injectable,A,,False,16
Annexe 1 — Medicaments Essentiels,Liste Principale,07,ANTICANCEREUX ET MÉDICAMENTS ASSOCIÉS,07.01,ANTICANCEREUX,Bévacizumab,400 mg/16 ml,Parentérale,Solution injectable,A,,False,16
Annexe 1 — Medicaments Essentiels,Liste Principale,07,ANTICANCEREUX ET MÉDICAMENTS ASSOCIÉS,07.01,ANTICANCEREUX,Bicalutamide,50 mg,Orale,Comprimé,A,,False,16
Annexe 1 — Medicaments Essentiels,Liste Principale,07,ANTICANCEREUX ET MÉDICAMENTS ASSOCIÉS,07.01,ANTICANCEREUX,Bléomycine,15 mg,Parentérale,Poudre pour préparation injectable,AB,,False,16
Annexe 1 — Medicaments Essentiels,Liste Principale,07,ANTICANCEREUX ET MÉDICAMENTS ASSOCIÉS,07.01,ANTICANCEREUX,Capécitabine,500 mg,Orale,Comprimé,A,,False,16
Annexe 1 — Medicaments Essentiels,Liste Principale,07,ANTICANCEREUX ET MÉDICAMENTS ASSOCIÉS,07.01,ANTICANCEREUX,Carboplatine,150 mg/15 ml,Parentérale,Solution injectable,A,,False,16
Annexe 1 — Medicaments Essentiels,Liste Principale,07,ANTICANCEREUX ET MÉDICAMENTS ASSOCIÉS,07.01,ANTICANCEREUX,Carboplatine,45 mg/45 ml,Parentérale,Solution injectable,A,,False,17
Annexe 1 — Medicaments Essentiels,Liste Principale,07,ANTICANCEREUX ET MÉDICAMENTS ASSOCIÉS,07.01,ANTICANCEREUX,Carboplatine,50 mg/50 ml,Parentérale,Solution injectable,A,,False,17
Annexe 1 — Medicaments Essentiels,Liste Principale,07,ANTICANCEREUX ET MÉDICAMENTS ASSOCIÉS,07.01,ANTICANCEREUX,Carboplatine,25 mg/25 ml,Parentérale,Solution injectable,A,,False,17
Annexe 1 — Medicaments Essentiels,Liste Principale,07,ANTICANCEREUX ET MÉDICAMENTS ASSOCIÉS,07.01,ANTICANCEREUX,Cyclophosphamide,1 g,Parentérale,Poudre pour préparation injectable,A,,False,17
Annexe 1 — Medicaments Essentiels,Liste Principale,07,ANTICANCEREUX ET MÉDICAMENTS ASSOCIÉS,07.01,ANTICANCEREUX,Cyclophosphamide,1000 mg,Parentérale,Solution injectable,A,,False,17
Annexe 1 — Medicaments Essentiels,Liste Principale,07,ANTICANCEREUX ET MÉDICAMENTS ASSOCIÉS,07.01,ANTICANCEREUX,Cyclophosphamide,500 mg,Parentérale,Solution injectable,A,,False,17
Annexe 1 — Medicaments Essentiels,Liste Principale,07,ANTICANCEREUX ET MÉDICAMENTS ASSOCIÉS,07.01,ANTICANCEREUX,Cyclophosphamide,50 mg,Orale,Comprimé,A,,False,17
Annexe 1 — Medicaments Essentiels,Liste Principale,07,ANTICANCEREUX ET MÉDICAMENTS ASSOCIÉS,07.01,ANTICANCEREUX,Cyprotérone acétate,50 mg,Orale,Comprimé,A,,False,17
Annexe 1 — Medicaments Essentiels,Liste Principale,07,ANTICANCEREUX ET MÉDICAMENTS ASSOCIÉS,07.01,ANTICANCEREUX,Cytarabine,1 g,Parentérale,Poudre pour préparation injectable,A,,False,17
Annexe 1 — Medicaments Essentiels,Liste Principale,07,ANTICANCEREUX ET MÉDICAMENTS ASSOCIÉS,07.01,ANTICANCEREUX,Cytarabine,100 mg,Parentérale,Poudre pour préparation injectable,A,,False,17
Annexe 1 — Medicaments Essentiels,Liste Principale,07,ANTICANCEREUX ET MÉDICAMENTS ASSOCIÉS,07.01,ANTICANCEREUX,Cytarabine,40 mg,Parentérale,Poudre pour préparation injectable,A,,False,17
Annexe 1 — Medicaments Essentiels,Liste Principale,07,ANTICANCEREUX ET MÉDICAMENTS ASSOCIÉS,07.01,ANTICANCEREUX,Dacarbazine,100 mg,Parentérale,Solution injectable,A,,False,17
Annexe 1 — Medicaments Essentiels,Liste Principale,07,ANTICANCEREUX ET MÉDICAMENTS ASSOCIÉS,07.01,ANTICANCEREUX,Daunorubicine,20 mg,Parentérale,Poudre pour préparation injectable,A,,False,17
Annexe 1 — Medicaments Essentiels,Liste Principale,07,ANTICANCEREUX ET MÉDICAMENTS ASSOCIÉS,07.01,ANTICANCEREUX,Docétaxel,80 mg/2 ml,Parentérale,Solution injectable,A,,False,17
Annexe 1 — Medicaments Essentiels,Liste Principale,07,ANTICANCEREUX ET MÉDICAMENTS ASSOCIÉS,07.01,ANTICANCEREUX,Doxorubicine,10 mg,Parentérale,Poudre pour préparation injectable,A,,False,17
Annexe 1 — Medicaments Essentiels,Liste Principale,07,ANTICANCEREUX ET MÉDICAMENTS ASSOCIÉS,07.01,ANTICANCEREUX,Doxorubicine,50 mg,Parentérale,Poudre pour préparation injectable,A,,False,17
Annexe 1 — Medicaments Essentiels,Liste Principale,07,ANTICANCEREUX ET MÉDICAMENTS ASSOCIÉS,07.01,ANTICANCEREUX,Epirubicine,10 mg/5 ml,Parentérale,Solution injectable,A,,False,17
Annexe 1 — Medicaments Essentiels,Liste Principale,07,ANTICANCEREUX ET MÉDICAMENTS ASSOCIÉS,07.01,ANTICANCEREUX,Epirubicine,50 mg 25 ml,Parentérale,Solution injectable,A,,False,17
Annexe 1 — Medicaments Essentiels,Liste Principale,07,ANTICANCEREUX ET MÉDICAMENTS ASSOCIÉS,07.01,ANTICANCEREUX,Erlotinib,100 mg,Orale,Comprimé,A,,False,17
Annexe 1 — Medicaments Essentiels,Liste Principale,07,ANTICANCEREUX ET MÉDICAMENTS ASSOCIÉS,07.01,ANTICANCEREUX,Erlotinib,150 mg,Orale,Comprimé,A,,False,17
Annexe 1 — Medicaments Essentiels,Liste Principale,07,ANTICANCEREUX ET MÉDICAMENTS ASSOCIÉS,07.01,ANTICANCEREUX,Gemcitabine,1 g,Parentérale,Poudre pour préparation injectable,A,,False,17
Annexe 1 — Medicaments Essentiels,Liste Principale,07,ANTICANCEREUX ET MÉDICAMENTS ASSOCIÉS,07.01,ANTICANCEREUX,Goséréline,"10,8 mg",Sous-Cutanée,Implant,A,,False,17
Annexe 1 — Medicaments Essentiels,Liste Principale,07,ANTICANCEREUX ET MÉDICAMENTS ASSOCIÉS,07.01,ANTICANCEREUX,Goséréline,"3,6 mg",Sous-Cutanée,Implant,A,,False,17
Annexe 1 — Medicaments Essentiels,Liste Principale,07,ANTICANCEREUX ET MÉDICAMENTS ASSOCIÉS,07.01,ANTICANCEREUX,Hydroxycarbamide ou Hydroxyurée,500 mg,Orale,Gélule,A,,False,17
Annexe 1 — Medicaments Essentiels,Liste Principale,07,ANTICANCEREUX ET MÉDICAMENTS ASSOCIÉS,07.01,ANTICANCEREUX,Ifosfamide,2 g /50 ml,Parentérale,Solution injectable,A,,False,17
Annexe 1 — Medicaments Essentiels,Liste Principale,07,ANTICANCEREUX ET MÉDICAMENTS ASSOCIÉS,07.01,ANTICANCEREUX,Ifosfamide,1 g /25 ml,Parentérale,Solution injectable,A,,False,17
Annexe 1 — Medicaments Essentiels,Liste Principale,07,ANTICANCEREUX ET MÉDICAMENTS ASSOCIÉS,07.01,ANTICANCEREUX,Irinotécan,100 mg/5 ml,Parentérale,Solution injectable,A,,False,17
Annexe 1 — Medicaments Essentiels,Liste Principale,07,ANTICANCEREUX ET MÉDICAMENTS ASSOCIÉS,07.01,ANTICANCEREUX,L-asparaginase,10 000 UI,Parentérale,Poudre pour préparation injectable,A,,False,17
Annexe 1 — Medicaments Essentiels,Liste Principale,07,ANTICANCEREUX ET MÉDICAMENTS ASSOCIÉS,07.01,ANTICANCEREUX,Melphalan,2 mg,Orale,Comprimé,A,,False,17
Annexe 1 — Medicaments Essentiels,Liste Principale,07,ANTICANCEREUX ET MÉDICAMENTS ASSOCIÉS,07.01,ANTICANCEREUX,Méthotrexate,500 mg/20 ml,Parentérale,Solution injectable,A,,False,17
Annexe 1 — Medicaments Essentiels,Liste Principale,07,ANTICANCEREUX ET MÉDICAMENTS ASSOCIÉS,07.01,ANTICANCEREUX,Méthotrexate,"20 mg/0,4 ml",Parentérale,Solution injectable,A,,False,17
Annexe 1 — Medicaments Essentiels,Liste Principale,07,ANTICANCEREUX ET MÉDICAMENTS ASSOCIÉS,07.01,ANTICANCEREUX,Méthotrexate,"2,5 mg",Orale,Comprimé,AB,,False,17
Annexe 1 — Medicaments Essentiels,Liste Principale,07,ANTICANCEREUX ET MÉDICAMENTS ASSOCIÉS,07.01,ANTICANCEREUX,Méthotrexate,50 mg/ml,Parentérale,Solution injectable,A,,False,17
Annexe 1 — Medicaments Essentiels,Liste Principale,07,ANTICANCEREUX ET MÉDICAMENTS ASSOCIÉS,07.01,ANTICANCEREUX,Mitomycine,20 mg,Parentérale,Poudre pour préparation injectable,A,,False,17
Annexe 1 — Medicaments Essentiels,Liste Principale,07,ANTICANCEREUX ET MÉDICAMENTS ASSOCIÉS,07.01,ANTICANCEREUX,Oxaliplatine,100 mg,Parentérale,Lyophilisat pour préparation injectable,A,,False,17
Annexe 1 — Medicaments Essentiels,Liste Principale,07,ANTICANCEREUX ET MÉDICAMENTS ASSOCIÉS,07.01,ANTICANCEREUX,Oxaliplatine,50 mg,Parentérale,Lyophilisat pour préparation injectable,A,,False,17
Annexe 1 — Medicaments Essentiels,Liste Principale,07,ANTICANCEREUX ET MÉDICAMENTS ASSOCIÉS,07.01,ANTICANCEREUX,Paclitaxel,100 mg/17 ml,Parentérale,Solution injectable,A,,False,17
Annexe 1 — Medicaments Essentiels,Liste Principale,07,ANTICANCEREUX ET MÉDICAMENTS ASSOCIÉS,07.01,ANTICANCEREUX,Pertuzumab,420 mg/14 ml,Parentérale,Solution injectable,A,,False,17
Annexe 1 — Medicaments Essentiels,Liste Principale,07,ANTICANCEREUX ET MÉDICAMENTS ASSOCIÉS,07.01,ANTICANCEREUX,Rituximab,100 mg,Parentérale,Solution injectable,A,,False,17
Annexe 1 — Medicaments Essentiels,Liste Principale,07,ANTICANCEREUX ET MÉDICAMENTS ASSOCIÉS,07.01,ANTICANCEREUX,Rituximab,500 mg,Parentérale,Solution injectable,A,,False,18
Annexe 1 — Medicaments Essentiels,Liste Principale,07,ANTICANCEREUX ET MÉDICAMENTS ASSOCIÉS,07.01,ANTICANCEREUX,Rituximab,"1400 mg/11,7 ml",Parentérale,Solution injectable,A,,False,18
Annexe 1 — Medicaments Essentiels,Liste Principale,07,ANTICANCEREUX ET MÉDICAMENTS ASSOCIÉS,07.01,ANTICANCEREUX,Sorafenib,200 mg,Orale,Comprimé,A,,False,18
Annexe 1 — Medicaments Essentiels,Liste Principale,07,ANTICANCEREUX ET MÉDICAMENTS ASSOCIÉS,07.01,ANTICANCEREUX,Tamoxifène,10 mg,Orale,Comprimé,A,,False,18
Annexe 1 — Medicaments Essentiels,Liste Principale,07,ANTICANCEREUX ET MÉDICAMENTS ASSOCIÉS,07.01,ANTICANCEREUX,Trastuzumab,600 mg/5 ml,Parentérale,Solution injectable,A,,False,18
Annexe 1 — Medicaments Essentiels,Liste Principale,07,ANTICANCEREUX ET MÉDICAMENTS ASSOCIÉS,07.01,ANTICANCEREUX,Trastuzumab,100 mg/15 ml,Parentérale,Solution injectable,A,,False,18
Annexe 1 — Medicaments Essentiels,Liste Principale,07,ANTICANCEREUX ET MÉDICAMENTS ASSOCIÉS,07.01,ANTICANCEREUX,Trastuzumab,160 mg/20 ml,Parentérale,Solution injectable,A,,False,18
Annexe 1 — Medicaments Essentiels,Liste Principale,07,ANTICANCEREUX ET MÉDICAMENTS ASSOCIÉS,07.01,ANTICANCEREUX,Triptoréline LP,"11,25 mg",Parentérale,Poudre pour préparation injectable,A,,False,18
Annexe 1 — Medicaments Essentiels,Liste Principale,07,ANTICANCEREUX ET MÉDICAMENTS ASSOCIÉS,07.01,ANTICANCEREUX,Triptoréline LP,"3,75 mg",Parentérale,Poudre pour préparation injectable,A,,False,18
Annexe 1 — Medicaments Essentiels,Liste Principale,07,ANTICANCEREUX ET MÉDICAMENTS ASSOCIÉS,07.01,ANTICANCEREUX,Vinblastine,10 mg,Parentérale,Poudre pour préparation injectable,A,,False,18
Annexe 1 — Medicaments Essentiels,Liste Principale,07,ANTICANCEREUX ET MÉDICAMENTS ASSOCIÉS,07.01,ANTICANCEREUX,Vincristine,1 mg/ml,Parentérale,Solution injectable,A,,False,18
Annexe 1 — Medicaments Essentiels,Liste Principale,07,ANTICANCEREUX ET MÉDICAMENTS ASSOCIÉS,07.01,ANTICANCEREUX,Vinorelbine,10 mg/ml,Parentérale,Solution injectable,A,,False,18
Annexe 1 — Medicaments Essentiels,Liste Principale,07,ANTICANCEREUX ET MÉDICAMENTS ASSOCIÉS,07.01,ANTICANCEREUX,Vinorelbine,20 mg,Orale,Gélule,A,,False,18
Annexe 1 — Medicaments Essentiels,Liste Principale,07,ANTICANCEREUX ET MÉDICAMENTS ASSOCIÉS,07.01,ANTICANCEREUX,Vinorelbine,30 mg,Orale,Gélule,A,,False,18
Annexe 1 — Medicaments Essentiels,Liste Principale,07,ANTICANCEREUX ET MÉDICAMENTS ASSOCIÉS,07.01,ANTICANCEREUX,Vinorelbine,50 mg/5 ml,Parentérale,Solution injectable,A,,False,18
Annexe 1 — Medicaments Essentiels,Liste Principale,07,ANTICANCEREUX ET MÉDICAMENTS ASSOCIÉS,07.02,MEDICAMENTS ASSOCIES,Abiratérone,250 mg,Orale,Comprimé,A,,False,18
Annexe 1 — Medicaments Essentiels,Liste Principale,07,ANTICANCEREUX ET MÉDICAMENTS ASSOCIÉS,07.02,MEDICAMENTS ASSOCIES,Acide ibandronique,6 mg/6 ml,Parentérale,Solution injectable,A,,False,18
Annexe 1 — Medicaments Essentiels,Liste Principale,07,ANTICANCEREUX ET MÉDICAMENTS ASSOCIÉS,07.02,MEDICAMENTS ASSOCIES,Acide zolédronique,4 mg/100 ml,Parentérale,Solution injectable,A,,False,18
Annexe 1 — Medicaments Essentiels,Liste Principale,07,ANTICANCEREUX ET MÉDICAMENTS ASSOCIÉS,07.02,MEDICAMENTS ASSOCIES,Epoétine béta,"10000UI/0,6ml",Parentérale,Solution injectable,A,,False,18
Annexe 1 — Medicaments Essentiels,Liste Principale,07,ANTICANCEREUX ET MÉDICAMENTS ASSOCIÉS,07.02,MEDICAMENTS ASSOCIES,Epoétine béta,"5000UI/0,5ml",Parentérale,Solution injectable,A,,False,18
Annexe 1 — Medicaments Essentiels,Liste Principale,07,ANTICANCEREUX ET MÉDICAMENTS ASSOCIÉS,07.02,MEDICAMENTS ASSOCIES,Etoposide,100 mg/5 ml,Parentérale,Solution injectable,A,,False,18
Annexe 1 — Medicaments Essentiels,Liste Principale,07,ANTICANCEREUX ET MÉDICAMENTS ASSOCIÉS,07.02,MEDICAMENTS ASSOCIES,Filgrastim,300 µg/ml,Parentérale,Solution injectable,A,,False,18
Annexe 1 — Medicaments Essentiels,Liste Principale,07,ANTICANCEREUX ET MÉDICAMENTS ASSOCIÉS,07.02,MEDICAMENTS ASSOCIES,Folinate de calcium,100 mg,Parentérale,Poudre pour préparation injectable,A,,False,18
Annexe 1 — Medicaments Essentiels,Liste Principale,07,ANTICANCEREUX ET MÉDICAMENTS ASSOCIÉS,07.02,MEDICAMENTS ASSOCIES,Folinate de calcium,25 mg/10 ml,Parentérale,Solution injectable,A,,False,18
Annexe 1 — Medicaments Essentiels,Liste Principale,07,ANTICANCEREUX ET MÉDICAMENTS ASSOCIÉS,07.02,MEDICAMENTS ASSOCIES,Granisétron,3 mg/3 ml,Parentérale,Solution injectable,A,,False,18
Annexe 1 — Medicaments Essentiels,Liste Principale,07,ANTICANCEREUX ET MÉDICAMENTS ASSOCIÉS,07.02,MEDICAMENTS ASSOCIES,Ondansetron,4 mg/2 ml,Parentérale,Solution injectable,A,,False,18
Annexe 1 — Medicaments Essentiels,Liste Principale,07,ANTICANCEREUX ET MÉDICAMENTS ASSOCIÉS,07.02,MEDICAMENTS ASSOCIES,Uromitexan,400 mg/4 ml,Parentérale,Solution injectable,A,,False,18
Annexe 1 — Medicaments Essentiels,Liste Principale,08,ANTISEPTIQUES ET DÉSINFECTANTS HOSPITALIERS,08.01,ANTISEPTIQUES,Bleu de méthylène,1%,Dermique,Solution,ABCDE,,False,18
Annexe 1 — Medicaments Essentiels,Liste Principale,08,ANTISEPTIQUES ET DÉSINFECTANTS HOSPITALIERS,08.01,ANTISEPTIQUES,Bleu de méthylène,2%,Dermique,Solution,ABCDE,,False,18
Annexe 1 — Medicaments Essentiels,Liste Principale,08,ANTISEPTIQUES ET DÉSINFECTANTS HOSPITALIERS,08.01,ANTISEPTIQUES,Chlorhexidine (alcoolique),5%,Cutanée,Solution,ABCDE,,False,18
Annexe 1 — Medicaments Essentiels,Liste Principale,08,ANTISEPTIQUES ET DÉSINFECTANTS HOSPITALIERS,08.01,ANTISEPTIQUES,Chlorhexidine (aqueuse),2%,Cutanée,Solution,ABCDE,,False,18
Annexe 1 — Medicaments Essentiels,Liste Principale,08,ANTISEPTIQUES ET DÉSINFECTANTS HOSPITALIERS,08.01,ANTISEPTIQUES,Chlorhexidine solution moussante,5%,Cutanée,Solution,ABCDE,,False,18
Annexe 1 — Medicaments Essentiels,Liste Principale,08,ANTISEPTIQUES ET DÉSINFECTANTS HOSPITALIERS,08.01,ANTISEPTIQUES,Eau oxygénée,10 volumes,Cutanée,Solution,ABCD,,False,18
Annexe 1 — Medicaments Essentiels,Liste Principale,08,ANTISEPTIQUES ET DÉSINFECTANTS HOSPITALIERS,08.01,ANTISEPTIQUES,Eosine aqueuse,2%,Cutanée,Solution,ABCDE,,False,18
Annexe 1 — Medicaments Essentiels,Liste Principale,08,ANTISEPTIQUES ET DÉSINFECTANTS HOSPITALIERS,08.01,ANTISEPTIQUES,Ethanol,70°,Cutanée,Solution,ABCDE,,False,18
Annexe 1 — Medicaments Essentiels,Liste Principale,08,ANTISEPTIQUES ET DÉSINFECTANTS HOSPITALIERS,08.01,ANTISEPTIQUES,Ether éthylique rectifié,----,Cutanée,Solution,ABCDE,,False,18
Annexe 1 — Medicaments Essentiels,Liste Principale,08,ANTISEPTIQUES ET DÉSINFECTANTS HOSPITALIERS,08.01,ANTISEPTIQUES,Hexamidine (solution hydroalcoolique),1%,Cutanée,Solution,ABCD,,False,18
Annexe 1 — Medicaments Essentiels,Liste Principale,08,ANTISEPTIQUES ET DÉSINFECTANTS HOSPITALIERS,08.01,ANTISEPTIQUES,Hypochlorite de sodium,5%,Cutanée,Solution,ABCDE,,False,18
Annexe 1 — Medicaments Essentiels,Liste Principale,08,ANTISEPTIQUES ET DÉSINFECTANTS HOSPITALIERS,08.01,ANTISEPTIQUES,Polyvidone iodée dermique,10%,Cutanée,Solution,ABCDE,,False,18
Annexe 1 — Medicaments Essentiels,Liste Principale,08,ANTISEPTIQUES ET DÉSINFECTANTS HOSPITALIERS,08.01,ANTISEPTIQUES,Polyvidone iodée dermique moussante,4%,Cutanée,Solution,ABCDE,,False,18
Annexe 1 — Medicaments Essentiels,Liste Principale,08,ANTISEPTIQUES ET DÉSINFECTANTS HOSPITALIERS,08.01,ANTISEPTIQUES,Polyvidone iodée gynecologique,10%,Vaginale,Solution,ABCD,,False,18
Annexe 1 — Medicaments Essentiels,Liste Principale,08,ANTISEPTIQUES ET DÉSINFECTANTS HOSPITALIERS,08.01,ANTISEPTIQUES,Savon antiseptique liquide,----,Cutanée,Solution,ABCDE,,False,18
Annexe 1 — Medicaments Essentiels,Liste Principale,08,ANTISEPTIQUES ET DÉSINFECTANTS HOSPITALIERS,08.02,DÉSINFECTANTS HOSPITALIERS,Alcool iodé,1%,Cutanée,Solution,ABCD,,False,18
Annexe 1 — Medicaments Essentiels,Liste Principale,08,ANTISEPTIQUES ET DÉSINFECTANTS HOSPITALIERS,08.02,DÉSINFECTANTS HOSPITALIERS,Ammoniaque,----,---,Solution,AB,,False,19
Annexe 1 — Medicaments Essentiels,Liste Principale,08,ANTISEPTIQUES ET DÉSINFECTANTS HOSPITALIERS,08.02,DÉSINFECTANTS HOSPITALIERS,Dichloro-isocyanate de sodium,----,---,Comprimé,ABCD,,False,19
Annexe 1 — Medicaments Essentiels,Liste Principale,08,ANTISEPTIQUES ET DÉSINFECTANTS HOSPITALIERS,08.02,DÉSINFECTANTS HOSPITALIERS,Glutaraldéhyde,----,---,Solution,ABCD,,False,19
Annexe 1 — Medicaments Essentiels,Liste Principale,08,ANTISEPTIQUES ET DÉSINFECTANTS HOSPITALIERS,08.02,DÉSINFECTANTS HOSPITALIERS,Sulfadiazine argentique,1%,---,Crème,ABCD,Accès,False,19
Annexe 1 — Medicaments Essentiels,Liste Principale,08,ANTISEPTIQUES ET DÉSINFECTANTS HOSPITALIERS,08.02,DÉSINFECTANTS HOSPITALIERS,Trioxyméthylène,----,---,Comprimé,ABCD,,False,19
Annexe 1 — Medicaments Essentiels,Liste Principale,09,ANTISPASMODIQUES,09.01,ANTI-SPASMODIQUES MUSCULOTROPES,Phloroglucinol,40 mg/4 ml,Parentérale,Solution Injectable,ABCD,,False,19
Annexe 1 — Medicaments Essentiels,Liste Principale,09,ANTISPASMODIQUES,09.01,ANTI-SPASMODIQUES MUSCULOTROPES,Phloroglucinol,150 mg,Rectale,Suppositoire,ABCD,,False,19
Annexe 1 — Medicaments Essentiels,Liste Principale,09,ANTISPASMODIQUES,09.01,ANTI-SPASMODIQUES MUSCULOTROPES,Phloroglucinol,80 mg,Orale,Comprimé,ABCDE,,False,19
Annexe 1 — Medicaments Essentiels,Liste Principale,09,ANTISPASMODIQUES,09.01,ANTI-SPASMODIQUES MUSCULOTROPES,Trimébutine,50 mg/5 ml,Parentérale,Solution Injectable,ABC,,False,19
Annexe 1 — Medicaments Essentiels,Liste Principale,09,ANTISPASMODIQUES,09.01,ANTI-SPASMODIQUES MUSCULOTROPES,Trimébutine,24 mg/5 ml,Orale,Granulés Pour Suspension Buvable,ABCD,,False,19
Annexe 1 — Medicaments Essentiels,Liste Principale,09,ANTISPASMODIQUES,09.02,ANTI-SPASMODIQUES NEUROTROPES,Tiémonium,20 mg,Rectale,Suppositoire,ABCD,,False,19
Annexe 1 — Medicaments Essentiels,Liste Principale,09,ANTISPASMODIQUES,09.02,ANTI-SPASMODIQUES NEUROTROPES,Tiémonium,10 mg/5 ml,Orale,Sirop,ABCD,,False,19
Annexe 1 — Medicaments Essentiels,Liste Principale,09,ANTISPASMODIQUES,09.02,ANTI-SPASMODIQUES NEUROTROPES,Tiémonium iodure,5 mg/2 ml,Parentérale,Solution Injectable,ABCD,,False,19
Annexe 1 — Medicaments Essentiels,Liste Principale,09,ANTISPASMODIQUES,09.02,ANTI-SPASMODIQUES NEUROTROPES,Tiémonium iodure,50 mg,Orale,Comprimé,ABCDE,,False,19
Annexe 1 — Medicaments Essentiels,Liste Principale,10,ANTIRETROVIRAUX,10.01,COMBINAISONS FIXES,Abacavir + Lamivudine,600 mg + 300 mg,Orale,Comprimé,ABCD,,False,19
Annexe 1 — Medicaments Essentiels,Liste Principale,10,ANTIRETROVIRAUX,10.01,COMBINAISONS FIXES,Abacavir + Lamivudine,120 mg + 60 mg,Orale,Comprimé Dispersible,ABCD,,True,19
Annexe 1 — Medicaments Essentiels,Liste Principale,10,ANTIRETROVIRAUX,10.01,COMBINAISONS FIXES,Abacavir + Lamivudine + Dolutégravir,600 mg + 300 mg + 50 mg,Orale,Comprimé,ABCD,,False,19
Annexe 1 — Medicaments Essentiels,Liste Principale,10,ANTIRETROVIRAUX,10.01,COMBINAISONS FIXES,Atazanavir + Ritonavir,300 mg + 100 mg,Orale,Comprimé,ABCD,,False,19
Annexe 1 — Medicaments Essentiels,Liste Principale,10,ANTIRETROVIRAUX,10.01,COMBINAISONS FIXES,Dolutégravir + Lamivudine,50 mg + 300 mg,Orale,Comprimé,ABCD,,False,19
Annexe 1 — Medicaments Essentiels,Liste Principale,10,ANTIRETROVIRAUX,10.01,COMBINAISONS FIXES,Dolutégravir + Lamivudine + Ténofovir,50 mg + 300 mg + 300 mg,Orale,Comprimé,ABCD,,False,19
Annexe 1 — Medicaments Essentiels,Liste Principale,10,ANTIRETROVIRAUX,10.01,COMBINAISONS FIXES,Efavirenz + Lamivudine + Ténofovir,400mg + 300mg + 300mg,Orale,Comprimé,ABCD,,False,19
Annexe 1 — Medicaments Essentiels,Liste Principale,10,ANTIRETROVIRAUX,10.01,COMBINAISONS FIXES,Lamivudine + Ténofovir,300 mg + 300 mg,Orale,Comprimé Dispersible,ABCD,,True,19
Annexe 1 — Medicaments Essentiels,Liste Principale,10,ANTIRETROVIRAUX,10.01,COMBINAISONS FIXES,Lamivudine + Zidovudine,30 mg + 60 mg,Orale,Comprimé Dispersible,ABCD,,True,19
Annexe 1 — Medicaments Essentiels,Liste Principale,10,ANTIRETROVIRAUX,10.01,COMBINAISONS FIXES,Lamivudine + Zidovudine,150 mg + 300 mg,Orale,Comprimé,ABCD,,False,19
Annexe 1 — Medicaments Essentiels,Liste Principale,10,ANTIRETROVIRAUX,10.02,INHIBITEURS DE L’INTEGRASE,Dolutégravir,50 mg,Orale,Comprimé,ABCD,,False,19
Annexe 1 — Medicaments Essentiels,Liste Principale,10,ANTIRETROVIRAUX,10.02,INHIBITEURS DE L’INTEGRASE,Dolutégravir,10 mg,Orale,Suspension Buvable,ABCD,,True,19
Annexe 1 — Medicaments Essentiels,Liste Principale,10,ANTIRETROVIRAUX,10.02,INHIBITEURS DE L’INTEGRASE,Raltégravir,400 mg,Orale,Comprimé,ABCD,,False,19
Annexe 1 — Medicaments Essentiels,Liste Principale,10,ANTIRETROVIRAUX,10.03,INHIBITEURS DES PROTEASES,Atazanavir + Ritonavir,300 mg + 100 mg,Orale,Comprimé,ABCD,,False,19
Annexe 1 — Medicaments Essentiels,Liste Principale,10,ANTIRETROVIRAUX,10.03,INHIBITEURS DES PROTEASES,Darunavir,300 mg,Orale,Comprimé,ABCD,,False,19
Annexe 1 — Medicaments Essentiels,Liste Principale,10,ANTIRETROVIRAUX,10.03,INHIBITEURS DES PROTEASES,Lopinavir + Ritonavir,40 mg + 10 mg,Orale,Gélule,ABCD,,False,19
Annexe 1 — Medicaments Essentiels,Liste Principale,10,ANTIRETROVIRAUX,10.03,INHIBITEURS DES PROTEASES,Lopinavir + Ritonavir,100 mg + 25 mg,Orale,Comprimé,ABCD,,False,19
Annexe 1 — Medicaments Essentiels,Liste Principale,10,ANTIRETROVIRAUX,10.03,INHIBITEURS DES PROTEASES,Lopinavir + Ritonavir,200 mg + 50 mg,Orale,Comprimé,ABCD,,False,19
Annexe 1 — Medicaments Essentiels,Liste Principale,10,ANTIRETROVIRAUX,10.03,INHIBITEURS DES PROTEASES,Ritonavir,100 mg,Orale,Comprimé,ABCD,,False,19
Annexe 1 — Medicaments Essentiels,Liste Principale,10,ANTIRETROVIRAUX,10.04,INHIBITEURS NON NUCLEOSIDIQUES,Efavirenz,200 mg,Orale,Gélule,ABCD,,False,19
Annexe 1 — Medicaments Essentiels,Liste Principale,10,ANTIRETROVIRAUX,10.04,INHIBITEURS NON NUCLEOSIDIQUES,Efavirenz,200 mg,Orale,Comprimé,ABCD,,False,19
Annexe 1 — Medicaments Essentiels,Liste Principale,10,ANTIRETROVIRAUX,10.04,INHIBITEURS NON NUCLEOSIDIQUES,Névirapine,10 mg/ml,Orale,Suspension Buvable,ABCD,,True,19
Annexe 1 — Medicaments Essentiels,Liste Principale,10,ANTIRETROVIRAUX,10.05,INHIBITEURS NUCLEOSIDIQUES,Abacavir,300 mg,Orale,Comprimé,ABCD,,False,19
Annexe 1 — Medicaments Essentiels,Liste Principale,10,ANTIRETROVIRAUX,10.05,INHIBITEURS NUCLEOSIDIQUES,Emtricitabine,200 mg,Orale,Gélule,ABCD,,False,19
Annexe 1 — Medicaments Essentiels,Liste Principale,10,ANTIRETROVIRAUX,10.05,INHIBITEURS NUCLEOSIDIQUES,Lamivudine,150 mg,Orale,Comprimé,ABCD,,False,19
Annexe 1 — Medicaments Essentiels,Liste Principale,10,ANTIRETROVIRAUX,10.05,INHIBITEURS NUCLEOSIDIQUES,Lamivudine,300 mg,Orale,Comprimé,ABCD,,False,19
Annexe 1 — Medicaments Essentiels,Liste Principale,10,ANTIRETROVIRAUX,10.05,INHIBITEURS NUCLEOSIDIQUES,Zidovudine,10 mg/ml,Orale,Solution Buvable,ABCD,,True,19
Annexe 1 — Medicaments Essentiels,Liste Principale,10,ANTIRETROVIRAUX,10.05,INHIBITEURS NUCLEOSIDIQUES,Zidovudine,100 mg,Orale,Gélule,ABCD,,False,20
Annexe 1 — Medicaments Essentiels,Liste Principale,11,ANTIVIRAUX,,,Aciclovir,200 mg,Orale,Comprimé,ABC,,False,20
Annexe 1 — Medicaments Essentiels,Liste Principale,11,ANTIVIRAUX,,,Aciclovir,500 mg,Parentérale,Poudre pour préparation injectable,A,,False,20
Annexe 1 — Medicaments Essentiels,Liste Principale,11,ANTIVIRAUX,,,Aciclovir,800 mg,Orale,Comprimé,ABC,,False,20
Annexe 1 — Medicaments Essentiels,Liste Principale,11,ANTIVIRAUX,,,Aciclovir,3%,Ophtalmique,Pommade,ABC,,False,20
Annexe 1 — Medicaments Essentiels,Liste Principale,11,ANTIVIRAUX,,,Aciclovir,5%,Cutanée,Crème,ABCD,,False,20
Annexe 1 — Medicaments Essentiels,Liste Principale,11,ANTIVIRAUX,,,Valaciclovir,500 mg,Orale,Comprimé,ABC,,False,20
Annexe 1 — Medicaments Essentiels,Liste Principale,11,"ANTIVIRAUX CONTRACEPTIFS, MÉDICAMENTS DE LA GYNÉCOLOGIE ET DE L’OBSTÉTRIQUE",12.01,ANTIINFECTIEUX LOCAUX,Chlorohexedine digluconate,7%,Vaginale,Gel,ABCD,,False,20
Annexe 1 — Medicaments Essentiels,Liste Principale,11,"ANTIVIRAUX CONTRACEPTIFS, MÉDICAMENTS DE LA GYNÉCOLOGIE ET DE L’OBSTÉTRIQUE",12.02,CONTRACEPTIFS HORMONAUX,Ethinylestradiol + Désogestrel,"0,03mg +0,15mg",Orale,Comprimé,ABCD,,False,20
Annexe 1 — Medicaments Essentiels,Liste Principale,11,"ANTIVIRAUX CONTRACEPTIFS, MÉDICAMENTS DE LA GYNÉCOLOGIE ET DE L’OBSTÉTRIQUE",12.02,CONTRACEPTIFS HORMONAUX,Ethinylestradiol + Lévonorgestrel,"0,03mg +0,15mg",Orale,Comprimé,ABCD,,False,20
Annexe 1 — Medicaments Essentiels,Liste Principale,11,"ANTIVIRAUX CONTRACEPTIFS, MÉDICAMENTS DE LA GYNÉCOLOGIE ET DE L’OBSTÉTRIQUE",12.02,CONTRACEPTIFS HORMONAUX,Ethinylestradiol + Lévonorgestrel,"0,05mg +0,03mg",Orale,Comprimé,ABCD,,False,20
Annexe 1 — Medicaments Essentiels,Liste Principale,11,"ANTIVIRAUX CONTRACEPTIFS, MÉDICAMENTS DE LA GYNÉCOLOGIE ET DE L’OBSTÉTRIQUE",12.02,CONTRACEPTIFS HORMONAUX,Ethinylestradiol + Lévonorgestrel + Fer,"0,03 mg + 0,15 mg + 75mg",Orale,Comprimé,ABCD,,False,20
Annexe 1 — Medicaments Essentiels,Liste Principale,11,"ANTIVIRAUX CONTRACEPTIFS, MÉDICAMENTS DE LA GYNÉCOLOGIE ET DE L’OBSTÉTRIQUE",12.02,CONTRACEPTIFS HORMONAUX,Ethinylestradiol + Norgestrel,"0,05mg +0,05mg",Orale,Comprimé,ABCD,,False,20
Annexe 1 — Medicaments Essentiels,Liste Principale,11,"ANTIVIRAUX CONTRACEPTIFS, MÉDICAMENTS DE LA GYNÉCOLOGIE ET DE L’OBSTÉTRIQUE",12.02,CONTRACEPTIFS HORMONAUX,Ethinylestradiol + Norgestrel,"0,03mg + 0,5mg",Orale,Comprimé,ABCD,,False,20
Annexe 1 — Medicaments Essentiels,Liste Principale,11,"ANTIVIRAUX CONTRACEPTIFS, MÉDICAMENTS DE LA GYNÉCOLOGIE ET DE L’OBSTÉTRIQUE",12.02,CONTRACEPTIFS HORMONAUX,Ethinylestradiol + Norgestrel,"0,03mg +0,35mg",Orale,Comprimé,ABCD,,False,20
Annexe 1 — Medicaments Essentiels,Liste Principale,11,"ANTIVIRAUX CONTRACEPTIFS, MÉDICAMENTS DE LA GYNÉCOLOGIE ET DE L’OBSTÉTRIQUE",12.02,CONTRACEPTIFS HORMONAUX,Etonogestrel,68 mg,Intradermique,Implant,ABCD,,False,20
Annexe 1 — Medicaments Essentiels,Liste Principale,11,"ANTIVIRAUX CONTRACEPTIFS, MÉDICAMENTS DE LA GYNÉCOLOGIE ET DE L’OBSTÉTRIQUE",12.02,CONTRACEPTIFS HORMONAUX,Lévonorgestrel,"0,03 mg",Orale,Comprimé,ABCD,,False,20
Annexe 1 — Medicaments Essentiels,Liste Principale,11,"ANTIVIRAUX CONTRACEPTIFS, MÉDICAMENTS DE LA GYNÉCOLOGIE ET DE L’OBSTÉTRIQUE",12.02,CONTRACEPTIFS HORMONAUX,Lévonorgestrel,150 µg,Intradermique,Implant,ABCD,,False,20
Annexe 1 — Medicaments Essentiels,Liste Principale,11,"ANTIVIRAUX CONTRACEPTIFS, MÉDICAMENTS DE LA GYNÉCOLOGIE ET DE L’OBSTÉTRIQUE",12.02,CONTRACEPTIFS HORMONAUX,Lévonorgestrel,1500 µg,Orale,Comprimé,ABCD,,False,20
Annexe 1 — Medicaments Essentiels,Liste Principale,11,"ANTIVIRAUX CONTRACEPTIFS, MÉDICAMENTS DE LA GYNÉCOLOGIE ET DE L’OBSTÉTRIQUE",12.02,CONTRACEPTIFS HORMONAUX,Noréthistérone fénamate,200 mg/ml,Parentérale,Solution Injectable,ABCD,,False,20
Annexe 1 — Medicaments Essentiels,Liste Principale,11,"ANTIVIRAUX CONTRACEPTIFS, MÉDICAMENTS DE LA GYNÉCOLOGIE ET DE L’OBSTÉTRIQUE",12.02,CONTRACEPTIFS HORMONAUX MEDICAMENTS DU PRE-ECLAMPSIE ET DE L'ECLAMPSIE,Calcium gluconate,100 mg/ml,Parentérale,Solution Injectable,ABCD,,False,20
Annexe 1 — Medicaments Essentiels,Liste Principale,11,"ANTIVIRAUX CONTRACEPTIFS, MÉDICAMENTS DE LA GYNÉCOLOGIE ET DE L’OBSTÉTRIQUE",12.02,CONTRACEPTIFS HORMONAUX MEDICAMENTS DU PRE-ECLAMPSIE ET DE L'ECLAMPSIE,Magnesium sulfate,500 mg/ml,Parentérale,Solution Injectable,ABCD,,False,20
Annexe 1 — Medicaments Essentiels,Liste Principale,11,"ANTIVIRAUX CONTRACEPTIFS, MÉDICAMENTS DE LA GYNÉCOLOGIE ET DE L’OBSTÉTRIQUE",12.02,CONTRACEPTIFS HORMONAUX MEDICAMENTS DU PRE-ECLAMPSIE ET DE L'ECLAMPSIE,Méthyldopa,250 mg,Orale,Comprimé,ABC,,False,20
Annexe 1 — Medicaments Essentiels,Liste Principale,11,"ANTIVIRAUX CONTRACEPTIFS, MÉDICAMENTS DE LA GYNÉCOLOGIE ET DE L’OBSTÉTRIQUE",12.02,CONTRACEPTIFS HORMONAUX MEDICAMENTS DU PRE-ECLAMPSIE ET DE L'ECLAMPSIE,Méthyldopa,500 mg,Orale,Comprimé,ABC,,False,20
Annexe 1 — Medicaments Essentiels,Liste Principale,11,"ANTIVIRAUX CONTRACEPTIFS, MÉDICAMENTS DE LA GYNÉCOLOGIE ET DE L’OBSTÉTRIQUE",12.02,CONTRACEPTIFS HORMONAUX MEDICAMENTS DU PRE-ECLAMPSIE ET DE L'ECLAMPSIE,Nicardipine,10 mg/10 ml,Parentérale,Solution Injectable,AB,,False,20
Annexe 1 — Medicaments Essentiels,Liste Principale,11,"ANTIVIRAUX CONTRACEPTIFS, MÉDICAMENTS DE LA GYNÉCOLOGIE ET DE L’OBSTÉTRIQUE",12.02,CONTRACEPTIFS HORMONAUX MEDICAMENTS DU PRE-ECLAMPSIE ET DE L'ECLAMPSIE MEDICAMENTS POUR LA MATURATION PULMONAIRE ANTENATALE,Bétaméthasone chronodose,"5,7 mg/ml",Parentérale,Solution Injectable,ABC,,False,20
Annexe 1 — Medicaments Essentiels,Liste Principale,11,"ANTIVIRAUX CONTRACEPTIFS, MÉDICAMENTS DE LA GYNÉCOLOGIE ET DE L’OBSTÉTRIQUE",12.02,CONTRACEPTIFS HORMONAUX MEDICAMENTS DU PRE-ECLAMPSIE ET DE L'ECLAMPSIE MEDICAMENTS POUR LA MATURATION PULMONAIRE ANTENATALE,Bétaméthasone sodium phosphate,3 mg/ml,Parentérale,Solution Injectable,ABC,,False,20
Annexe 1 — Medicaments Essentiels,Liste Principale,11,"ANTIVIRAUX CONTRACEPTIFS, MÉDICAMENTS DE LA GYNÉCOLOGIE ET DE L’OBSTÉTRIQUE",12.02,CONTRACEPTIFS HORMONAUX MEDICAMENTS DU PRE-ECLAMPSIE ET DE L'ECLAMPSIE MEDICAMENTS POUR LA MATURATION PULMONAIRE ANTENATALE OCYTOCIQUES ET HÉMOSTATIQUES UTÉRINS,Carbétocine,100 µg/ml,Parentérale,Solution Injectable,ABC,,False,20
Annexe 1 — Medicaments Essentiels,Liste Principale,11,"ANTIVIRAUX CONTRACEPTIFS, MÉDICAMENTS DE LA GYNÉCOLOGIE ET DE L’OBSTÉTRIQUE",12.02,CONTRACEPTIFS HORMONAUX MEDICAMENTS DU PRE-ECLAMPSIE ET DE L'ECLAMPSIE MEDICAMENTS POUR LA MATURATION PULMONAIRE ANTENATALE OCYTOCIQUES ET HÉMOSTATIQUES UTÉRINS,Carboprost trométhamine,125 mg,Parentérale,Solution injectable,AB,,False,20
Annexe 1 — Medicaments Essentiels,Liste Principale,11,"ANTIVIRAUX CONTRACEPTIFS, MÉDICAMENTS DE LA GYNÉCOLOGIE ET DE L’OBSTÉTRIQUE",12.02,CONTRACEPTIFS HORMONAUX MEDICAMENTS DU PRE-ECLAMPSIE ET DE L'ECLAMPSIE MEDICAMENTS POUR LA MATURATION PULMONAIRE ANTENATALE OCYTOCIQUES ET HÉMOSTATIQUES UTÉRINS,Carboprost trométhamine,250 mg,Parentérale,Solution injectable,AB,,False,20
Annexe 1 — Medicaments Essentiels,Liste Principale,11,"ANTIVIRAUX CONTRACEPTIFS, MÉDICAMENTS DE LA GYNÉCOLOGIE ET DE L’OBSTÉTRIQUE",12.02,CONTRACEPTIFS HORMONAUX MEDICAMENTS DU PRE-ECLAMPSIE ET DE L'ECLAMPSIE MEDICAMENTS POUR LA MATURATION PULMONAIRE ANTENATALE OCYTOCIQUES ET HÉMOSTATIQUES UTÉRINS,Méthylergométrine,"0,2 mg/ml",Parentérale,Solution Injectable,ABC,,False,20
Annexe 1 — Medicaments Essentiels,Liste Principale,11,"ANTIVIRAUX CONTRACEPTIFS, MÉDICAMENTS DE LA GYNÉCOLOGIE ET DE L’OBSTÉTRIQUE",12.02,CONTRACEPTIFS HORMONAUX MEDICAMENTS DU PRE-ECLAMPSIE ET DE L'ECLAMPSIE MEDICAMENTS POUR LA MATURATION PULMONAIRE ANTENATALE OCYTOCIQUES ET HÉMOSTATIQUES UTÉRINS,Méthylergométrine,"0,25 mg/ml",Orale,Solution Buvable,ABC,,False,20
Annexe 1 — Medicaments Essentiels,Liste Principale,11,"ANTIVIRAUX CONTRACEPTIFS, MÉDICAMENTS DE LA GYNÉCOLOGIE ET DE L’OBSTÉTRIQUE",12.02,CONTRACEPTIFS HORMONAUX MEDICAMENTS DU PRE-ECLAMPSIE ET DE L'ECLAMPSIE MEDICAMENTS POUR LA MATURATION PULMONAIRE ANTENATALE OCYTOCIQUES ET HÉMOSTATIQUES UTÉRINS,Mifépristone,200mg,Orale,Comprimé,ABC,,False,20
Annexe 1 — Medicaments Essentiels,Liste Principale,11,"ANTIVIRAUX CONTRACEPTIFS, MÉDICAMENTS DE LA GYNÉCOLOGIE ET DE L’OBSTÉTRIQUE",12.02,CONTRACEPTIFS HORMONAUX MEDICAMENTS DU PRE-ECLAMPSIE ET DE L'ECLAMPSIE MEDICAMENTS POUR LA MATURATION PULMONAIRE ANTENATALE OCYTOCIQUES ET HÉMOSTATIQUES UTÉRINS,Misoprostol,200 µg,Orale,Comprimé,ABC,,False,20
Annexe 1 — Medicaments Essentiels,Liste Principale,11,"ANTIVIRAUX CONTRACEPTIFS, MÉDICAMENTS DE LA GYNÉCOLOGIE ET DE L’OBSTÉTRIQUE",12.02,CONTRACEPTIFS HORMONAUX MEDICAMENTS DU PRE-ECLAMPSIE ET DE L'ECLAMPSIE MEDICAMENTS POUR LA MATURATION PULMONAIRE ANTENATALE OCYTOCIQUES ET HÉMOSTATIQUES UTÉRINS,Oxytocine,10 UI/ml,Parentérale,Solution Injectable,ABCD,,False,20
Annexe 1 — Medicaments Essentiels,Liste Principale,11,"ANTIVIRAUX CONTRACEPTIFS, MÉDICAMENTS DE LA GYNÉCOLOGIE ET DE L’OBSTÉTRIQUE",12.02,CONTRACEPTIFS HORMONAUX MEDICAMENTS DU PRE-ECLAMPSIE ET DE L'ECLAMPSIE MEDICAMENTS POUR LA MATURATION PULMONAIRE ANTENATALE OCYTOCIQUES ET HÉMOSTATIQUES UTÉRINS,Oxytocine,5 UI/ml,Parentérale,Solution Injectable,ABCD,,False,20
Annexe 1 — Medicaments Essentiels,Liste Principale,11,"ANTIVIRAUX CONTRACEPTIFS, MÉDICAMENTS DE LA GYNÉCOLOGIE ET DE L’OBSTÉTRIQUE",12.02,CONTRACEPTIFS HORMONAUX MEDICAMENTS DU PRE-ECLAMPSIE ET DE L'ECLAMPSIE MEDICAMENTS POUR LA MATURATION PULMONAIRE ANTENATALE OCYTOCIQUES ET HÉMOSTATIQUES UTÉRINS,Sulprostone,500 µg,Parentérale,Lyophilisat pour préparation injectable,AB,,False,20
Annexe 1 — Medicaments Essentiels,Liste Principale,11,"ANTIVIRAUX CONTRACEPTIFS, MÉDICAMENTS DE LA GYNÉCOLOGIE ET DE L’OBSTÉTRIQUE",12.06,UTÉRORELAXANTS,Nifédipine,10 mg,Orale,Gélule,ABC,,False,20
Annexe 1 — Medicaments Essentiels,Liste Principale,11,"ANTIVIRAUX CONTRACEPTIFS, MÉDICAMENTS DE LA GYNÉCOLOGIE ET DE L’OBSTÉTRIQUE",12.06,UTÉRORELAXANTS,Nifédipine,20 mg,Orale,Comprimé,ABC,,False,20
Annexe 1 — Medicaments Essentiels,Liste Principale,13,MÉDICAMENTS DE L'APPAREIL DIGESTIF,13.01,ANTIDIARRHÉIQUES,Attapulgite,3 g,Orale,Poudre en sachet,ABCDE,,False,20
Annexe 1 — Medicaments Essentiels,Liste Principale,13,MÉDICAMENTS DE L'APPAREIL DIGESTIF,13.01,ANTIDIARRHÉIQUES,Attapulgite,1 g,Orale,Poudre en sachet,ABCDE,,True,21
Annexe 1 — Medicaments Essentiels,Liste Principale,13,MÉDICAMENTS DE L'APPAREIL DIGESTIF,13.01,ANTIDIARRHÉIQUES,Lopéramide,2 mg,Orale,Comprimé dispersible,ABCD,,False,21
Annexe 1 — Medicaments Essentiels,Liste Principale,13,MÉDICAMENTS DE L'APPAREIL DIGESTIF,13.01,ANTIDIARRHÉIQUES,Sels de réhydratation (nouvelle formule à osmolarité reduite),----,Orale,Poudre en sachet,ABCDE,,False,21
Annexe 1 — Medicaments Essentiels,Liste Principale,13,MÉDICAMENTS DE L'APPAREIL DIGESTIF,13.01,ANTIDIARRHÉIQUES,Solution de réhydratation pour malnutrition aiguë sévère,84 g/2 l ou 420 g/10 l,Orale,Poudre en sachet,ABCDE,,False,21
Annexe 1 — Medicaments Essentiels,Liste Principale,13,MÉDICAMENTS DE L'APPAREIL DIGESTIF,13.01,ANTIDIARRHÉIQUES,Zinc,10 mg,Orale,Comprimé dispersible,ABCDE,,False,21
Annexe 1 — Medicaments Essentiels,Liste Principale,13,MÉDICAMENTS DE L'APPAREIL DIGESTIF,13.01,ANTIDIARRHÉIQUES,Zinc,20 mg,Orale,Comprimé dispersible,ABCDE,,False,21
Annexe 1 — Medicaments Essentiels,Liste Principale,13,MÉDICAMENTS DE L'APPAREIL DIGESTIF,13.02,ANTIÉMÉTIQUES,Métopimazine,5 mg,Rectale,Suppositoire,ABCD,,False,21
Annexe 1 — Medicaments Essentiels,Liste Principale,13,MÉDICAMENTS DE L'APPAREIL DIGESTIF,13.02,ANTIÉMÉTIQUES,Métopimazine,"0,1%",Orale,Solution buvable,ABCD,,False,21
Annexe 1 — Medicaments Essentiels,Liste Principale,13,MÉDICAMENTS DE L'APPAREIL DIGESTIF,13.02,ANTIÉMÉTIQUES,Métopimazine,10 mg/ml,Parentérale,Solution injectable,ABCD,,False,21
Annexe 1 — Medicaments Essentiels,Liste Principale,13,MÉDICAMENTS DE L'APPAREIL DIGESTIF,13.02,ANTIÉMÉTIQUES,Métopimazine,"7,5 mg",Orale,Comprimé,ABCD,,False,21
Annexe 1 — Medicaments Essentiels,Liste Principale,13,MÉDICAMENTS DE L'APPAREIL DIGESTIF,13.03,ANTIÉMÉTIQUES – GASTROKINETIQUES,Levosulpiride,2 mg/ml,Parentérale,Solution injectable,AB,,False,21
Annexe 1 — Medicaments Essentiels,Liste Principale,13,MÉDICAMENTS DE L'APPAREIL DIGESTIF,13.03,ANTIÉMÉTIQUES – GASTROKINETIQUES,Octréotide,100 µg/ml,Parentérale,Solution injectable,A,,False,21
Annexe 1 — Medicaments Essentiels,Liste Principale,13,MÉDICAMENTS DE L'APPAREIL DIGESTIF,13.03,ANTIÉMÉTIQUES – GASTROKINETIQUES,Octréotide,500 µg/ml,Parentérale,Solution injectable,A,,False,21
Annexe 1 — Medicaments Essentiels,Liste Principale,13,MÉDICAMENTS DE L'APPAREIL DIGESTIF,13.03,"ANTIÉMÉTIQUES – GASTROKINETIQUES ANTIULCÉREUX, ANTI-ACIDES ET PROTECTEURS GASTRIQUES",Aluminium hydroxyde + Magnésium hydroxyde,"3,5 g + 4 g/100 ml",Orale,Suspension buvable,ABCDE,,False,21
Annexe 1 — Medicaments Essentiels,Liste Principale,13,MÉDICAMENTS DE L'APPAREIL DIGESTIF,13.03,"ANTIÉMÉTIQUES – GASTROKINETIQUES ANTIULCÉREUX, ANTI-ACIDES ET PROTECTEURS GASTRIQUES",Aluminium hydroxyde + Magnésium hydroxyde,400 mg + 400 mg,Orale,Comprimé,ABCDE,,False,21
Annexe 1 — Medicaments Essentiels,Liste Principale,13,MÉDICAMENTS DE L'APPAREIL DIGESTIF,13.03,"ANTIÉMÉTIQUES – GASTROKINETIQUES ANTIULCÉREUX, ANTI-ACIDES ET PROTECTEURS GASTRIQUES",Aluminium hydroxyde + Magnésium hydroxyde,525 mg+600 mg/15 ml,Orale,Suspension buvable,ABCDE,,False,21
Annexe 1 — Medicaments Essentiels,Liste Principale,13,MÉDICAMENTS DE L'APPAREIL DIGESTIF,13.03,"ANTIÉMÉTIQUES – GASTROKINETIQUES ANTIULCÉREUX, ANTI-ACIDES ET PROTECTEURS GASTRIQUES",Aluminium phosphate,"2,476 g/15 ml",Orale,Gel buvable en sachet,ABCDE,,False,21
Annexe 1 — Medicaments Essentiels,Liste Principale,13,MÉDICAMENTS DE L'APPAREIL DIGESTIF,13.03,"ANTIÉMÉTIQUES – GASTROKINETIQUES ANTIULCÉREUX, ANTI-ACIDES ET PROTECTEURS GASTRIQUES",Dimeticone,"2,25 g",Orale,Poudre en sachet,ABCD,,False,21
Annexe 1 — Medicaments Essentiels,Liste Principale,13,MÉDICAMENTS DE L'APPAREIL DIGESTIF,13.03,"ANTIÉMÉTIQUES – GASTROKINETIQUES ANTIULCÉREUX, ANTI-ACIDES ET PROTECTEURS GASTRIQUES",Esoméprazole,20 mg,Orale,Comprimé,ABC,,False,21
Annexe 1 — Medicaments Essentiels,Liste Principale,13,MÉDICAMENTS DE L'APPAREIL DIGESTIF,13.03,"ANTIÉMÉTIQUES – GASTROKINETIQUES ANTIULCÉREUX, ANTI-ACIDES ET PROTECTEURS GASTRIQUES",Esoméprazole,40 mg,Orale,Comprimé,ABC,,False,21
Annexe 1 — Medicaments Essentiels,Liste Principale,13,MÉDICAMENTS DE L'APPAREIL DIGESTIF,13.03,"ANTIÉMÉTIQUES – GASTROKINETIQUES ANTIULCÉREUX, ANTI-ACIDES ET PROTECTEURS GASTRIQUES",Esoméprazole,40 mg/5 ml,Parentérale,Solution injectable,ABC,,False,21
Annexe 1 — Medicaments Essentiels,Liste Principale,13,MÉDICAMENTS DE L'APPAREIL DIGESTIF,13.03,"ANTIÉMÉTIQUES – GASTROKINETIQUES ANTIULCÉREUX, ANTI-ACIDES ET PROTECTEURS GASTRIQUES",Oméprazole,10 mg,Orale,Comprimé,ABC,,False,21
Annexe 1 — Medicaments Essentiels,Liste Principale,13,MÉDICAMENTS DE L'APPAREIL DIGESTIF,13.03,"ANTIÉMÉTIQUES – GASTROKINETIQUES ANTIULCÉREUX, ANTI-ACIDES ET PROTECTEURS GASTRIQUES",Oméprazole,20 mg,Orale,Comprimé,ABC,,False,21
Annexe 1 — Medicaments Essentiels,Liste Principale,13,MÉDICAMENTS DE L'APPAREIL DIGESTIF,13.03,"ANTIÉMÉTIQUES – GASTROKINETIQUES ANTIULCÉREUX, ANTI-ACIDES ET PROTECTEURS GASTRIQUES",Oméprazole,40 mg,Parentérale,Poudre pour préparation injectable,ABC,,False,21
Annexe 1 — Medicaments Essentiels,Liste Principale,13,MÉDICAMENTS DE L'APPAREIL DIGESTIF,13.05,LAXATIFS,Glycérine nourrisson,630 mg,Rectale,Suppositoire,ABCD,,True,21
Annexe 1 — Medicaments Essentiels,Liste Principale,13,MÉDICAMENTS DE L'APPAREIL DIGESTIF,13.05,LAXATIFS,Glycérine enfant,"1,2 g",Rectale,Suppositoire,ABCD,,True,21
Annexe 1 — Medicaments Essentiels,Liste Principale,13,MÉDICAMENTS DE L'APPAREIL DIGESTIF,13.05,LAXATIFS,Lactulose,10 g/15 ml,Orale,Suspension buvable,ABCD,,False,21
Annexe 1 — Medicaments Essentiels,Liste Principale,13,MÉDICAMENTS DE L'APPAREIL DIGESTIF,13.05,LAXATIFS,Lactulose,15 g,Orale,Suspension buvable,ABCD,,False,21
Annexe 1 — Medicaments Essentiels,Liste Principale,13,MÉDICAMENTS DE L'APPAREIL DIGESTIF,13.05,LAXATIFS,Macrogol 4000,4 g,Orale,Sachet,ABC,,False,21
Annexe 1 — Medicaments Essentiels,Liste Principale,14,MÉDICAMENTS DE L'APPAREIL RESPIRATOIRE,14.01,ANTIASTHMATIQUES,Ipratropium,"0,5 mg/2 ml",Nasale,Solution,ABC,,False,21
Annexe 1 — Medicaments Essentiels,Liste Principale,14,MÉDICAMENTS DE L'APPAREIL RESPIRATOIRE,14.01,ANTIASTHMATIQUES,Salbutamol,"2,5 mg/2,5 ml",Pulmonaire,Solution pour inhalation,ABC,,False,21
Annexe 1 — Medicaments Essentiels,Liste Principale,14,MÉDICAMENTS DE L'APPAREIL RESPIRATOIRE,14.01,ANTIASTHMATIQUES,Salbutamol,"5 mg/2,5 ml",Pulmonaire,Solution pour inhalation,ABC,,False,21
Annexe 1 — Medicaments Essentiels,Liste Principale,14,MÉDICAMENTS DE L'APPAREIL RESPIRATOIRE,14.01,ANTIASTHMATIQUES,Salbutamol,5 mg/5 ml,Parentérale,Solution injectable,ABC,,False,21
Annexe 1 — Medicaments Essentiels,Liste Principale,14,MÉDICAMENTS DE L'APPAREIL RESPIRATOIRE,14.01,ANTIASTHMATIQUES,Salbutamol,"0,5 mg/ ml",Parentérale,Solution injectable,ABC,,False,21
Annexe 1 — Medicaments Essentiels,Liste Principale,14,MÉDICAMENTS DE L'APPAREIL RESPIRATOIRE,14.01,ANTIASTHMATIQUES,Salbutamol,100 µg/bouffée,Pulmonaire,Suspension pour inhalation,ABCD,,False,21
Annexe 1 — Medicaments Essentiels,Liste Principale,14,MÉDICAMENTS DE L'APPAREIL RESPIRATOIRE,14.01,ANTIASTHMATIQUES,Terbutaline,5 mg/2ml,Pulmonaire,Solution pour inhalation,ABC,,False,21
Annexe 1 — Medicaments Essentiels,Liste Principale,14,MÉDICAMENTS DE L'APPAREIL RESPIRATOIRE,14.02,ANTITUSSIFS,Clobutinol,20 mg/5 ml,Orale,Sirop,ABCD,,False,21
Annexe 1 — Medicaments Essentiels,Liste Principale,14,MÉDICAMENTS DE L'APPAREIL RESPIRATOIRE,14.02,ANTITUSSIFS,Clobutinol,40 mg,Orale,Comprimé,ABCD,,False,21
Annexe 1 — Medicaments Essentiels,Liste Principale,14,MÉDICAMENTS DE L'APPAREIL RESPIRATOIRE,14.02,ANTITUSSIFS,Terpine + Codéine,"0,08g+33g/100g",Orale,Sirop,ABC,,False,21
Annexe 1 — Medicaments Essentiels,Liste Principale,14,MÉDICAMENTS DE L'APPAREIL RESPIRATOIRE,14.02,ANTITUSSIFS,Terpine + Codéine,100 mg + 10 mg,Orale,Gélule,ABC,,False,21
Annexe 1 — Medicaments Essentiels,Liste Principale,14,MÉDICAMENTS DE L'APPAREIL RESPIRATOIRE,14.03,EXPECTORANTS,Carbocystéine,2%,Orale,Sirop,ABCD,,True,22
Annexe 1 — Medicaments Essentiels,Liste Principale,14,MÉDICAMENTS DE L'APPAREIL RESPIRATOIRE,14.03,EXPECTORANTS,Carbocystéine,5%,Orale,Sirop,ABCD,,False,22
Annexe 1 — Medicaments Essentiels,Liste Principale,14,MÉDICAMENTS DE L'APPAREIL RESPIRATOIRE,14.03,EXPECTORANTS,N Acétylcystéine,100 mg,Orale,Poudre en sachet,ABCD,,False,22
Annexe 1 — Medicaments Essentiels,Liste Principale,14,MÉDICAMENTS DE L'APPAREIL RESPIRATOIRE,14.03,EXPECTORANTS,N Acétylcystéine,200 mg,Orale,Poudre en sachet,ABCD,,False,22
Annexe 1 — Medicaments Essentiels,Liste Principale,14,MÉDICAMENTS DE L'APPAREIL RESPIRATOIRE,14.04,VASOPRESSEURS,Terlipressine,1 mg,Parentérale,Poudre pour préparation injectable,AB,,False,22
Annexe 1 — Medicaments Essentiels,Liste Principale,14,MÉDICAMENTS DE L'APPAREIL RESPIRATOIRE,14.04,VASOPRESSEURS,Vasopressine,20 USP/ml,Parentérale,Solution injectable,AB,,False,22
Annexe 1 — Medicaments Essentiels,Liste Principale,15,MÉDICAMENTS DES MALADIES MÉTABOLIQUES,15.01,BIGUANIDES,Metformine,1000 mg,Orale,Comprimé,ABC,,False,22
Annexe 1 — Medicaments Essentiels,Liste Principale,15,MÉDICAMENTS DES MALADIES MÉTABOLIQUES,15.02,ÉLÉMENTS MINÉRAUX,Calcium,90 mg/200 ml,Orale,Sirop,ABC,,False,22
Annexe 1 — Medicaments Essentiels,Liste Principale,15,MÉDICAMENTS DES MALADIES MÉTABOLIQUES,15.02,ÉLÉMENTS MINÉRAUX,Calcium,500 mg,Orale,Poudre En Sachet,ABC,,False,22
Annexe 1 — Medicaments Essentiels,Liste Principale,15,MÉDICAMENTS DES MALADIES MÉTABOLIQUES,15.02,ÉLÉMENTS MINÉRAUX,Potassium chlorure,600 mg,Orale,Comprimé,AB,,False,22
Annexe 1 — Medicaments Essentiels,Liste Principale,15,MÉDICAMENTS DES MALADIES MÉTABOLIQUES,15.03,HYPERGLYCÉMIANTS,Glucagon,1 mg,Parentérale,Poudre pour préparation injectable,ABC,,True,22
Annexe 1 — Medicaments Essentiels,Liste Principale,15,MÉDICAMENTS DES MALADIES MÉTABOLIQUES,15.04,HYPOCHOLESTEROLEMIANTS,Atorvastatine,20 mg,Orale,Comprimé,ABC,,False,22
Annexe 1 — Medicaments Essentiels,Liste Principale,15,MÉDICAMENTS DES MALADIES MÉTABOLIQUES,15.04,HYPOCHOLESTEROLEMIANTS,Fénofibrate,200 mg,Orale,Gélule,AB,,False,22
Annexe 1 — Medicaments Essentiels,Liste Principale,15,MÉDICAMENTS DES MALADIES MÉTABOLIQUES,15.04,HYPOCHOLESTEROLEMIANTS MEDICAMENTS DU SYSTEME HORMONAL ET ENDOCRINIEN,Carbimazole,20 mg,Orale,Comprimé,AB,,False,22
Annexe 1 — Medicaments Essentiels,Liste Principale,15,MÉDICAMENTS DES MALADIES MÉTABOLIQUES,15.04,HYPOCHOLESTEROLEMIANTS MEDICAMENTS DU SYSTEME HORMONAL ET ENDOCRINIEN,Levothyroxine,50 µg,Orale,Comprimé,AB,,False,22
Annexe 1 — Medicaments Essentiels,Liste Principale,15,MÉDICAMENTS DES MALADIES MÉTABOLIQUES,15.06,SULFAMIDES HYPOGLYCEMIANTS,Gliclazide LM,60 mg,Orale,Comprimé,ABC,,False,22
Annexe 1 — Medicaments Essentiels,Liste Principale,15,MÉDICAMENTS DES MALADIES MÉTABOLIQUES,15.06,SULFAMIDES HYPOGLYCEMIANTS,Glimépiride,1 mg,Orale,Comprimé,ABC,,False,22
Annexe 1 — Medicaments Essentiels,Liste Principale,15,MÉDICAMENTS DES MALADIES MÉTABOLIQUES,15.06,SULFAMIDES HYPOGLYCEMIANTS,Glimépiride,2 mg,Orale,Comprimé,ABC,,False,22
Annexe 1 — Medicaments Essentiels,Liste Principale,15,MÉDICAMENTS DES MALADIES MÉTABOLIQUES,15.07,VITAMINES,Acide ascorbique,500 mg,Parentérale,Solution Injectable,ABCD,,False,22
Annexe 1 — Medicaments Essentiels,Liste Principale,15,MÉDICAMENTS DES MALADIES MÉTABOLIQUES,15.07,VITAMINES,Ergocalciférol,5 000 UI/ml,Orale,Solution Buvable,ABCD,,True,22
Annexe 1 — Medicaments Essentiels,Liste Principale,15,MÉDICAMENTS DES MALADIES MÉTABOLIQUES,15.07,VITAMINES,Préparation polyvitaminée,----,Orale,Sirop,ABCD,,False,22
Annexe 1 — Medicaments Essentiels,Liste Principale,15,MÉDICAMENTS DES MALADIES MÉTABOLIQUES,15.07,VITAMINES,Vitamine A ou rétinol,20 mg/ml,Orale,Solution Buvable,ABCD,,True,22
Annexe 1 — Medicaments Essentiels,Liste Principale,15,MÉDICAMENTS DES MALADIES MÉTABOLIQUES,15.07,VITAMINES,Vitamine A ou rétinol,100 000 UI,Orale,Capsule,ABCDE,,True,22
Annexe 1 — Medicaments Essentiels,Liste Principale,15,MÉDICAMENTS DES MALADIES MÉTABOLIQUES,15.07,VITAMINES,Vitamine A ou rétinol,200 000 UI,Orale,Capsule,ABCDE,,True,22
Annexe 1 — Medicaments Essentiels,Liste Principale,15,MÉDICAMENTS DES MALADIES MÉTABOLIQUES,15.08,INSULINES,Insuline Biogénétique Rapide,100UI Fl/10ml,Parentérale,Solution Injectable,ABC,,True,22
Annexe 1 — Medicaments Essentiels,Liste Principale,15,MÉDICAMENTS DES MALADIES MÉTABOLIQUES,15.08,INSULINES,Insuline Intermed Classique,100UI Fl/10ml,Parentérale,Solution Injectable,ABC,,True,22
Annexe 1 — Medicaments Essentiels,Liste Principale,15,MÉDICAMENTS DES MALADIES MÉTABOLIQUES,15.08,INSULINES,Insuline Intermed Biphasique,30/70 100UI Fl/10ml,Parentérale,Solution Injectable,ABC,,True,22
Annexe 1 — Medicaments Essentiels,Liste Principale,16,MÉDICAMENTS AFFECTANT LE SANG,16.01,ANTIANÉMIQUES,Acide folique,5 mg,Orale,Comprimé,ABCD,,False,22
Annexe 1 — Medicaments Essentiels,Liste Principale,16,MÉDICAMENTS AFFECTANT LE SANG,16.01,ANTIANÉMIQUES,Fer sulfate + Acide folique,"150 mg + 0,5 mg",Orale,Gélule,ABCDE,,False,22
Annexe 1 — Medicaments Essentiels,Liste Principale,16,MÉDICAMENTS AFFECTANT LE SANG,16.01,ANTIANÉMIQUES,Fer element,50 mg/5ml,Orale,Sirop,ABCDE,,False,22
Annexe 1 — Medicaments Essentiels,Liste Principale,16,MÉDICAMENTS AFFECTANT LE SANG,16.01,ANTIANÉMIQUES,Fer element + acide folique,50 mg/5ml+ 2mg/5ml,orale,Sirop,ABCDE,,False,22
Annexe 1 — Medicaments Essentiels,Liste Principale,16,MÉDICAMENTS AFFECTANT LE SANG,16.01,ANTIANÉMIQUES,Fumarate ferreux,33 mg/g,Orale,Poudre pour suspension buvable,ABCDE,,False,22
Annexe 1 — Medicaments Essentiels,Liste Principale,16,MÉDICAMENTS AFFECTANT LE SANG,16.01,ANTIANÉMIQUES,Sulfate ferreux,100 mg,Orale,Comprimé,ABCDE,,False,22
Annexe 1 — Medicaments Essentiels,Liste Principale,16,MÉDICAMENTS AFFECTANT LE SANG,16.02,ANTICOAGULANTS INJECTABLES,Enoxaparine,"4000 UI/0,4ml",Parentérale,Solution injectable,AB,,False,22
Annexe 1 — Medicaments Essentiels,Liste Principale,16,MÉDICAMENTS AFFECTANT LE SANG,16.02,ANTICOAGULANTS INJECTABLES,Héparinate de calcium,25 000 UI/ml,Parentérale,Solution injectable,AB,,False,22
Annexe 1 — Medicaments Essentiels,Liste Principale,16,MÉDICAMENTS AFFECTANT LE SANG,16.02,ANTICOAGULANTS INJECTABLES,Héparinate de calcium,25 000 UI/5 ml,Parentérale,Solution injectable,AB,,False,22
Annexe 1 — Medicaments Essentiels,Liste Principale,16,MÉDICAMENTS AFFECTANT LE SANG,16.02,ANTICOAGULANTS INJECTABLES,Héparine sodique,25000UI,Parentérale,Solution injectable,AB,,False,23
Annexe 1 — Medicaments Essentiels,Liste Principale,16,MÉDICAMENTS AFFECTANT LE SANG,16.03,ANTICOAGULANTS ORAUX,Acénocoumarol,4 mg,Orale,Comprimé,AB,,False,23
Annexe 1 — Medicaments Essentiels,Liste Principale,16,MÉDICAMENTS AFFECTANT LE SANG,16.03,ANTICOAGULANTS ORAUX,Rivaroxaban,10 mg,Orale,Comprimé,AB,,False,23
Annexe 1 — Medicaments Essentiels,Liste Principale,16,MÉDICAMENTS AFFECTANT LE SANG,16.04,ANTIAGREGGANTS PLAQUETTAIRES,Clopidogrel,75 mg,Orale,Comprimé,ABC,,False,23
Annexe 1 — Medicaments Essentiels,Liste Principale,16,MÉDICAMENTS AFFECTANT LE SANG,16.05,HÉMOSTATIQUES ET ANTI-FIBRINOLYTIQUES,"Hamamelis, Phenazone, Acide tannique","187,5mg+187,5 mg+3125mg/ 25g",Cutanée,Pommade,ABCD,,False,23
Annexe 1 — Medicaments Essentiels,Liste Principale,16,MÉDICAMENTS AFFECTANT LE SANG,16.05,HÉMOSTATIQUES ET ANTI-FIBRINOLYTIQUES,Phytoménadione (Vitamine K1),10 mg/ml,Orale Parentérale,Solution buvable/injectable,ABCD,,False,23
Annexe 1 — Medicaments Essentiels,Liste Principale,16,MÉDICAMENTS AFFECTANT LE SANG,16.05,HÉMOSTATIQUES ET ANTI-FIBRINOLYTIQUES,Phytoménadione (Vitamine K1),2 mg/ml,Orale Parentérale,Solution buvable/injectable,ABCD,,True,23
Annexe 1 — Medicaments Essentiels,Liste Principale,16,MÉDICAMENTS AFFECTANT LE SANG,16.05,HÉMOSTATIQUES ET ANTI-FIBRINOLYTIQUES,Protamine (sulfate),10 000 UI/10 ml,Parentérale,Solution injectable,AB,,False,23
Annexe 1 — Medicaments Essentiels,Liste Principale,16,MÉDICAMENTS AFFECTANT LE SANG,16.06,THROMBOLYTIQUES,Alteplase,50 mg/50 ml,Parentérale,Poudre pour préparation injectable,AB,,False,23
Annexe 1 — Medicaments Essentiels,Liste Principale,16,MÉDICAMENTS AFFECTANT LE SANG,16.06,THROMBOLYTIQUES,Rivaroxaban,15 mg,Orale,Comprimé,AB,,False,23
Annexe 1 — Medicaments Essentiels,Liste Principale,16,MÉDICAMENTS AFFECTANT LE SANG,16.06,THROMBOLYTIQUES,Rivaroxaban,20 mg,Orale,Comprimé,AB,,False,23
Annexe 1 — Medicaments Essentiels,Liste Principale,16,MÉDICAMENTS AFFECTANT LE SANG,16.06,THROMBOLYTIQUES,Streptokinase,1 500 000 UI,Parentérale,Poudre pour préparation injectable,AB,,False,23
Annexe 1 — Medicaments Essentiels,Liste Principale,16,MÉDICAMENTS AFFECTANT LE SANG,16.06,THROMBOLYTIQUES PRODUITS SANGUINS D'ORIGINE HUMAINE ET SUBSTITUTS DU PLASMA,Concentré érythrocytaire pédiatrique,,Parentérale,---,ABC,,True,23
Annexe 1 — Medicaments Essentiels,Liste Principale,16,MÉDICAMENTS AFFECTANT LE SANG,16.06,THROMBOLYTIQUES PRODUITS SANGUINS D'ORIGINE HUMAINE ET SUBSTITUTS DU PLASMA,Concentré érythrocytaire standard adulte,,Parentérale,---,ABC,,False,23
Annexe 1 — Medicaments Essentiels,Liste Principale,16,MÉDICAMENTS AFFECTANT LE SANG,16.06,THROMBOLYTIQUES PRODUITS SANGUINS D'ORIGINE HUMAINE ET SUBSTITUTS DU PLASMA,Concentré standard de plaquettes,,Parentérale,---,AB,,False,23
Annexe 1 — Medicaments Essentiels,Liste Principale,16,MÉDICAMENTS AFFECTANT LE SANG,16.06,THROMBOLYTIQUES PRODUITS SANGUINS D'ORIGINE HUMAINE ET SUBSTITUTS DU PLASMA,Cryoprécipité,,Parentérale,Liquide congelé en sachet,AB,,False,23
Annexe 1 — Medicaments Essentiels,Liste Principale,16,MÉDICAMENTS AFFECTANT LE SANG,16.06,THROMBOLYTIQUES PRODUITS SANGUINS D'ORIGINE HUMAINE ET SUBSTITUTS DU PLASMA,Plasma à usage thérapeutique,,Parentérale,---,AB,,False,23
Annexe 1 — Medicaments Essentiels,Liste Principale,16,MÉDICAMENTS AFFECTANT LE SANG,16.06,THROMBOLYTIQUES PRODUITS SANGUINS D'ORIGINE HUMAINE ET SUBSTITUTS DU PLASMA,Sang total CPDA unité adulte,,Parentérale,---,ABC,,False,23
Annexe 1 — Medicaments Essentiels,Liste Principale,18,MÉDICAMENTS DU SYSTEME CARDIOVASCULAIRE ANALEPTIQUES CARDIO-CIRCULATOIRES ET MODERATEURS,,,Adrénaline,1 mg/ml,Parentérale,Solution injectable,AB,,False,23
Annexe 1 — Medicaments Essentiels,Liste Principale,18,MÉDICAMENTS DU SYSTEME CARDIOVASCULAIRE ANALEPTIQUES CARDIO-CIRCULATOIRES ET MODERATEURS,,,Dobutamine,250 mg/20 ml,Parentérale,Solution injectable,AB,,False,23
Annexe 1 — Medicaments Essentiels,Liste Principale,18,MÉDICAMENTS DU SYSTEME CARDIOVASCULAIRE ANALEPTIQUES CARDIO-CIRCULATOIRES ET MODERATEURS,,,Dopamine,200 mg/5 ml,Parentérale,Solution injectable,AB,,False,23
Annexe 1 — Medicaments Essentiels,Liste Principale,18,MÉDICAMENTS DU SYSTEME CARDIOVASCULAIRE ANALEPTIQUES CARDIO-CIRCULATOIRES ET MODERATEURS,,,Ephédrine,30mg/10ml,Parentérale,Solution injectable,AB,,False,23
Annexe 1 — Medicaments Essentiels,Liste Principale,18,MÉDICAMENTS DU SYSTEME CARDIOVASCULAIRE ANALEPTIQUES CARDIO-CIRCULATOIRES ET MODERATEURS,,,Isoprénaline,"0,2 mg/ml",Parentérale,Solution injectable,AB,,False,23
Annexe 1 — Medicaments Essentiels,Liste Principale,18,MÉDICAMENTS DU SYSTEME CARDIOVASCULAIRE ANALEPTIQUES CARDIO-CIRCULATOIRES ET MODERATEURS,,,Noradrénaline,10 mg/5 ml,Parentérale,Solution injectable,AB,,False,23
Annexe 1 — Medicaments Essentiels,Liste Principale,18,MÉDICAMENTS DU SYSTEME CARDIOVASCULAIRE ANALEPTIQUES CARDIO-CIRCULATOIRES ET MODERATEURS,,,Noradrénaline,2 mg/ml,Parentérale,Solution injectable,AB,,False,23
Annexe 1 — Medicaments Essentiels,Liste Principale,18,MÉDICAMENTS DU SYSTEME CARDIOVASCULAIRE ANALEPTIQUES CARDIO-CIRCULATOIRES ET MODERATEURS,18.02,ANTIANGOREUX,Isosorbide dinitrate,10 mg/10 ml,Parentérale,Solution injectable,AB,,False,23
Annexe 1 — Medicaments Essentiels,Liste Principale,18,MÉDICAMENTS DU SYSTEME CARDIOVASCULAIRE ANALEPTIQUES CARDIO-CIRCULATOIRES ET MODERATEURS,18.02,ANTIANGOREUX,Trinitrine,"0,15 mg/dose",Orale,Solution pour pulvérisation buccale,ABC,,False,23
Annexe 1 — Medicaments Essentiels,Liste Principale,18,MÉDICAMENTS DU SYSTEME CARDIOVASCULAIRE ANALEPTIQUES CARDIO-CIRCULATOIRES ET MODERATEURS,18.02,ANTIANGOREUX,Isosorbide dinitrate,20 mg,Orale,Comprimé,AB,,False,23
Annexe 1 — Medicaments Essentiels,Liste Principale,18,MÉDICAMENTS DU SYSTEME CARDIOVASCULAIRE ANALEPTIQUES CARDIO-CIRCULATOIRES ET MODERATEURS,18.03,ANTIARYTHMIQUES,Amiodarone,150 mg/3ml,Parentérale,Solution injectable,AB,,False,23
Annexe 1 — Medicaments Essentiels,Liste Principale,18,MÉDICAMENTS DU SYSTEME CARDIOVASCULAIRE ANALEPTIQUES CARDIO-CIRCULATOIRES ET MODERATEURS,18.03,ANTIARYTHMIQUES,Amiodarone,200 mg,Orale,Comprimé,ABC,,False,23
Annexe 1 — Medicaments Essentiels,Liste Principale,18,MÉDICAMENTS DU SYSTEME CARDIOVASCULAIRE ANALEPTIQUES CARDIO-CIRCULATOIRES ET MODERATEURS,18.04,ANTIHYPERTENSEURS,Alpha-méthyldopa,250 mg,Orale,Comprimé,ABC,,False,23
Annexe 1 — Medicaments Essentiels,Liste Principale,18,MÉDICAMENTS DU SYSTEME CARDIOVASCULAIRE ANALEPTIQUES CARDIO-CIRCULATOIRES ET MODERATEURS,18.04,ANTIHYPERTENSEURS,Alpha-méthyldopa,500 mg,Orale,Comprimé,ABC,,False,23
Annexe 1 — Medicaments Essentiels,Liste Principale,18,MÉDICAMENTS DU SYSTEME CARDIOVASCULAIRE ANALEPTIQUES CARDIO-CIRCULATOIRES ET MODERATEURS,18.04,ANTIHYPERTENSEURS,Amlodipine,5 mg,Orale,Comprimé,ABC,,False,23
Annexe 1 — Medicaments Essentiels,Liste Principale,18,MÉDICAMENTS DU SYSTEME CARDIOVASCULAIRE ANALEPTIQUES CARDIO-CIRCULATOIRES ET MODERATEURS,18.04,ANTIHYPERTENSEURS,Atenolol,50 mg,Orale,Comprimé,ABC,,False,24
Annexe 1 — Medicaments Essentiels,Liste Principale,18,MÉDICAMENTS DU SYSTEME CARDIOVASCULAIRE ANALEPTIQUES CARDIO-CIRCULATOIRES ET MODERATEURS,18.04,ANTIHYPERTENSEURS,Atenolol,5 mg/10 ml,Parentérale,Solution injectable,ABC,,False,24
Annexe 1 — Medicaments Essentiels,Liste Principale,18,MÉDICAMENTS DU SYSTEME CARDIOVASCULAIRE ANALEPTIQUES CARDIO-CIRCULATOIRES ET MODERATEURS,18.04,ANTIHYPERTENSEURS,Bisoprolol,"1,25mg",Orale,Comprimé,ABC,,False,24
Annexe 1 — Medicaments Essentiels,Liste Principale,18,MÉDICAMENTS DU SYSTEME CARDIOVASCULAIRE ANALEPTIQUES CARDIO-CIRCULATOIRES ET MODERATEURS,18.04,ANTIHYPERTENSEURS,Bisoprolol,"2,5mg",Orale,Comprimé,ABC,,False,24
Annexe 1 — Medicaments Essentiels,Liste Principale,18,MÉDICAMENTS DU SYSTEME CARDIOVASCULAIRE ANALEPTIQUES CARDIO-CIRCULATOIRES ET MODERATEURS,18.04,ANTIHYPERTENSEURS,Captopril,25 mg,Orale,Comprimé,ABC,,False,24
Annexe 1 — Medicaments Essentiels,Liste Principale,18,MÉDICAMENTS DU SYSTEME CARDIOVASCULAIRE ANALEPTIQUES CARDIO-CIRCULATOIRES ET MODERATEURS,18.04,ANTIHYPERTENSEURS,Captopril,50 mg,Orale,Comprimé,ABC,,False,24
Annexe 1 — Medicaments Essentiels,Liste Principale,18,MÉDICAMENTS DU SYSTEME CARDIOVASCULAIRE ANALEPTIQUES CARDIO-CIRCULATOIRES ET MODERATEURS,18.04,ANTIHYPERTENSEURS,Furosémide,20 mg/2 ml,Parentérale,Solution injectable,ABC,,False,24
Annexe 1 — Medicaments Essentiels,Liste Principale,18,MÉDICAMENTS DU SYSTEME CARDIOVASCULAIRE ANALEPTIQUES CARDIO-CIRCULATOIRES ET MODERATEURS,18.04,ANTIHYPERTENSEURS,Furosémide,250 mg/25 ml,Parentérale,Solution injectable,AB,,False,24
Annexe 1 — Medicaments Essentiels,Liste Principale,18,MÉDICAMENTS DU SYSTEME CARDIOVASCULAIRE ANALEPTIQUES CARDIO-CIRCULATOIRES ET MODERATEURS,18.04,ANTIHYPERTENSEURS,Furosémide,40 mg,Orale,Comprimé,ABC,,False,24
Annexe 1 — Medicaments Essentiels,Liste Principale,18,MÉDICAMENTS DU SYSTEME CARDIOVASCULAIRE ANALEPTIQUES CARDIO-CIRCULATOIRES ET MODERATEURS,18.04,ANTIHYPERTENSEURS,Labétolol,100mg,Parentérale,Solution injectable,AB,,False,24
Annexe 1 — Medicaments Essentiels,Liste Principale,18,MÉDICAMENTS DU SYSTEME CARDIOVASCULAIRE ANALEPTIQUES CARDIO-CIRCULATOIRES ET MODERATEURS,18.04,ANTIHYPERTENSEURS,Losartan,50 mg,Orale,Comprimé,ABC,,False,24
Annexe 1 — Medicaments Essentiels,Liste Principale,18,MÉDICAMENTS DU SYSTEME CARDIOVASCULAIRE ANALEPTIQUES CARDIO-CIRCULATOIRES ET MODERATEURS,18.04,ANTIHYPERTENSEURS,Nicardipine,10 mg/10ml,Parentérale,Solution injectable,ABC,,False,24
Annexe 1 — Medicaments Essentiels,Liste Principale,18,MÉDICAMENTS DU SYSTEME CARDIOVASCULAIRE ANALEPTIQUES CARDIO-CIRCULATOIRES ET MODERATEURS,18.04,ANTIHYPERTENSEURS,Nifédipine LP,20 mg,Orale,Comprimé,ABC,,False,24
Annexe 1 — Medicaments Essentiels,Liste Principale,18,MÉDICAMENTS DU SYSTEME CARDIOVASCULAIRE ANALEPTIQUES CARDIO-CIRCULATOIRES ET MODERATEURS,18.04,ANTIHYPERTENSEURS,Propranolol,5 mg/5 ml,Parentérale,Solution injectable,AB,,False,24
Annexe 1 — Medicaments Essentiels,Liste Principale,18,MÉDICAMENTS DU SYSTEME CARDIOVASCULAIRE ANALEPTIQUES CARDIO-CIRCULATOIRES ET MODERATEURS,18.04,ANTIHYPERTENSEURS,Propranolol,40mg,Orale,Comprimé,AB,,True,24
Annexe 1 — Medicaments Essentiels,Liste Principale,18,MÉDICAMENTS DU SYSTEME CARDIOVASCULAIRE ANALEPTIQUES CARDIO-CIRCULATOIRES ET MODERATEURS,18.04,ANTIHYPERTENSEURS,Propranolol,"3,75mg/ml",Orale,Sirop,A,,True,24
Annexe 1 — Medicaments Essentiels,Liste Principale,18,MÉDICAMENTS DU SYSTEME CARDIOVASCULAIRE ANALEPTIQUES CARDIO-CIRCULATOIRES ET MODERATEURS,18.04,ANTIHYPERTENSEURS,Ramipril,"2,5 mg",Orale,Comprimé,ABC,,False,24
Annexe 1 — Medicaments Essentiels,Liste Principale,18,MÉDICAMENTS DU SYSTEME CARDIOVASCULAIRE ANALEPTIQUES CARDIO-CIRCULATOIRES ET MODERATEURS,18.04,ANTIHYPERTENSEURS,Spironolactone,50 mg,Orale,Comprimé,ABC,,False,24
Annexe 1 — Medicaments Essentiels,Liste Principale,18,MÉDICAMENTS DU SYSTEME CARDIOVASCULAIRE ANALEPTIQUES CARDIO-CIRCULATOIRES ET MODERATEURS,18.04,ANTIHYPERTENSEURS,Valsartan,80 mg,Orale,Comprimé,ABC,,False,24
Annexe 1 — Medicaments Essentiels,Liste Principale,18,MÉDICAMENTS DU SYSTEME CARDIOVASCULAIRE ANALEPTIQUES CARDIO-CIRCULATOIRES ET MODERATEURS,18.05,GLUCOSIDES CARDIOTONIQUES,Digitoxine,"0,1 mg",Orale,Comprimé,A,,False,24
Annexe 1 — Medicaments Essentiels,Liste Principale,18,MÉDICAMENTS DU SYSTEME CARDIOVASCULAIRE ANALEPTIQUES CARDIO-CIRCULATOIRES ET MODERATEURS,18.05,GLUCOSIDES CARDIOTONIQUES,Digoxine,"0,25 mg",Orale,Comprimé,AB,,False,24
Annexe 1 — Medicaments Essentiels,Liste Principale,18,MÉDICAMENTS DU SYSTEME CARDIOVASCULAIRE ANALEPTIQUES CARDIO-CIRCULATOIRES ET MODERATEURS,18.05,GLUCOSIDES CARDIOTONIQUES,Digoxine,"0,05 mg/ml",Parentérale,Solution injectable,A,,False,24
Annexe 1 — Medicaments Essentiels,Liste Principale,18,MÉDICAMENTS DU SYSTEME CARDIOVASCULAIRE ANALEPTIQUES CARDIO-CIRCULATOIRES ET MODERATEURS,18.05,GLUCOSIDES CARDIOTONIQUES,Digoxine,"0,5 mg/2ml",Parentérale,Solution injectable,AB,,False,24
Annexe 1 — Medicaments Essentiels,Liste Principale,18,MÉDICAMENTS DU SYSTEME CARDIOVASCULAIRE ANALEPTIQUES CARDIO-CIRCULATOIRES ET MODERATEURS,18.05,GLUCOSIDES CARDIOTONIQUES,Digoxine,50 µg/ml,Orale,Solution buvable,AB,,True,24
Annexe 1 — Medicaments Essentiels,Liste Principale,18,MÉDICAMENTS DU SYSTEME CARDIOVASCULAIRE ANALEPTIQUES CARDIO-CIRCULATOIRES ET MODERATEURS,18.06,INHIBITEURS DE LA PHOSPHODIESTERASE,Milrinone,10mg/10ml,Parentérale,Solution injectable,A,,False,24
Annexe 1 — Medicaments Essentiels,Liste Principale,18,MÉDICAMENTS DU SYSTEME CARDIOVASCULAIRE ANALEPTIQUES CARDIO-CIRCULATOIRES ET MODERATEURS,18.07,VASODILATATEURS,Alprostadil,"0,5 mg/ml",Parentérale,Solution injectable,AB,,False,24
Annexe 1 — Medicaments Essentiels,Liste Principale,18,MÉDICAMENTS DU SYSTEME CARDIOVASCULAIRE ANALEPTIQUES CARDIO-CIRCULATOIRES ET MODERATEURS,18.07,VASODILATATEURS,Enoximone,100 mg/20 ml,Parentérale,Solution injectable,A,,False,24
Annexe 1 — Medicaments Essentiels,Liste Principale,19,MÉDICAMENTS DU SYSTÈME NERVEUX MEDICAMENTS DU SYSTÈME NERVEUX CENTRAL,,,Alimémazine,4%,Orale,Solution buvable,ABC,,False,24
Annexe 1 — Medicaments Essentiels,Liste Principale,19,MÉDICAMENTS DU SYSTÈME NERVEUX MEDICAMENTS DU SYSTÈME NERVEUX CENTRAL,,,Amitriptyline,50 mg/2ml,Parentérale,Solution injectable,AB,,False,24
Annexe 1 — Medicaments Essentiels,Liste Principale,19,MÉDICAMENTS DU SYSTÈME NERVEUX MEDICAMENTS DU SYSTÈME NERVEUX CENTRAL,,,Amitriptyline,25 mg,Orale,Comprimé,ABC,,False,24
Annexe 1 — Medicaments Essentiels,Liste Principale,19,MÉDICAMENTS DU SYSTÈME NERVEUX MEDICAMENTS DU SYSTÈME NERVEUX CENTRAL,,,Amitriptyline,4%,Orale,Solution buvable,ABC,,False,24
Annexe 1 — Medicaments Essentiels,Liste Principale,19,MÉDICAMENTS DU SYSTÈME NERVEUX MEDICAMENTS DU SYSTÈME NERVEUX CENTRAL,,,Bipéridene,4 mg,Orale,Comprimé,ABC,,False,24
Annexe 1 — Medicaments Essentiels,Liste Principale,19,MÉDICAMENTS DU SYSTÈME NERVEUX MEDICAMENTS DU SYSTÈME NERVEUX CENTRAL,,,Bromazépam,6 mg,Orale,Comprimé,ABC,,False,24
Annexe 1 — Medicaments Essentiels,Liste Principale,19,MÉDICAMENTS DU SYSTÈME NERVEUX MEDICAMENTS DU SYSTÈME NERVEUX CENTRAL,,,Carbamazépine,100 mg/5ml,Orale,Suspension buvable,ABCD,,False,24
Annexe 1 — Medicaments Essentiels,Liste Principale,19,MÉDICAMENTS DU SYSTÈME NERVEUX MEDICAMENTS DU SYSTÈME NERVEUX CENTRAL,,,Carbamazépine,200 mg,Orale,Comprimé,ABCD,,False,24
Annexe 1 — Medicaments Essentiels,Liste Principale,19,MÉDICAMENTS DU SYSTÈME NERVEUX MEDICAMENTS DU SYSTÈME NERVEUX CENTRAL,,,Carbamazépine,200 mg,Orale,Comprimé LP,ABCD,,False,24
Annexe 1 — Medicaments Essentiels,Liste Principale,19,MÉDICAMENTS DU SYSTÈME NERVEUX MEDICAMENTS DU SYSTÈME NERVEUX CENTRAL,,,Carbamazépine,400 mg,Orale,Comprimé LP,ABCD,,False,24
Annexe 1 — Medicaments Essentiels,Liste Principale,19,MÉDICAMENTS DU SYSTÈME NERVEUX MEDICAMENTS DU SYSTÈME NERVEUX CENTRAL,,,Chlorpromazine,100 mg,Orale,Comprimé,ABC,,False,24
Annexe 1 — Medicaments Essentiels,Liste Principale,19,MÉDICAMENTS DU SYSTÈME NERVEUX MEDICAMENTS DU SYSTÈME NERVEUX CENTRAL,,,Chlorpromazine,4%,Orale,Solution buvable,AB,,False,24
Annexe 1 — Medicaments Essentiels,Liste Principale,19,MÉDICAMENTS DU SYSTÈME NERVEUX MEDICAMENTS DU SYSTÈME NERVEUX CENTRAL,,,Chlorpromazine,25 mg/5ml,Parentérale,Solution injectable,ABC,,False,24
Annexe 1 — Medicaments Essentiels,Liste Principale,19,MÉDICAMENTS DU SYSTÈME NERVEUX MEDICAMENTS DU SYSTÈME NERVEUX CENTRAL,,,Clomipramine,10 mg,Orale,Comprimé,AB,,False,24
Annexe 1 — Medicaments Essentiels,Liste Principale,19,MÉDICAMENTS DU SYSTÈME NERVEUX MEDICAMENTS DU SYSTÈME NERVEUX CENTRAL,,,Clomipramine,25 mg,Orale,Comprimé,AB,,False,24
Annexe 1 — Medicaments Essentiels,Liste Principale,19,MÉDICAMENTS DU SYSTÈME NERVEUX MEDICAMENTS DU SYSTÈME NERVEUX CENTRAL,,,Clomipramine,25 mg/2ml,Parentérale,Solution injectable,AB,,False,24
Annexe 1 — Medicaments Essentiels,Liste Principale,19,MÉDICAMENTS DU SYSTÈME NERVEUX MEDICAMENTS DU SYSTÈME NERVEUX CENTRAL,,,Clorazépate dipotassique,10 mg,Orale,Comprimé,AB,,False,24
Annexe 1 — Medicaments Essentiels,Liste Principale,19,MÉDICAMENTS DU SYSTÈME NERVEUX MEDICAMENTS DU SYSTÈME NERVEUX CENTRAL,,,Clorazépate dipotassique,50 mg,Orale,Comprimé,AB,,False,24
Annexe 1 — Medicaments Essentiels,Liste Principale,19,MÉDICAMENTS DU SYSTÈME NERVEUX MEDICAMENTS DU SYSTÈME NERVEUX CENTRAL,,,Clorazépate dipotassique,"50 mg/2,5 ml",Parentérale,Lyophilisat pour préparation injectable,AB,,False,24
Annexe 1 — Medicaments Essentiels,Liste Principale,19,MÉDICAMENTS DU SYSTÈME NERVEUX MEDICAMENTS DU SYSTÈME NERVEUX CENTRAL,,,Diazépam,10 mg,Orale,Comprimé,ABCD,,False,24
Annexe 1 — Medicaments Essentiels,Liste Principale,19,MÉDICAMENTS DU SYSTÈME NERVEUX MEDICAMENTS DU SYSTÈME NERVEUX CENTRAL,,,Diazépam,10 mg/2ml,Parentérale,Solution injectable,ABCD,,False,24
Annexe 1 — Medicaments Essentiels,Liste Principale,19,MÉDICAMENTS DU SYSTÈME NERVEUX MEDICAMENTS DU SYSTÈME NERVEUX CENTRAL MEDICAMENTS DU SYSTÈME NERVEUX CENTRAL,,,Escitalopram,10 mg,Orale,Comprimé,AB,,False,25
Annexe 1 — Medicaments Essentiels,Liste Principale,19,MÉDICAMENTS DU SYSTÈME NERVEUX MEDICAMENTS DU SYSTÈME NERVEUX CENTRAL MEDICAMENTS DU SYSTÈME NERVEUX CENTRAL,,,Escitalopram,5 mg,Orale,Comprimé,AB,,False,25
Annexe 1 — Medicaments Essentiels,Liste Principale,19,MÉDICAMENTS DU SYSTÈME NERVEUX MEDICAMENTS DU SYSTÈME NERVEUX CENTRAL MEDICAMENTS DU SYSTÈME NERVEUX CENTRAL,,,Fluoxetine,20 mg,Orale,Comprimé,AB,,False,25
Annexe 1 — Medicaments Essentiels,Liste Principale,19,MÉDICAMENTS DU SYSTÈME NERVEUX MEDICAMENTS DU SYSTÈME NERVEUX CENTRAL MEDICAMENTS DU SYSTÈME NERVEUX CENTRAL,,,Fluphénazine décanoas,25 mg/ml,Parentérale,Solution injectable,ABC,,False,25
Annexe 1 — Medicaments Essentiels,Liste Principale,19,MÉDICAMENTS DU SYSTÈME NERVEUX MEDICAMENTS DU SYSTÈME NERVEUX CENTRAL MEDICAMENTS DU SYSTÈME NERVEUX CENTRAL,,,Fosphénytoïne,75 mg/ml,Parentérale,Solution injectable,AB,,False,25
Annexe 1 — Medicaments Essentiels,Liste Principale,19,MÉDICAMENTS DU SYSTÈME NERVEUX MEDICAMENTS DU SYSTÈME NERVEUX CENTRAL MEDICAMENTS DU SYSTÈME NERVEUX CENTRAL,,,Halopéridol,5 mg,Orale,Comprimé,ABC,,False,25
Annexe 1 — Medicaments Essentiels,Liste Principale,19,MÉDICAMENTS DU SYSTÈME NERVEUX MEDICAMENTS DU SYSTÈME NERVEUX CENTRAL MEDICAMENTS DU SYSTÈME NERVEUX CENTRAL,,,Halopéridol,"0,2%",Orale,Solution buvable,AB,,False,25
Annexe 1 — Medicaments Essentiels,Liste Principale,19,MÉDICAMENTS DU SYSTÈME NERVEUX MEDICAMENTS DU SYSTÈME NERVEUX CENTRAL MEDICAMENTS DU SYSTÈME NERVEUX CENTRAL,,,Halopéridol,5 mg/ml,Parentérale,Solution injectable,ABC,,False,25
Annexe 1 — Medicaments Essentiels,Liste Principale,19,MÉDICAMENTS DU SYSTÈME NERVEUX MEDICAMENTS DU SYSTÈME NERVEUX CENTRAL MEDICAMENTS DU SYSTÈME NERVEUX CENTRAL,,,Halopéridol décanoas,50 mg/ml,Parentérale,Solution injectable,ABC,,False,25
Annexe 1 — Medicaments Essentiels,Liste Principale,19,MÉDICAMENTS DU SYSTÈME NERVEUX MEDICAMENTS DU SYSTÈME NERVEUX CENTRAL MEDICAMENTS DU SYSTÈME NERVEUX CENTRAL,,,Hydroxyzine,25 mg,Orale,Comprimé,ABC,,False,25
Annexe 1 — Medicaments Essentiels,Liste Principale,19,MÉDICAMENTS DU SYSTÈME NERVEUX MEDICAMENTS DU SYSTÈME NERVEUX CENTRAL MEDICAMENTS DU SYSTÈME NERVEUX CENTRAL,,,Hydroxyzine,100 mg/2 ml,Parentérale,Solution injectable,AB,,False,25
Annexe 1 — Medicaments Essentiels,Liste Principale,19,MÉDICAMENTS DU SYSTÈME NERVEUX MEDICAMENTS DU SYSTÈME NERVEUX CENTRAL MEDICAMENTS DU SYSTÈME NERVEUX CENTRAL,,,Imipramine,10 mg,Orale,Comprimé,AB,,False,25
Annexe 1 — Medicaments Essentiels,Liste Principale,19,MÉDICAMENTS DU SYSTÈME NERVEUX MEDICAMENTS DU SYSTÈME NERVEUX CENTRAL MEDICAMENTS DU SYSTÈME NERVEUX CENTRAL,,,Imipramine,25 mg,Orale,Comprimé,AB,,False,25
Annexe 1 — Medicaments Essentiels,Liste Principale,19,MÉDICAMENTS DU SYSTÈME NERVEUX MEDICAMENTS DU SYSTÈME NERVEUX CENTRAL MEDICAMENTS DU SYSTÈME NERVEUX CENTRAL,,,Lamotrigine,100 mg,Orale,Comprimé dispersible,AB,,False,25
Annexe 1 — Medicaments Essentiels,Liste Principale,19,MÉDICAMENTS DU SYSTÈME NERVEUX MEDICAMENTS DU SYSTÈME NERVEUX CENTRAL MEDICAMENTS DU SYSTÈME NERVEUX CENTRAL,,,Lamotrigine,25 mg,Orale,Comprimé dispersible,AB,,False,25
Annexe 1 — Medicaments Essentiels,Liste Principale,19,MÉDICAMENTS DU SYSTÈME NERVEUX MEDICAMENTS DU SYSTÈME NERVEUX CENTRAL MEDICAMENTS DU SYSTÈME NERVEUX CENTRAL,,,Lévodopa+Benserazide,125 mg,Orale,Comprimé dispersible,AB,,False,25
Annexe 1 — Medicaments Essentiels,Liste Principale,19,MÉDICAMENTS DU SYSTÈME NERVEUX MEDICAMENTS DU SYSTÈME NERVEUX CENTRAL MEDICAMENTS DU SYSTÈME NERVEUX CENTRAL,,,Lévomépromazine,100 mg,Orale,Comprimé,AB,,False,25
Annexe 1 — Medicaments Essentiels,Liste Principale,19,MÉDICAMENTS DU SYSTÈME NERVEUX MEDICAMENTS DU SYSTÈME NERVEUX CENTRAL MEDICAMENTS DU SYSTÈME NERVEUX CENTRAL,,,Lévomépromazine,25 mg/ml,Parentérale,Solution injectable,AB,,False,25
Annexe 1 — Medicaments Essentiels,Liste Principale,19,MÉDICAMENTS DU SYSTÈME NERVEUX MEDICAMENTS DU SYSTÈME NERVEUX CENTRAL MEDICAMENTS DU SYSTÈME NERVEUX CENTRAL,,,Lévomépromazine,4%,Orale,Solution buvable,AB,,False,25
Annexe 1 — Medicaments Essentiels,Liste Principale,19,MÉDICAMENTS DU SYSTÈME NERVEUX MEDICAMENTS DU SYSTÈME NERVEUX CENTRAL MEDICAMENTS DU SYSTÈME NERVEUX CENTRAL,,,Lorazépam,"2,5 mg",Orale,Comprimé,ABC,,False,25
Annexe 1 — Medicaments Essentiels,Liste Principale,19,MÉDICAMENTS DU SYSTÈME NERVEUX MEDICAMENTS DU SYSTÈME NERVEUX CENTRAL MEDICAMENTS DU SYSTÈME NERVEUX CENTRAL,,,Lorazépam,1 mg,Orale,Comprimé,ABC,,False,25
Annexe 1 — Medicaments Essentiels,Liste Principale,19,MÉDICAMENTS DU SYSTÈME NERVEUX MEDICAMENTS DU SYSTÈME NERVEUX CENTRAL MEDICAMENTS DU SYSTÈME NERVEUX CENTRAL,,,Mannitol,20%,Parentérale,Solution injectable,AB,,False,25
Annexe 1 — Medicaments Essentiels,Liste Principale,19,MÉDICAMENTS DU SYSTÈME NERVEUX MEDICAMENTS DU SYSTÈME NERVEUX CENTRAL MEDICAMENTS DU SYSTÈME NERVEUX CENTRAL,,,Midazolam,5 mg/ml,Parentérale,Solution injectable,ABC,,False,25
Annexe 1 — Medicaments Essentiels,Liste Principale,19,MÉDICAMENTS DU SYSTÈME NERVEUX MEDICAMENTS DU SYSTÈME NERVEUX CENTRAL MEDICAMENTS DU SYSTÈME NERVEUX CENTRAL,,,Olanzapine,5 mg,Orale,Comprimé,ABC,,False,25
Annexe 1 — Medicaments Essentiels,Liste Principale,19,MÉDICAMENTS DU SYSTÈME NERVEUX MEDICAMENTS DU SYSTÈME NERVEUX CENTRAL MEDICAMENTS DU SYSTÈME NERVEUX CENTRAL,,,Olanzapine,10 mg,Orale,Comprimé,ABC,,False,25
Annexe 1 — Medicaments Essentiels,Liste Principale,19,MÉDICAMENTS DU SYSTÈME NERVEUX MEDICAMENTS DU SYSTÈME NERVEUX CENTRAL MEDICAMENTS DU SYSTÈME NERVEUX CENTRAL,,,Oxazépam,50 mg,Orale,Comprimé,ABC,,False,25
Annexe 1 — Medicaments Essentiels,Liste Principale,19,MÉDICAMENTS DU SYSTÈME NERVEUX MEDICAMENTS DU SYSTÈME NERVEUX CENTRAL MEDICAMENTS DU SYSTÈME NERVEUX CENTRAL,,,Paroxétine,20 mg,Orale,Comprimé,AB,,False,25
Annexe 1 — Medicaments Essentiels,Liste Principale,19,MÉDICAMENTS DU SYSTÈME NERVEUX MEDICAMENTS DU SYSTÈME NERVEUX CENTRAL MEDICAMENTS DU SYSTÈME NERVEUX CENTRAL,,,Penfludol,20 mg,Orale,Comprimé,ABC,,False,25
Annexe 1 — Medicaments Essentiels,Liste Principale,19,MÉDICAMENTS DU SYSTÈME NERVEUX MEDICAMENTS DU SYSTÈME NERVEUX CENTRAL MEDICAMENTS DU SYSTÈME NERVEUX CENTRAL,,,Phénobarbital,40 mg,Parentérale,Poudre pour préparation injectable,ABC,,False,25
Annexe 1 — Medicaments Essentiels,Liste Principale,19,MÉDICAMENTS DU SYSTÈME NERVEUX MEDICAMENTS DU SYSTÈME NERVEUX CENTRAL MEDICAMENTS DU SYSTÈME NERVEUX CENTRAL,,,Phénobarbital,100 mg,Orale,Comprimé,ABCD,,False,25
Annexe 1 — Medicaments Essentiels,Liste Principale,19,MÉDICAMENTS DU SYSTÈME NERVEUX MEDICAMENTS DU SYSTÈME NERVEUX CENTRAL MEDICAMENTS DU SYSTÈME NERVEUX CENTRAL,,,Phénytoine,30 mg/5 ml,Orale,Suspension buvable,AB,,False,25
Annexe 1 — Medicaments Essentiels,Liste Principale,19,MÉDICAMENTS DU SYSTÈME NERVEUX MEDICAMENTS DU SYSTÈME NERVEUX CENTRAL MEDICAMENTS DU SYSTÈME NERVEUX CENTRAL,,,Pipamperone,4%,Orale,Solution buvable,ABC,,False,25
Annexe 1 — Medicaments Essentiels,Liste Principale,19,MÉDICAMENTS DU SYSTÈME NERVEUX MEDICAMENTS DU SYSTÈME NERVEUX CENTRAL MEDICAMENTS DU SYSTÈME NERVEUX CENTRAL,,,Pipamperone,40 mg,Orale,Comprimé,ABC,,False,25
Annexe 1 — Medicaments Essentiels,Liste Principale,19,MÉDICAMENTS DU SYSTÈME NERVEUX MEDICAMENTS DU SYSTÈME NERVEUX CENTRAL MEDICAMENTS DU SYSTÈME NERVEUX CENTRAL,,,Piracétam,3 g/15 ml,Parentérale,Solution injectable,AB,,False,25
Annexe 1 — Medicaments Essentiels,Liste Principale,19,MÉDICAMENTS DU SYSTÈME NERVEUX MEDICAMENTS DU SYSTÈME NERVEUX CENTRAL MEDICAMENTS DU SYSTÈME NERVEUX CENTRAL,,,Rispéridone,1 mg,Orale,Comprimé,AB,,False,25
Annexe 1 — Medicaments Essentiels,Liste Principale,19,MÉDICAMENTS DU SYSTÈME NERVEUX MEDICAMENTS DU SYSTÈME NERVEUX CENTRAL MEDICAMENTS DU SYSTÈME NERVEUX CENTRAL,,,Rispéridone,2 mg,Orale,Comprimé,AB,,False,25
Annexe 1 — Medicaments Essentiels,Liste Principale,19,MÉDICAMENTS DU SYSTÈME NERVEUX MEDICAMENTS DU SYSTÈME NERVEUX CENTRAL MEDICAMENTS DU SYSTÈME NERVEUX CENTRAL,,,Tétracosactide,"0,25 mg/ml",Parentérale,Suspension injectable,AB,,True,25
Annexe 1 — Medicaments Essentiels,Liste Principale,19,MÉDICAMENTS DU SYSTÈME NERVEUX MEDICAMENTS DU SYSTÈME NERVEUX CENTRAL MEDICAMENTS DU SYSTÈME NERVEUX CENTRAL,,,Tétracosactide,"0,5 mg/0,5 ml",Parentérale,Suspension injectable,AB,,False,25
Annexe 1 — Medicaments Essentiels,Liste Principale,19,MÉDICAMENTS DU SYSTÈME NERVEUX MEDICAMENTS DU SYSTÈME NERVEUX CENTRAL MEDICAMENTS DU SYSTÈME NERVEUX CENTRAL,,,Trihexyphenidyle,2 mg,Orale,Comprimé,ABC,,False,25
Annexe 1 — Medicaments Essentiels,Liste Principale,19,MÉDICAMENTS DU SYSTÈME NERVEUX MEDICAMENTS DU SYSTÈME NERVEUX CENTRAL MEDICAMENTS DU SYSTÈME NERVEUX CENTRAL,,,Trihexyphenidyle,5 mg,Orale,Comprimé,ABCD,,False,25
Annexe 1 — Medicaments Essentiels,Liste Principale,19,MÉDICAMENTS DU SYSTÈME NERVEUX MEDICAMENTS DU SYSTÈME NERVEUX CENTRAL MEDICAMENTS DU SYSTÈME NERVEUX CENTRAL,,,Tropatepine,10 mg,Orale,Comprimé,ABC,,False,25
Annexe 1 — Medicaments Essentiels,Liste Principale,19,MÉDICAMENTS DU SYSTÈME NERVEUX MEDICAMENTS DU SYSTÈME NERVEUX CENTRAL MEDICAMENTS DU SYSTÈME NERVEUX CENTRAL,,,Valproate de sodium,200 mg,Orale,Comprimé,ABC,,False,25
Annexe 1 — Medicaments Essentiels,Liste Principale,19,MÉDICAMENTS DU SYSTÈME NERVEUX MEDICAMENTS DU SYSTÈME NERVEUX CENTRAL MEDICAMENTS DU SYSTÈME NERVEUX CENTRAL,,,Valproate de sodium,200 mg/ml,Orale,Suspension buvable,ABC,,False,25
Annexe 1 — Medicaments Essentiels,Liste Principale,19,MÉDICAMENTS DU SYSTÈME NERVEUX MEDICAMENTS DU SYSTÈME NERVEUX CENTRAL MEDICAMENTS DU SYSTÈME NERVEUX CENTRAL,,,Valproate de sodium,500 mg,Orale,Comprimé,ABC,,False,25
Annexe 1 — Medicaments Essentiels,Liste Principale,19,MÉDICAMENTS DU SYSTÈME NERVEUX MEDICAMENTS DU SYSTÈME NERVEUX CENTRAL MEDICAMENTS DU SYSTÈME NERVEUX CENTRAL,,,Valpromide de sodium,300 mg,Orale,Comprimé,AB,,False,25
Annexe 1 — Medicaments Essentiels,Liste Principale,19,MÉDICAMENTS DU SYSTÈME NERVEUX MEDICAMENTS DU SYSTÈME NERVEUX CENTRAL MEDICAMENTS DU SYSTÈME NERVEUX CENTRAL,,,Zolpiden,10 mg,Orale,Comprimé,ABC,,False,25
Annexe 1 — Medicaments Essentiels,Liste Principale,19,MÉDICAMENTS DU SYSTÈME NERVEUX MEDICAMENTS DU SYSTÈME NERVEUX CENTRAL MEDICAMENTS DU SYSTÈME NERVEUX CENTRAL MEDICAMENTS DU SYSTÈME NERVEUX PERIPHERIQUE,,,Complexe vitaminique,----,Parentérale,Solution injectable,ABC,,False,25
Annexe 1 — Medicaments Essentiels,Liste Principale,20,MEDICAMENTS UTILISES EN DERMATOLOGIE,,,Acide azélaïque,20%,Cutanée,Crème,ABCD,,False,25
Annexe 1 — Medicaments Essentiels,Liste Principale,20,MEDICAMENTS UTILISES EN DERMATOLOGIE,,,Acide fusidique,2%,Cutanée,Crème,ABCD,,False,25
Annexe 1 — Medicaments Essentiels,Liste Principale,20,MEDICAMENTS UTILISES EN DERMATOLOGIE,,,Acide fusidique,2%,Cutanée,Pommade,ABCD,,False,25
Annexe 1 — Medicaments Essentiels,Liste Principale,20,MEDICAMENTS UTILISES EN DERMATOLOGIE,,,Acide salicylique,----,Cutanée,Poudre,AB,,False,26
Annexe 1 — Medicaments Essentiels,Liste Principale,20,MEDICAMENTS UTILISES EN DERMATOLOGIE,,,Benzoate de benzyle,10%,Cutanée,Émulsion,ABCD,,False,26
Annexe 1 — Medicaments Essentiels,Liste Principale,20,MEDICAMENTS UTILISES EN DERMATOLOGIE,,,Clobétasol propionate,"0,050%",Cutanée,Crème,ABCD,,False,26
Annexe 1 — Medicaments Essentiels,Liste Principale,20,MEDICAMENTS UTILISES EN DERMATOLOGIE,,,Clobétasol propionate,"0,050%",Cutanée,Gel,ABCD,,False,26
Annexe 1 — Medicaments Essentiels,Liste Principale,20,MEDICAMENTS UTILISES EN DERMATOLOGIE,,,Cyclopyrox olamine,"1,0%",Cutanée,Crème,ABCD,,False,26
Annexe 1 — Medicaments Essentiels,Liste Principale,20,MEDICAMENTS UTILISES EN DERMATOLOGIE,,,Cyclopyrox olamine,"8,0%",Cutanée,Filmogène,ABCD,,False,26
Annexe 1 — Medicaments Essentiels,Liste Principale,20,MEDICAMENTS UTILISES EN DERMATOLOGIE,,,Cyclopyrox olamine,"1,0%",Cutanée,Poudre,ABCD,,False,26
Annexe 1 — Medicaments Essentiels,Liste Principale,20,MEDICAMENTS UTILISES EN DERMATOLOGIE,,,Cyclopyrox olamine,"1,0%",Cutanée,Solution,ABCD,,False,26
Annexe 1 — Medicaments Essentiels,Liste Principale,20,MEDICAMENTS UTILISES EN DERMATOLOGIE,,,Erythromycine,4%,Cutanée,Solution,ABCD,Accès,False,26
Annexe 1 — Medicaments Essentiels,Liste Principale,20,MEDICAMENTS UTILISES EN DERMATOLOGIE,,,Isotretinoine isotretinoine,20 mg,Orale,Comprimé,A,,False,26
Annexe 1 — Medicaments Essentiels,Liste Principale,20,MEDICAMENTS UTILISES EN DERMATOLOGIE,,,Isotretinoine isotretinoine,30 mg,Orale,Comprimé,A,,False,26
Annexe 1 — Medicaments Essentiels,Liste Principale,20,MEDICAMENTS UTILISES EN DERMATOLOGIE,,,Isotretinoine isotretinoine,40 mg,Orale,Comprimé,A,,False,26
Annexe 1 — Medicaments Essentiels,Liste Principale,20,MEDICAMENTS UTILISES EN DERMATOLOGIE,,,Méthotrexate,15 mg,Parentérale,Solution Injectable,A,,False,26
Annexe 1 — Medicaments Essentiels,Liste Principale,20,MEDICAMENTS UTILISES EN DERMATOLOGIE,,,Méthotrexate,20 mg,Parentérale,Solution Injectable,A,,False,26
Annexe 1 — Medicaments Essentiels,Liste Principale,20,MEDICAMENTS UTILISES EN DERMATOLOGIE,,,Méthotrexate,25 mg,Parentérale,Solution Injectable,A,,False,26
Annexe 1 — Medicaments Essentiels,Liste Principale,20,MEDICAMENTS UTILISES EN DERMATOLOGIE,,,Mupirocine,2%,Cutanée,Pommade,ABCD,,False,26
Annexe 1 — Medicaments Essentiels,Liste Principale,20,MEDICAMENTS UTILISES EN DERMATOLOGIE,,,Omalizumab omalizumab,75 mg,Parentérale,Solution Injectable,A,,False,26
Annexe 1 — Medicaments Essentiels,Liste Principale,20,MEDICAMENTS UTILISES EN DERMATOLOGIE,,,Omalizumab omalizumab,150 mg,Parentérale,Solution Injectable,A,,False,26
Annexe 1 — Medicaments Essentiels,Liste Principale,20,MEDICAMENTS UTILISES EN DERMATOLOGIE,,,Permanganate de potassium,"0,50 g",Cutanée,Poudre,ABCD,,False,26
Annexe 1 — Medicaments Essentiels,Liste Principale,20,MEDICAMENTS UTILISES EN DERMATOLOGIE,,,Peroxyde benzoyl,"2,5%",Cutanée,Gel,AB,,False,26
Annexe 1 — Medicaments Essentiels,Liste Principale,20,MEDICAMENTS UTILISES EN DERMATOLOGIE,,,Peroxyde benzoyl,5%,Cutanée,Gel,AB,,False,26
Annexe 1 — Medicaments Essentiels,Liste Principale,20,MEDICAMENTS UTILISES EN DERMATOLOGIE,,,Peroxyde benzoyl,10%,Cutanée,Gel,AB,,False,26
Annexe 1 — Medicaments Essentiels,Liste Principale,20,MEDICAMENTS UTILISES EN DERMATOLOGIE,,,Pyrethrinoide pyrethrinoide,200 ml,Literie/lingerie,Aérosol,ABCD,,False,26
Annexe 1 — Medicaments Essentiels,Liste Principale,20,MEDICAMENTS UTILISES EN DERMATOLOGIE,,,Rutiximab rutiximab,100 mg,Parentérale,Solution Injectable,A,,False,26
Annexe 1 — Medicaments Essentiels,Liste Principale,20,MEDICAMENTS UTILISES EN DERMATOLOGIE,,,Rutiximab rutiximab,500 mg,Parentérale,Solution Injectable,A,,False,26
Annexe 1 — Medicaments Essentiels,Liste Principale,20,MEDICAMENTS UTILISES EN DERMATOLOGIE,,,Sulfadiazine argentique,,Cutanée,Crème,ABCD,Accès,False,26
Annexe 1 — Medicaments Essentiels,Liste Principale,20,MEDICAMENTS UTILISES EN DERMATOLOGIE,,,Tacrolimus,"0,10%",Cutanée,Gel,AB,,False,26
Annexe 1 — Medicaments Essentiels,Liste Principale,20,MEDICAMENTS UTILISES EN DERMATOLOGIE,,,Tacrolimus,"0,03%",Cutanée,Gel,AB,,False,26
Annexe 1 — Medicaments Essentiels,Liste Principale,20,MEDICAMENTS UTILISES EN DERMATOLOGIE,,,Terbinafine,250 mg,Orale,Comprimé,ABC,,False,26
Annexe 1 — Medicaments Essentiels,Liste Principale,20,MEDICAMENTS UTILISES EN DERMATOLOGIE,,,Tretinoine,"0,05%",Cutanée,Crème,AB,,False,26
Annexe 1 — Medicaments Essentiels,Liste Principale,20,MEDICAMENTS UTILISES EN DERMATOLOGIE,,,Valerate betamethasone,"0,010%",Cutanée,Crème,ABCD,,False,26
Annexe 1 — Medicaments Essentiels,Liste Principale,20,MEDICAMENTS UTILISES EN DERMATOLOGIE,,,Valerate betamethasone,"0,010%",Cutanée,Pommade,ABCD,,False,26
Annexe 1 — Medicaments Essentiels,Liste Principale,20,MEDICAMENTS UTILISES EN DERMATOLOGIE,,,Valerate betamethasone,"0,010%",Cutanée,Lotion,ABCD,,False,26
Annexe 1 — Medicaments Essentiels,Liste Principale,20,MEDICAMENTS UTILISES EN DERMATOLOGIE,,,Vaseline officinale,----,Cutanée,Pommade,ABCD,,False,26
Annexe 1 — Medicaments Essentiels,Liste Principale,21,MEDICAMENTS UTILISES EN OPHTALMOLOGIE,21.01,MYDRIATIQUES/GOUTTES DILATATRICES/CYCLOPLÉGIQUES,Atropine,"0,50%",Ophtalmique,Collyre,ABCD,,True,26
Annexe 1 — Medicaments Essentiels,Liste Principale,21,MEDICAMENTS UTILISES EN OPHTALMOLOGIE,21.01,MYDRIATIQUES/GOUTTES DILATATRICES/CYCLOPLÉGIQUES,Atropine,1%,Ophtalmique,Collyre,ABCD,,False,26
Annexe 1 — Medicaments Essentiels,Liste Principale,21,MEDICAMENTS UTILISES EN OPHTALMOLOGIE,21.01,MYDRIATIQUES/GOUTTES DILATATRICES/CYCLOPLÉGIQUES,Cyclopentolate,"0,50%",Ophtalmique,Collyre,ABCD,,False,26
Annexe 1 — Medicaments Essentiels,Liste Principale,21,MEDICAMENTS UTILISES EN OPHTALMOLOGIE,21.01,MYDRIATIQUES/GOUTTES DILATATRICES/CYCLOPLÉGIQUES,Cyclopentolate,1%,Ophtalmique,Collyre,ABCD,,False,26
Annexe 1 — Medicaments Essentiels,Liste Principale,21,MEDICAMENTS UTILISES EN OPHTALMOLOGIE,21.01,MYDRIATIQUES/GOUTTES DILATATRICES/CYCLOPLÉGIQUES,"Épinéphrine (adrénaline), collyre à 2 %",2%,Ophtalmique,Collyre,ABC,,False,26
Annexe 1 — Medicaments Essentiels,Liste Principale,21,MEDICAMENTS UTILISES EN OPHTALMOLOGIE,21.01,MYDRIATIQUES/GOUTTES DILATATRICES/CYCLOPLÉGIQUES,Homatropine,2%,Ophtalmique,Collyre,ABC,,False,26
Annexe 1 — Medicaments Essentiels,Liste Principale,21,MEDICAMENTS UTILISES EN OPHTALMOLOGIE,21.01,MYDRIATIQUES/GOUTTES DILATATRICES/CYCLOPLÉGIQUES,Néosynéphrine,10%,Ophtalmique,Collyre,ABC,,False,26
Annexe 1 — Medicaments Essentiels,Liste Principale,21,MEDICAMENTS UTILISES EN OPHTALMOLOGIE,21.01,MYDRIATIQUES/GOUTTES DILATATRICES/CYCLOPLÉGIQUES,Tropicamide,"0,50%",Ophtalmique,Collyre,ABC,,False,26
Annexe 1 — Medicaments Essentiels,Liste Principale,21,MEDICAMENTS UTILISES EN OPHTALMOLOGIE,21.01,MYDRIATIQUES/GOUTTES DILATATRICES/CYCLOPLÉGIQUES PRÉPARATIONS POUR L’ANESTHÉSIE LOCALE,Chlorhydrate de bupivacaïne,"0,5 %, 20 ml",Parentérale,Solution injectable,ABC,,False,26
Annexe 1 — Medicaments Essentiels,Liste Principale,21,MEDICAMENTS UTILISES EN OPHTALMOLOGIE,21.01,MYDRIATIQUES/GOUTTES DILATATRICES/CYCLOPLÉGIQUES PRÉPARATIONS POUR L’ANESTHÉSIE LOCALE,Chlorhydrate de lidocaïne (avec épinéphrine 1:100.000),2 % 50ml,Parentérale,Solution injectable,ABC,,False,26
Annexe 1 — Medicaments Essentiels,Liste Principale,21,MEDICAMENTS UTILISES EN OPHTALMOLOGIE,21.01,MYDRIATIQUES/GOUTTES DILATATRICES/CYCLOPLÉGIQUES PRÉPARATIONS POUR L’ANESTHÉSIE LOCALE,Chlorhydrate de lidocaïne (sans épinéphrine),2 % 50ml,Parentérale,Solution injectable,ABC,,False,26
Annexe 1 — Medicaments Essentiels,Liste Principale,21,MEDICAMENTS UTILISES EN OPHTALMOLOGIE,21.01,MYDRIATIQUES/GOUTTES DILATATRICES/CYCLOPLÉGIQUES PRÉPARATIONS POUR L’ANESTHÉSIE LOCALE,Oxybuprocaïne,"0,40%",Ophtalmique,Collyre,ABCD,,False,26
Annexe 1 — Medicaments Essentiels,Liste Principale,21,MEDICAMENTS UTILISES EN OPHTALMOLOGIE,21.01,MYDRIATIQUES/GOUTTES DILATATRICES/CYCLOPLÉGIQUES PRÉPARATIONS POUR L’ANESTHÉSIE LOCALE,Tétracaïne,1%,Ophtalmique,Collyre,AB,,False,26
Annexe 1 — Medicaments Essentiels,Liste Principale,21,MEDICAMENTS UTILISES EN OPHTALMOLOGIE,21.03,ANTIBIOTIQUES TOPIQUES,Azithromycine,15 mg/g,Ophtalmique,Collyre,ABCD,Surveillance,False,27
Annexe 1 — Medicaments Essentiels,Liste Principale,21,MEDICAMENTS UTILISES EN OPHTALMOLOGIE,21.03,ANTIBIOTIQUES TOPIQUES,Ciprofloxacine,"0,3%",Ophtalmique,Collyre,ABC,Surveillance,False,27
Annexe 1 — Medicaments Essentiels,Liste Principale,21,MEDICAMENTS UTILISES EN OPHTALMOLOGIE,21.03,ANTIBIOTIQUES TOPIQUES,Erythromycine,"0,5%",Ophtalmique,Pommade ophtalmique,ABC,Accès,False,27
Annexe 1 — Medicaments Essentiels,Liste Principale,21,MEDICAMENTS UTILISES EN OPHTALMOLOGIE,21.03,ANTIBIOTIQUES TOPIQUES,Gentamicine,"0,3%",Ophtalmique,Collyre,ABC,Accès,False,27
Annexe 1 — Medicaments Essentiels,Liste Principale,21,MEDICAMENTS UTILISES EN OPHTALMOLOGIE,21.03,ANTIBIOTIQUES TOPIQUES,Levofloxacine,"0,5%",Ophtalmique,Collyre,AB,Surveillance,False,27
Annexe 1 — Medicaments Essentiels,Liste Principale,21,MEDICAMENTS UTILISES EN OPHTALMOLOGIE,21.03,ANTIBIOTIQUES TOPIQUES,Ofloxacine,"0,3%",Ophtalmique,Collyre,ABC,Surveillance,False,27
Annexe 1 — Medicaments Essentiels,Liste Principale,21,MEDICAMENTS UTILISES EN OPHTALMOLOGIE,21.03,ANTIBIOTIQUES TOPIQUES,Polymyxine B + Néomycine,100 000 UI + 34 000 UI/10 ml,Ophtalmique,Collyre,ABCD,,False,27
Annexe 1 — Medicaments Essentiels,Liste Principale,21,MEDICAMENTS UTILISES EN OPHTALMOLOGIE,21.03,ANTIBIOTIQUES TOPIQUES,Polymyxine B + Néomycine,50 000 UI + 17 000 UI/5 g,Ophtalmique,Pommade ophtalmique,ABCD,,False,27
Annexe 1 — Medicaments Essentiels,Liste Principale,21,MEDICAMENTS UTILISES EN OPHTALMOLOGIE,21.03,ANTIBIOTIQUES TOPIQUES,Rifamycine,1 000 000 UI/100 g,Ophtalmique,Pommade ophtalmique,ABCD,,False,27
Annexe 1 — Medicaments Essentiels,Liste Principale,21,MEDICAMENTS UTILISES EN OPHTALMOLOGIE,21.03,ANTIBIOTIQUES TOPIQUES,Rifamycine,1 000 000 UI/100 ml,Ophtalmique,Collyre,ABCD,,False,27
Annexe 1 — Medicaments Essentiels,Liste Principale,21,MEDICAMENTS UTILISES EN OPHTALMOLOGIE,21.03,ANTIBIOTIQUES TOPIQUES,Tétracycline,"1 %, 5 gm",Ophtalmique,Pommade ophtalmique,ABC,Accès,False,27
Annexe 1 — Medicaments Essentiels,Liste Principale,21,MEDICAMENTS UTILISES EN OPHTALMOLOGIE,21.03,ANTIBIOTIQUES TOPIQUES,Tobramycine,"0,3%",Ophtalmique,Collyre,ABC,,False,27
Annexe 1 — Medicaments Essentiels,Liste Principale,21,MEDICAMENTS UTILISES EN OPHTALMOLOGIE,21.04,STÉROÏDES TOPIQUES,Dexaméthasone,"0,10%",Ophtalmique,Pommade ophtalmique,ABC,,False,27
Annexe 1 — Medicaments Essentiels,Liste Principale,21,MEDICAMENTS UTILISES EN OPHTALMOLOGIE,21.04,STÉROÏDES TOPIQUES,Hydrocortisone,1%,Ophtalmique,Pommade ophtalmique,ABC,,False,27
Annexe 1 — Medicaments Essentiels,Liste Principale,21,MEDICAMENTS UTILISES EN OPHTALMOLOGIE,21.04,STÉROÏDES TOPIQUES,Prednisolone,"0,50%",Ophtalmique,Collyre,ABC,,False,27
Annexe 1 — Medicaments Essentiels,Liste Principale,21,MEDICAMENTS UTILISES EN OPHTALMOLOGIE,21.04,STÉROÏDES TOPIQUES ASSOCIATIONS D’ANTIBIOTIQUES ET DE STÉROÏDES,Framycétine + Dexaméthasone,31 500 UI + 5 mg,Ophtalmique,Poudre pour préparation ophtalmique,ABC,,False,27
Annexe 1 — Medicaments Essentiels,Liste Principale,21,MEDICAMENTS UTILISES EN OPHTALMOLOGIE,21.04,STÉROÏDES TOPIQUES ASSOCIATIONS D’ANTIBIOTIQUES ET DE STÉROÏDES,Néomycine + Polymixine B + Dexaméthasone,10 500 UI + 18 000UI + 3 mg/3 ml,Ophtalmique,Collyre,ABC,,False,27
Annexe 1 — Medicaments Essentiels,Liste Principale,21,MEDICAMENTS UTILISES EN OPHTALMOLOGIE,21.06,ANTIALLERGIQUES OPHTALMIQUES,Acide spaglumique,"4,90%",Ophtalmique,Collyre,ABCD,,False,27
Annexe 1 — Medicaments Essentiels,Liste Principale,21,MEDICAMENTS UTILISES EN OPHTALMOLOGIE,21.06,ANTIALLERGIQUES OPHTALMIQUES,Cromoglycate,2%,Ophtalmique,Collyre,ABCD,,False,27
Annexe 1 — Medicaments Essentiels,Liste Principale,21,MEDICAMENTS UTILISES EN OPHTALMOLOGIE,21.06,ANTIALLERGIQUES OPHTALMIQUES,Levocarbastine,"0,05%",Ophtalmique,Collyre,ABCD,,False,27
Annexe 1 — Medicaments Essentiels,Liste Principale,21,MEDICAMENTS UTILISES EN OPHTALMOLOGIE,21.06,ANTIALLERGIQUES OPHTALMIQUES GOUTTES LUBRIFIANTES TOPIQUES/SUBSTITUTS DE LARMES ARTIFICIELLES (SANS CONSERVATEUR SI POSSIBLE),Carboxyméthylcellulose,"0,2–1 %",Ophtalmique,Collyre,ABC,,False,27
Annexe 1 — Medicaments Essentiels,Liste Principale,21,MEDICAMENTS UTILISES EN OPHTALMOLOGIE,21.06,ANTIALLERGIQUES OPHTALMIQUES GOUTTES LUBRIFIANTES TOPIQUES/SUBSTITUTS DE LARMES ARTIFICIELLES (SANS CONSERVATEUR SI POSSIBLE),"Hydroxyéthylcellulose, Hydroxypropylméthylcellulose","0,2–2,5 %",Ophtalmique,Collyre,ABC,,False,27
Annexe 1 — Medicaments Essentiels,Liste Principale,21,MEDICAMENTS UTILISES EN OPHTALMOLOGIE,21.06,ANTIALLERGIQUES OPHTALMIQUES GOUTTES LUBRIFIANTES TOPIQUES/SUBSTITUTS DE LARMES ARTIFICIELLES (SANS CONSERVATEUR SI POSSIBLE),"Propylène glycol, polyéthylène glycol, glycérine","0,2–1 %",Ophtalmique,Collyre,ABC,,False,27
Annexe 1 — Medicaments Essentiels,Liste Principale,21,MEDICAMENTS UTILISES EN OPHTALMOLOGIE,21.08,ANTIGLAUCOMATEUX,Acétazolamide,250 mg,Orale,Comprimé,ABC,,False,27
Annexe 1 — Medicaments Essentiels,Liste Principale,21,MEDICAMENTS UTILISES EN OPHTALMOLOGIE,21.08,ANTIGLAUCOMATEUX,Acétazolamide,500 mg/5 ml,Parentérale,Lyophilisat pour préparation injectable,AB,,False,27
Annexe 1 — Medicaments Essentiels,Liste Principale,21,MEDICAMENTS UTILISES EN OPHTALMOLOGIE,21.08,ANTIGLAUCOMATEUX,Bétaxolol,"0,50%",Ophtalmique,Collyre,ABC,,False,27
Annexe 1 — Medicaments Essentiels,Liste Principale,21,MEDICAMENTS UTILISES EN OPHTALMOLOGIE,21.08,ANTIGLAUCOMATEUX,Cartéolol,"2,00%",Ophtalmique,Collyre,ABC,,False,27
Annexe 1 — Medicaments Essentiels,Liste Principale,21,MEDICAMENTS UTILISES EN OPHTALMOLOGIE,21.08,ANTIGLAUCOMATEUX,Cartéolol,"1,0%",Ophtalmique,Collyre,ABC,,False,27
Annexe 1 — Medicaments Essentiels,Liste Principale,21,MEDICAMENTS UTILISES EN OPHTALMOLOGIE,21.08,ANTIGLAUCOMATEUX,Latanaprost,"50 mcg/ml 2,5 ml",Ophtalmique,Collyre,ABC,,False,27
Annexe 1 — Medicaments Essentiels,Liste Principale,21,MEDICAMENTS UTILISES EN OPHTALMOLOGIE,21.08,ANTIGLAUCOMATEUX,Latanoprost ou Travopost,"0,005% ou 0,004 %",Ophtalmique,Collyre,ABC,,False,27
Annexe 1 — Medicaments Essentiels,Liste Principale,21,MEDICAMENTS UTILISES EN OPHTALMOLOGIE,21.08,ANTIGLAUCOMATEUX,Pilocarpine,2%,Ophtalmique,Collyre,ABC,,False,27
Annexe 1 — Medicaments Essentiels,Liste Principale,21,MEDICAMENTS UTILISES EN OPHTALMOLOGIE,21.08,ANTIGLAUCOMATEUX,Timolol,"0,50%",Ophtalmique,Collyre,ABC,,False,27
Annexe 1 — Medicaments Essentiels,Liste Principale,21,MEDICAMENTS UTILISES EN OPHTALMOLOGIE,21.08,ANTIGLAUCOMATEUX AUTRES MEDICAMENTS UTILISES EN OPHTALMOLOGIE,Borate sodium + Acide borique,60 mg + 90 mg/5 ml,Ophtalmique,Solution,ABCDE,,False,27
Annexe 1 — Medicaments Essentiels,Liste Principale,21,MEDICAMENTS UTILISES EN OPHTALMOLOGIE,21.08,ANTIGLAUCOMATEUX AUTRES MEDICAMENTS UTILISES EN OPHTALMOLOGIE,Diclofenac,"0,10%",Ophtalmique,Collyre,ABCD,,False,27
Annexe 1 — Medicaments Essentiels,Liste Principale,21,MEDICAMENTS UTILISES EN OPHTALMOLOGIE,21.08,ANTIGLAUCOMATEUX AUTRES MEDICAMENTS UTILISES EN OPHTALMOLOGIE AUTRES MEDICAMENTS UTILISES EN OPHTALMOLOGIE,Fluoresceine,"0,50%",Ophtalmique,Collyre,ABCD,,False,28
Annexe 1 — Medicaments Essentiels,Liste Principale,21,MEDICAMENTS UTILISES EN OPHTALMOLOGIE,21.08,ANTIGLAUCOMATEUX AUTRES MEDICAMENTS UTILISES EN OPHTALMOLOGIE AUTRES MEDICAMENTS UTILISES EN OPHTALMOLOGIE,Indométacine,"0,10%",Ophtalmique,Collyre,ABC,,False,28
Annexe 1 — Medicaments Essentiels,Liste Principale,22,MEDICAMENTS UTILISES EN OTORHINOLARYNGOLOGIE,22.01,ANTIALLERGIQUES,Prednisolone + Oxymétazoline,"17,8 mg + 2,5 mg/10 ml",Nasale,Poudre pour solution nasale,ABC,,False,28
Annexe 1 — Medicaments Essentiels,Liste Principale,22,MEDICAMENTS UTILISES EN OTORHINOLARYNGOLOGIE,22.01,ANTIALLERGIQUES,Tixocortol,1%,Nasale,Suspension pour pulvérisation nasale,ABC,,False,28
Annexe 1 — Medicaments Essentiels,Liste Principale,22,MEDICAMENTS UTILISES EN OTORHINOLARYNGOLOGIE,22.02,MEDICAMENTS UTILISES EN RHINOLOGIE,Fluticasone,50 µg/dose,Nasale,Suspension pour pulvérisation nasale,ABC,,True,28
Annexe 1 — Medicaments Essentiels,Liste Principale,22,MEDICAMENTS UTILISES EN OTORHINOLARYNGOLOGIE,22.02,MEDICAMENTS UTILISES EN RHINOLOGIE,Kit de lavage nasale,,Nasale,,ABCD,,False,28
Annexe 1 — Medicaments Essentiels,Liste Principale,22,MEDICAMENTS UTILISES EN OTORHINOLARYNGOLOGIE,22.02,MEDICAMENTS UTILISES EN RHINOLOGIE,Netilmicine,100 mg/ml,Parentérale,Solution injectable,ABC,,False,28
Annexe 1 — Medicaments Essentiels,Liste Principale,22,MEDICAMENTS UTILISES EN OTORHINOLARYNGOLOGIE,22.02,MEDICAMENTS UTILISES EN RHINOLOGIE,"Phenazone, Acide tanique, Hamamelis","187,5 mg + 3,125 g + 187,5 mg",Cutanée,Pommade,ABCD,,False,28
Annexe 1 — Medicaments Essentiels,Liste Principale,22,MEDICAMENTS UTILISES EN OTORHINOLARYNGOLOGIE,22.03,MEDICAMENTS UTILISES EN OTOLOGIE,Alcool boriqué,60%,Auriculaire,Solution auriculaire,ABC,,False,28
Annexe 1 — Medicaments Essentiels,Liste Principale,22,MEDICAMENTS UTILISES EN OTORHINOLARYNGOLOGIE,22.03,MEDICAMENTS UTILISES EN OTOLOGIE,Biclotymol,"2,5 g",Oropharynx,Spray,ABCD,,False,28
Annexe 1 — Medicaments Essentiels,Liste Principale,22,MEDICAMENTS UTILISES EN OTORHINOLARYNGOLOGIE,22.03,MEDICAMENTS UTILISES EN OTOLOGIE,Ofloxacine,"1,5 mg/0,5 ml",Auriculaire,Solution auriculaire,ABC,Surveillance,False,28
Annexe 1 — Medicaments Essentiels,Liste Principale,22,MEDICAMENTS UTILISES EN OTORHINOLARYNGOLOGIE,22.03,MEDICAMENTS UTILISES EN OTOLOGIE,Rifamycine,200 000 UI/10 ml,Auriculaire,Solution auriculaire,ABCD,,False,28
Annexe 1 — Medicaments Essentiels,Liste Principale,23,VACCINS ET PRÉPARATIONS IMMUNOLOGIQUES,,,HPV papillomavirus Humain,,Parentérale,Solution injectable,ABCD,,True,28
Annexe 1 — Medicaments Essentiels,Liste Principale,23,VACCINS ET PRÉPARATIONS IMMUNOLOGIQUES,,,Sérum antivénimeux polyvalent,----,Parentérale,Solution injectable,ABCD,,False,28
Annexe 1 — Medicaments Essentiels,Liste Principale,23,VACCINS ET PRÉPARATIONS IMMUNOLOGIQUES,,,Tuberculine,10 doses,Parentérale,Solution injectable,ABC,,False,28
Annexe 1 — Medicaments Essentiels,Liste Principale,23,VACCINS ET PRÉPARATIONS IMMUNOLOGIQUES,,,Vaccin Anti Rougeoleux Rubéoleux,10 doses,Parentérale,Solution injectable,ABCD,,True,28
Annexe 1 — Medicaments Essentiels,Liste Principale,23,VACCINS ET PRÉPARATIONS IMMUNOLOGIQUES,,,Vaccin antiamaril,10 doses,Parentérale,Poudre pour préparation injectable,ABCD,,True,28
Annexe 1 — Medicaments Essentiels,Liste Principale,23,VACCINS ET PRÉPARATIONS IMMUNOLOGIQUES,,,Vaccin antiamaril,5 doses,Parentérale,Poudre pour préparation injectable,ABCD,,True,28
Annexe 1 — Medicaments Essentiels,Liste Principale,23,VACCINS ET PRÉPARATIONS IMMUNOLOGIQUES,,,"Vaccin antidiphtérique, antitétanique, antipoliomyélitique",Monodose,Parentérale,Suspension injectable,A,,True,28
Annexe 1 — Medicaments Essentiels,Liste Principale,23,VACCINS ET PRÉPARATIONS IMMUNOLOGIQUES,,,Vaccin antigrippal,Monodose,Parentérale,Suspension injectable,A,,True,28
Annexe 1 — Medicaments Essentiels,Liste Principale,23,VACCINS ET PRÉPARATIONS IMMUNOLOGIQUES,,,Vaccin anti-hépatite B,20 μg/10 doses,Parentérale,Solution injectable,ABCD,,True,28
Annexe 1 — Medicaments Essentiels,Liste Principale,23,VACCINS ET PRÉPARATIONS IMMUNOLOGIQUES,,,Vaccin antiméningococcique A,10 doses,Parentérale,Poudre pour préparation injectable,ABCD,,True,28
Annexe 1 — Medicaments Essentiels,Liste Principale,23,VACCINS ET PRÉPARATIONS IMMUNOLOGIQUES,,,Vaccin antiméningococcique A+C,10 doses,Parentérale,Poudre pour préparation injectable,ABCD,,True,28
Annexe 1 — Medicaments Essentiels,Liste Principale,23,VACCINS ET PRÉPARATIONS IMMUNOLOGIQUES,,,Vaccin antiméningococcique ACYW 135,Monodose,Parentérale,Poudre pour préparation injectable,A,,True,28
Annexe 1 — Medicaments Essentiels,Liste Principale,23,VACCINS ET PRÉPARATIONS IMMUNOLOGIQUES,,,Vaccin antiméningococcique ACYW 135,10 doses,Parentérale,Poudre pour préparation injectable,A,,True,28
Annexe 1 — Medicaments Essentiels,Liste Principale,23,VACCINS ET PRÉPARATIONS IMMUNOLOGIQUES,,,Vaccin anti-pneumococcique,4 doses,Parentérale,Suspension injectable,ABC,,True,28
Annexe 1 — Medicaments Essentiels,Liste Principale,23,VACCINS ET PRÉPARATIONS IMMUNOLOGIQUES,,,Vaccin antipoliomyélitique,20 doses,Orale,Suspension injectable,ABCD,,True,28
Annexe 1 — Medicaments Essentiels,Liste Principale,23,VACCINS ET PRÉPARATIONS IMMUNOLOGIQUES,,,Vaccin antirabique,Monodose,Parentérale,Poudre pour préparation injectable,ABC,,True,28
Annexe 1 — Medicaments Essentiels,Liste Principale,23,VACCINS ET PRÉPARATIONS IMMUNOLOGIQUES,,,Vaccin antirotavirus,Monodose,Orale,Solution buvable,ABCD,,True,28
Annexe 1 — Medicaments Essentiels,Liste Principale,23,VACCINS ET PRÉPARATIONS IMMUNOLOGIQUES,,,"Vaccin antirougeoleux, antioreillon, antirubéoleux",Monodose,Parentérale,Poudre pour préparation injectable,A,,True,28
Annexe 1 — Medicaments Essentiels,Liste Principale,23,VACCINS ET PRÉPARATIONS IMMUNOLOGIQUES,,,Vaccin antitétanique,10 doses,Parentérale,Suspension injectable,ABCD,,True,28
Annexe 1 — Medicaments Essentiels,Liste Principale,23,VACCINS ET PRÉPARATIONS IMMUNOLOGIQUES,,,Vaccin antitétanique,20 doses,Parentérale,Suspension injectable,ABCD,,True,28
Annexe 1 — Medicaments Essentiels,Liste Principale,23,VACCINS ET PRÉPARATIONS IMMUNOLOGIQUES,,,"Vaccin antitétanique, antidiphtérique",10 doses,Parentérale,Solution injectable,ABCD,,True,29
Annexe 1 — Medicaments Essentiels,Liste Principale,23,VACCINS ET PRÉPARATIONS IMMUNOLOGIQUES,,,Vaccin antityphoïde capsulaire Vi,20 doses,Parentérale,Suspension injectable,A,,True,29
Annexe 1 — Medicaments Essentiels,Liste Principale,23,VACCINS ET PRÉPARATIONS IMMUNOLOGIQUES,,,Vaccin BCG,20 doses,Parentérale,Poudre pour préparation injectable,ABCD,,True,29
Annexe 1 — Medicaments Essentiels,Liste Principale,23,VACCINS ET PRÉPARATIONS IMMUNOLOGIQUES,,,Vaccin DT Coq+Hépatite B+Hib,10 doses,Parentérale,Solution injectable,ABCD,,True,29
Annexe 1 — Medicaments Essentiels,Liste Principale,23,VACCINS ET PRÉPARATIONS IMMUNOLOGIQUES,,,Vaccin DTCOQ+Hépatite B+ACTIB+polio,10 doses,Parentérale,Suspension injectable,A,,True,29
Annexe 1 — Medicaments Essentiels,Liste Principale,23,VACCINS ET PRÉPARATIONS IMMUNOLOGIQUES,,,Vaccin PCV13 contre Pneumocoque 13 valent Forme Ped,Monodose,Parentérale,Solution injectable,ABCD,,True,29
Annexe 1 — Medicaments Essentiels,Liste Principale,23,VACCINS ET PRÉPARATIONS IMMUNOLOGIQUES,,,Vaccin RTS’S Lyophilisé avec diluent 2 doses / flacon IM Conservation +2+8,Monodose,Parentérale,Solution injectable,ABCD,,True,29
Annexe 1 — Medicaments Essentiels,Liste Principale,23,VACCINS ET PRÉPARATIONS IMMUNOLOGIQUES,,,VPI vaccin polio inactivé,Monodose,Parentérale,Solution injectable,ABCD,,True,29
Annexe 1 — Medicaments Essentiels,Liste Principale,23,"VACCINS ET PRÉPARATIONS IMMUNOLOGIQUES SOLUTIONS DE CORRECTION DES TROUBLES HYDROÉLECTROLYTIQUES CORRECTEURS HYDRO-ÉLECTROLYTIQUES, SOLUTIONS DE PERFUSION",,,Calcium chlorure,10%,Parentérale,Solution injectable,ABCD,,False,29
Annexe 1 — Medicaments Essentiels,Liste Principale,23,"VACCINS ET PRÉPARATIONS IMMUNOLOGIQUES SOLUTIONS DE CORRECTION DES TROUBLES HYDROÉLECTROLYTIQUES CORRECTEURS HYDRO-ÉLECTROLYTIQUES, SOLUTIONS DE PERFUSION",,,Calcium gluconate,10%,Parentérale,Solution injectable,ABCD,,False,29
Annexe 1 — Medicaments Essentiels,Liste Principale,23,"VACCINS ET PRÉPARATIONS IMMUNOLOGIQUES SOLUTIONS DE CORRECTION DES TROUBLES HYDROÉLECTROLYTIQUES CORRECTEURS HYDRO-ÉLECTROLYTIQUES, SOLUTIONS DE PERFUSION",,,Dextrine maltose,----,Orale,Poudre,ABCD,,False,29
Annexe 1 — Medicaments Essentiels,Liste Principale,23,"VACCINS ET PRÉPARATIONS IMMUNOLOGIQUES SOLUTIONS DE CORRECTION DES TROUBLES HYDROÉLECTROLYTIQUES CORRECTEURS HYDRO-ÉLECTROLYTIQUES, SOLUTIONS DE PERFUSION",,,Dextrose (sérum glucosé),"30,0%",Parentérale,Solution injectable,ABC,,False,29
Annexe 1 — Medicaments Essentiels,Liste Principale,23,"VACCINS ET PRÉPARATIONS IMMUNOLOGIQUES SOLUTIONS DE CORRECTION DES TROUBLES HYDROÉLECTROLYTIQUES CORRECTEURS HYDRO-ÉLECTROLYTIQUES, SOLUTIONS DE PERFUSION",,,Dextrose (sérum glucosé),"5,0%",Parentérale,Solution injectable,ABCD,,False,29
Annexe 1 — Medicaments Essentiels,Liste Principale,23,"VACCINS ET PRÉPARATIONS IMMUNOLOGIQUES SOLUTIONS DE CORRECTION DES TROUBLES HYDROÉLECTROLYTIQUES CORRECTEURS HYDRO-ÉLECTROLYTIQUES, SOLUTIONS DE PERFUSION",,,Dextrose (sérum glucosé),"10,0%",Parentérale,Solution injectable,ABCD,,False,29
Annexe 1 — Medicaments Essentiels,Liste Principale,23,"VACCINS ET PRÉPARATIONS IMMUNOLOGIQUES SOLUTIONS DE CORRECTION DES TROUBLES HYDROÉLECTROLYTIQUES CORRECTEURS HYDRO-ÉLECTROLYTIQUES, SOLUTIONS DE PERFUSION",,,Eau pour préparation injectable,----,Parentérale,Solution injectable,ABCD,,False,29
Annexe 1 — Medicaments Essentiels,Liste Principale,23,"VACCINS ET PRÉPARATIONS IMMUNOLOGIQUES SOLUTIONS DE CORRECTION DES TROUBLES HYDROÉLECTROLYTIQUES CORRECTEURS HYDRO-ÉLECTROLYTIQUES, SOLUTIONS DE PERFUSION",,,Mannitol,10%,Parentérale,Solution injectable,AB,,False,29
Annexe 1 — Medicaments Essentiels,Liste Principale,23,"VACCINS ET PRÉPARATIONS IMMUNOLOGIQUES SOLUTIONS DE CORRECTION DES TROUBLES HYDROÉLECTROLYTIQUES CORRECTEURS HYDRO-ÉLECTROLYTIQUES, SOLUTIONS DE PERFUSION",,,Potassium chlorure,10%,Parentérale,Solution injectable,ABCD,,False,29
Annexe 1 — Medicaments Essentiels,Liste Principale,23,"VACCINS ET PRÉPARATIONS IMMUNOLOGIQUES SOLUTIONS DE CORRECTION DES TROUBLES HYDROÉLECTROLYTIQUES CORRECTEURS HYDRO-ÉLECTROLYTIQUES, SOLUTIONS DE PERFUSION",,,Ringer lactate,500 ml,Parentérale,Solution injectable,ABCD,,False,29
Annexe 1 — Medicaments Essentiels,Liste Principale,23,"VACCINS ET PRÉPARATIONS IMMUNOLOGIQUES SOLUTIONS DE CORRECTION DES TROUBLES HYDROÉLECTROLYTIQUES CORRECTEURS HYDRO-ÉLECTROLYTIQUES, SOLUTIONS DE PERFUSION",,,Ringer lactate,1000 ml,Parentérale,Solution injectable,ABCD,,False,29
Annexe 1 — Medicaments Essentiels,Liste Principale,23,"VACCINS ET PRÉPARATIONS IMMUNOLOGIQUES SOLUTIONS DE CORRECTION DES TROUBLES HYDROÉLECTROLYTIQUES CORRECTEURS HYDRO-ÉLECTROLYTIQUES, SOLUTIONS DE PERFUSION",,,Sodium bicarbonate,"4,2%/20 ml",Parentérale,Solution injectable,AB,,False,29
Annexe 1 — Medicaments Essentiels,Liste Principale,23,"VACCINS ET PRÉPARATIONS IMMUNOLOGIQUES SOLUTIONS DE CORRECTION DES TROUBLES HYDROÉLECTROLYTIQUES CORRECTEURS HYDRO-ÉLECTROLYTIQUES, SOLUTIONS DE PERFUSION",,,Sodium bicarbonate,"1,4%/500 ml",Parentérale,Solution injectable,AB,,False,29
Annexe 1 — Medicaments Essentiels,Liste Principale,23,"VACCINS ET PRÉPARATIONS IMMUNOLOGIQUES SOLUTIONS DE CORRECTION DES TROUBLES HYDROÉLECTROLYTIQUES CORRECTEURS HYDRO-ÉLECTROLYTIQUES, SOLUTIONS DE PERFUSION",,,Sodium bicarbonate,"4,2%/250 ml",Parentérale,Solution injectable,AB,,False,29
Annexe 1 — Medicaments Essentiels,Liste Principale,23,"VACCINS ET PRÉPARATIONS IMMUNOLOGIQUES SOLUTIONS DE CORRECTION DES TROUBLES HYDROÉLECTROLYTIQUES CORRECTEURS HYDRO-ÉLECTROLYTIQUES, SOLUTIONS DE PERFUSION",,,Sodium bicarbonate,"1,4%/250 ml",Parentérale,Solution injectable,ABCD,,False,29
Annexe 1 — Medicaments Essentiels,Liste Principale,23,"VACCINS ET PRÉPARATIONS IMMUNOLOGIQUES SOLUTIONS DE CORRECTION DES TROUBLES HYDROÉLECTROLYTIQUES CORRECTEURS HYDRO-ÉLECTROLYTIQUES, SOLUTIONS DE PERFUSION",,,Sodium bicarbonate,"1,4%/10 ml",Parentérale,Solution injectable,ABCD,,False,29
Annexe 1 — Medicaments Essentiels,Liste Principale,23,"VACCINS ET PRÉPARATIONS IMMUNOLOGIQUES SOLUTIONS DE CORRECTION DES TROUBLES HYDROÉLECTROLYTIQUES CORRECTEURS HYDRO-ÉLECTROLYTIQUES, SOLUTIONS DE PERFUSION",,,Sodium chlorure,"7,5%/100 ml",Parentérale,Solution injectable,A,,False,29
Annexe 1 — Medicaments Essentiels,Liste Principale,23,"VACCINS ET PRÉPARATIONS IMMUNOLOGIQUES SOLUTIONS DE CORRECTION DES TROUBLES HYDROÉLECTROLYTIQUES CORRECTEURS HYDRO-ÉLECTROLYTIQUES, SOLUTIONS DE PERFUSION",,,Sodium chlorure,20% /10 ml,Parentérale,Solution injectable,A,,False,29
Annexe 1 — Medicaments Essentiels,Liste Principale,23,"VACCINS ET PRÉPARATIONS IMMUNOLOGIQUES SOLUTIONS DE CORRECTION DES TROUBLES HYDROÉLECTROLYTIQUES CORRECTEURS HYDRO-ÉLECTROLYTIQUES, SOLUTIONS DE PERFUSION",,,Sodium chlorure,"0,9%/3000 ml",Parentérale,Solution injectable,AB,,False,29
Annexe 1 — Medicaments Essentiels,Liste Principale,23,"VACCINS ET PRÉPARATIONS IMMUNOLOGIQUES SOLUTIONS DE CORRECTION DES TROUBLES HYDROÉLECTROLYTIQUES CORRECTEURS HYDRO-ÉLECTROLYTIQUES, SOLUTIONS DE PERFUSION",,,Sodium chlorure,"0,9%/500 ml",Parentérale,Solution injectable,ABCD,,False,29
Annexe 1 — Medicaments Essentiels,Liste Principale,23,"VACCINS ET PRÉPARATIONS IMMUNOLOGIQUES SOLUTIONS DE CORRECTION DES TROUBLES HYDROÉLECTROLYTIQUES CORRECTEURS HYDRO-ÉLECTROLYTIQUES, SOLUTIONS DE PERFUSION",,,Sodium chlorure,"0,9%/250 ml",Parentérale,Solution injectable,ABCD,,False,29
Annexe 1 — Medicaments Essentiels,Liste Principale,23,"VACCINS ET PRÉPARATIONS IMMUNOLOGIQUES SOLUTIONS DE CORRECTION DES TROUBLES HYDROÉLECTROLYTIQUES CORRECTEURS HYDRO-ÉLECTROLYTIQUES, SOLUTIONS DE PERFUSION",,,Sodium chlorure,10%/10 ml,Parentérale,Solution injectable,ABCD,,False,29
Annexe 1 — Medicaments Essentiels,Liste Principale,23,"VACCINS ET PRÉPARATIONS IMMUNOLOGIQUES SOLUTIONS DE CORRECTION DES TROUBLES HYDROÉLECTROLYTIQUES CORRECTEURS HYDRO-ÉLECTROLYTIQUES, SOLUTIONS DE PERFUSION",,,Sodium chlorure,"0,9%/1000 ml",Parentérale,Solution injectable,ABCD,,False,29
Annexe 1 — Medicaments Essentiels,Liste Principale,23,"VACCINS ET PRÉPARATIONS IMMUNOLOGIQUES SOLUTIONS DE CORRECTION DES TROUBLES HYDROÉLECTROLYTIQUES CORRECTEURS HYDRO-ÉLECTROLYTIQUES, SOLUTIONS DE PERFUSION",24.02,SOLUTES DE NUTRITION,Acides aminés de la série L + Pyridoxine + Acide ascorbique + Sels minéraux,500 ml,Parentérale,Solution injectable,AB,,False,29
Annexe 1 — Medicaments Essentiels,Liste Principale,23,"VACCINS ET PRÉPARATIONS IMMUNOLOGIQUES SOLUTIONS DE CORRECTION DES TROUBLES HYDROÉLECTROLYTIQUES CORRECTEURS HYDRO-ÉLECTROLYTIQUES, SOLUTIONS DE PERFUSION",24.02,SOLUTES DE NUTRITION,Acides aminés essentiels,500 ml,Parentérale,Solution injectable,AB,,False,29
Annexe 1 — Medicaments Essentiels,Liste Principale,23,"VACCINS ET PRÉPARATIONS IMMUNOLOGIQUES SOLUTIONS DE CORRECTION DES TROUBLES HYDROÉLECTROLYTIQUES CORRECTEURS HYDRO-ÉLECTROLYTIQUES, SOLUTIONS DE PERFUSION",24.02,SOLUTES DE NUTRITION,Alimentation entérale (protéines/lipides/glucides),----,Orale,Solution,AB,,False,29
Annexe 1 — Medicaments Essentiels,Liste Principale,23,"VACCINS ET PRÉPARATIONS IMMUNOLOGIQUES SOLUTIONS DE CORRECTION DES TROUBLES HYDROÉLECTROLYTIQUES CORRECTEURS HYDRO-ÉLECTROLYTIQUES, SOLUTIONS DE PERFUSION",24.02,SOLUTES DE NUTRITION,Alimentation entérale de l’enfant prématuré,"20,1 g/100 g",Orale,Poudre,AB,,False,29
Annexe 1 — Medicaments Essentiels,Liste Principale,23,"VACCINS ET PRÉPARATIONS IMMUNOLOGIQUES SOLUTIONS DE CORRECTION DES TROUBLES HYDROÉLECTROLYTIQUES CORRECTEURS HYDRO-ÉLECTROLYTIQUES, SOLUTIONS DE PERFUSION",24.02,SOLUTES DE NUTRITION,Complément hyperprotéique et hypercalorique,----,Orale,Solution,AB,,False,29
Annexe 1 — Medicaments Essentiels,Liste Principale,23,"VACCINS ET PRÉPARATIONS IMMUNOLOGIQUES SOLUTIONS DE CORRECTION DES TROUBLES HYDROÉLECTROLYTIQUES CORRECTEURS HYDRO-ÉLECTROLYTIQUES, SOLUTIONS DE PERFUSION",24.02,SOLUTES DE NUTRITION,Lipides,20% /500 ml,Parentérale,Emulsion pour perfusion,AB,,False,29
Annexe 1 — Medicaments Essentiels,Liste Principale,23,"VACCINS ET PRÉPARATIONS IMMUNOLOGIQUES SOLUTIONS DE CORRECTION DES TROUBLES HYDROÉLECTROLYTIQUES CORRECTEURS HYDRO-ÉLECTROLYTIQUES, SOLUTIONS DE PERFUSION",24.02,SOLUTES DE NUTRITION,"Vitamines liposolubles A, D2, E,",----,Orale,Solution,AB,,False,30
Annexe 1 — Medicaments Essentiels,Liste Principale,23,"VACCINS ET PRÉPARATIONS IMMUNOLOGIQUES SOLUTIONS DE CORRECTION DES TROUBLES HYDROÉLECTROLYTIQUES CORRECTEURS HYDRO-ÉLECTROLYTIQUES, SOLUTIONS DE PERFUSION",24.03,SUCCÉDANÉS DU PLASMA,Albumine humaine,20%,Parentérale,Solution injectable,A,,False,30
Annexe 1 — Medicaments Essentiels,Liste Principale,23,"VACCINS ET PRÉPARATIONS IMMUNOLOGIQUES SOLUTIONS DE CORRECTION DES TROUBLES HYDROÉLECTROLYTIQUES CORRECTEURS HYDRO-ÉLECTROLYTIQUES, SOLUTIONS DE PERFUSION",24.03,SUCCÉDANÉS DU PLASMA,Albumine humaine,4%,Parentérale,Solution injectable,AB,,False,30
Annexe 1 — Medicaments Essentiels,Liste Principale,23,"VACCINS ET PRÉPARATIONS IMMUNOLOGIQUES SOLUTIONS DE CORRECTION DES TROUBLES HYDROÉLECTROLYTIQUES CORRECTEURS HYDRO-ÉLECTROLYTIQUES, SOLUTIONS DE PERFUSION",24.03,SUCCÉDANÉS DU PLASMA,Gélatine modifiée,"4,0%",Parentérale,Solution injectable,ABCD,,False,30
Annexe 1 — Medicaments Essentiels,Liste Principale,23,"VACCINS ET PRÉPARATIONS IMMUNOLOGIQUES SOLUTIONS DE CORRECTION DES TROUBLES HYDROÉLECTROLYTIQUES CORRECTEURS HYDRO-ÉLECTROLYTIQUES, SOLUTIONS DE PERFUSION",24.03,SUCCÉDANÉS DU PLASMA,Hydroxyléthylamidon,60 g/1000 ml,Parentérale,Solution injectable,AB,,False,30
Annexe 1 — Medicaments Essentiels,Liste Principale,25,MEDICAMENTS UTILISES EN ODONTOLOGIE,25.01,ANTISEPTIQUES ORAUX,Chlorexidine diluée,"0,2%",Buccale,Solution pour bain de bouche,ABCD,,False,30
Annexe 1 — Medicaments Essentiels,Liste Principale,25,MEDICAMENTS UTILISES EN ODONTOLOGIE,25.01,ANTISEPTIQUES ORAUX,Chlorexidine à diluer,"0,5%",Buccale,Solution pour bain de bouche,ABC,,False,30
Annexe 1 — Medicaments Essentiels,Liste Principale,25,MEDICAMENTS UTILISES EN ODONTOLOGIE,25.01,ANTISEPTIQUES ORAUX,Mèche iodoformée,,Buccale,Mèche,ABC,,False,30
Annexe 1 — Medicaments Essentiels,Liste Principale,25,MEDICAMENTS UTILISES EN ODONTOLOGIE,25.01,ANTISEPTIQUES ORAUX,Polyvidone iodée 10% buccale solution pour bain de,10%,Buccale,Solution pour bain de bouche,ABCD,,False,30
Annexe 1 — Medicaments Essentiels,Liste Principale,25,MEDICAMENTS UTILISES EN ODONTOLOGIE,25.01,ANTISEPTIQUES ORAUX,AUTRES PRODUITS POUR ODONTOLOGIE,,,,ABCD,,False,30
Annexe 1 — Medicaments Essentiels,Liste Principale,25,MEDICAMENTS UTILISES EN ODONTOLOGIE,25.01,ANTISEPTIQUES ORAUX,Benzydamine,150 mg/100 ml,Buccale,Solution pour bain de bouche,ABCD,,False,30
Annexe 1 — Medicaments Essentiels,Liste Principale,25,MEDICAMENTS UTILISES EN ODONTOLOGIE,25.01,ANTISEPTIQUES ORAUX,Fluorure de sodium,"0,553 mg/4 gouttes",Orale,Solution buvable,ABC,,False,30
Annexe 1 — Medicaments Essentiels,Liste Principale,26,PRODUITS POUR TRAITER LES ADDICTIONS,,,Buprénorphine + Naloxone,"2 mg + 0,5 mg",Orale,Comprimé,AB,,False,30
Annexe 1 — Medicaments Essentiels,Liste Principale,26,PRODUITS POUR TRAITER LES ADDICTIONS,,,Méthadone,10 mg/ml,Parentérale,Solution injectable,AB,,False,30
Annexe 1 — Medicaments Essentiels,Liste Complementaire,01,ANALGÉSIQUES,01.01,ANALGESIQUES ANTIPYRETIQUES,Acétylsalicylate de lysine,250 mg,Orale,Poudre en sachet,ABCD,,True,30
Annexe 1 — Medicaments Essentiels,Liste Complementaire,01,ANALGÉSIQUES,01.01,ANALGESIQUES ANTIPYRETIQUES,Acétylsalicylate de lysine,500 mg,Orale,Poudre en sachet,ABCD,,False,30
Annexe 1 — Medicaments Essentiels,Liste Complementaire,01,ANALGÉSIQUES,01.01,ANALGESIQUES ANTIPYRETIQUES,Acétylsalicylate de lysine,1000 mg/5 ml,Parentérale,Poudre pour préparation injectable,ABCD,,False,30
Annexe 1 — Medicaments Essentiels,Liste Complementaire,01,ANALGÉSIQUES,01.01,ANALGESIQUES ANTIPYRETIQUES,Acide acétylsalicylique,500 mg,Orale,Comprimé,ABCDE,,False,30
Annexe 1 — Medicaments Essentiels,Liste Complementaire,01,ANALGÉSIQUES,01.01,ANALGESIQUES ANTIPYRETIQUES,Métamizole,"0,5 g/ml",Orale,Sirop,ABCD,,True,30
Annexe 1 — Medicaments Essentiels,Liste Complementaire,01,ANALGÉSIQUES,01.02,ANALGÉSIQUES NARCOTIQUES,Buprénorphine,"0,2 mg",Orale,Comprimé sublingual,AB,,False,30
Annexe 1 — Medicaments Essentiels,Liste Complementaire,01,ANALGÉSIQUES,01.02,ANALGÉSIQUES NARCOTIQUES,Buprénorphine,"0,3 mg /ml",Parentérale,Solution injectable,AB,,False,30
Annexe 1 — Medicaments Essentiels,Liste Complementaire,01,ANALGÉSIQUES,01.02,ANALGÉSIQUES NARCOTIQUES,Fentanyl,25 mg/H,Transdermique,Patch,AB,,False,30
Annexe 1 — Medicaments Essentiels,Liste Complementaire,01,ANALGÉSIQUES,01.02,ANALGÉSIQUES NARCOTIQUES,Fentanyl,50 mg/H,Transdermique,Patch,AB,,False,30
Annexe 1 — Medicaments Essentiels,Liste Complementaire,01,ANALGÉSIQUES,01.02,ANALGÉSIQUES NARCOTIQUES,Morphine chlorhydrate,"0,5%",Parentérale,Solution injectable,AB,,False,30
Annexe 1 — Medicaments Essentiels,Liste Complementaire,01,ANALGÉSIQUES,01.02,ANALGÉSIQUES NARCOTIQUES,Morphine sulfate LP,30 mg,Orale,Comprimé,AB,,False,30
Annexe 1 — Medicaments Essentiels,Liste Complementaire,01,ANALGÉSIQUES,01.02,ANALGÉSIQUES NARCOTIQUES,Morphine sulfate,60 mg,Orale,Comprimé,AB,,False,30
Annexe 1 — Medicaments Essentiels,Liste Complementaire,01,ANALGÉSIQUES,01.02,ANALGÉSIQUES NARCOTIQUES,Rémifentanyl,1 mg,Parentérale,Poudre pour préparation injectable,AB,,False,30
Annexe 1 — Medicaments Essentiels,Liste Complementaire,01,ANALGÉSIQUES,01.02,ANALGÉSIQUES NARCOTIQUES,Sufentanyl,5 µg/ml,Parentérale,Solution injectable,AB,,False,30
Annexe 1 — Medicaments Essentiels,Liste Complementaire,01,ANALGÉSIQUES,01.02,ANALGÉSIQUES NARCOTIQUES,Sufentanyl,50 µg/ml,Parentérale,Solution injectable,AB,,False,30
Annexe 1 — Medicaments Essentiels,Liste Complementaire,01,ANALGÉSIQUES,01.03,ANALGÉSIQUES OPIOIDES FAIBLES,Méthadone,10 mg,Orale,Comprimé,AB,,False,30
Annexe 1 — Medicaments Essentiels,Liste Complementaire,01,ANALGÉSIQUES,01.03,ANALGÉSIQUES OPIOIDES FAIBLES,Méthadone,"10 mg/7,5 ml",Orale,Solution buvable,AB,,False,30
Annexe 1 — Medicaments Essentiels,Liste Complementaire,01,ANALGÉSIQUES,01.03,ANALGÉSIQUES OPIOIDES FAIBLES,Oxycodone,10 mg,Orale,Comprimé,AB,,False,30
Annexe 1 — Medicaments Essentiels,Liste Complementaire,01,ANALGÉSIQUES,01.03,ANALGÉSIQUES OPIOIDES FAIBLES,Tramadol,150 mg,Orale,Comprimé LP,AB,,False,30
Annexe 1 — Medicaments Essentiels,Liste Complementaire,01,ANALGÉSIQUES,01.03,ANALGÉSIQUES OPIOIDES FAIBLES,Tramadol+Paracetamol,"37,5 mg/325 mg",Parentérale,Solution injectable,ABC,,False,30
Annexe 1 — Medicaments Essentiels,Liste Complementaire,02,ANESTHÉSIQUES,02.01,ANESTHÉSIQUES GÉNÉRAUX,Etomidate,20 mg/10 ml,Parentérale,Émulsion injectable,AB,,False,31
Annexe 1 — Medicaments Essentiels,Liste Complementaire,02,ANESTHÉSIQUES,02.01,ANESTHÉSIQUES GÉNÉRAUX,Meprobamate,400 mg/5 ml,Parentérale,Solution injectable,AB,,False,31
Annexe 1 — Medicaments Essentiels,Liste Complementaire,02,ANESTHÉSIQUES,02.02,CURARISANTS ET AUTRES,Rocuronium,10 mg/ml,Parentérale,Solution injectable,AB,,True,31
Annexe 1 — Medicaments Essentiels,Liste Complementaire,02,ANESTHÉSIQUES,02.03,DÉCURARISANTS,Sugammadex,100 mg/ml,Parentérale,Solution injectable,AB,,False,31
Annexe 1 — Medicaments Essentiels,Liste Complementaire,03,ANTIALLERGIQUES,,,Hydroxyzine,2 mg/ml,Orale,Sirop,ABCD,,True,31
Annexe 1 — Medicaments Essentiels,Liste Complementaire,03,ANTIALLERGIQUES,,,Lévocétirizine,5mg,Orale,Comprimé,ABC,,False,31
Annexe 1 — Medicaments Essentiels,Liste Complementaire,03,ANTIALLERGIQUES,,,Loratadine,1 mg/ml,Orale,Sirop,ABCD,,True,31
Annexe 1 — Medicaments Essentiels,Liste Complementaire,03,ANTIALLERGIQUES,,,Loratadine,10 mg,Orale,Comprimé,ABCD,,False,31
Annexe 1 — Medicaments Essentiels,Liste Complementaire,03,ANTIALLERGIQUES,,,Prométhazine,2%,Cutanée,Pommade,ABCDE,,False,31
Annexe 1 — Medicaments Essentiels,Liste Complementaire,04,ANTIINFECTIEUX,04.01,ANTIAMIBIENS,Tinidazole ou Secnidazole,500 mg,Orale,Comprimé,ABCD,,False,31
Annexe 1 — Medicaments Essentiels,Liste Complementaire,04,ANTIINFECTIEUX,04.02,ANTIBIOTIQUES,Amikacine,250 mg,Parentérale,Poudre pour préparation injectable,A,Surveillance,False,31
Annexe 1 — Medicaments Essentiels,Liste Complementaire,04,ANTIINFECTIEUX,04.02,ANTIBIOTIQUES,Ceftazidime,1 g,Parentérale,Poudre pour solution injectable,AB,Surveillance,False,31
Annexe 1 — Medicaments Essentiels,Liste Complementaire,04,ANTIINFECTIEUX,04.02,ANTIBIOTIQUES,Ceftazidime,250 mg,Parentérale,Poudre pour solution injectable,AB,Surveillance,False,31
Annexe 1 — Medicaments Essentiels,Liste Complementaire,04,ANTIINFECTIEUX,04.02,ANTIBIOTIQUES,Clindamycine,150 mg,Orale,Gélule,AB,Surveillance,False,31
Annexe 1 — Medicaments Essentiels,Liste Complementaire,04,ANTIINFECTIEUX,04.02,ANTIBIOTIQUES,Clindamycine,150 mg/ml,Parentérale,Solution injectable,AB,Surveillance,False,31
Annexe 1 — Medicaments Essentiels,Liste Complementaire,04,ANTIINFECTIEUX,04.02,ANTIBIOTIQUES,Cloxacilline,125 mg/5 ml,Orale,Poudre pour suspension buvable,ABC,Accès,True,31
Annexe 1 — Medicaments Essentiels,Liste Complementaire,04,ANTIINFECTIEUX,04.02,ANTIBIOTIQUES,Cloxacilline,250 mg/5 ml,Orale,Poudre pour suspension buvable,ABC,Accès,True,31
Annexe 1 — Medicaments Essentiels,Liste Complementaire,04,ANTIINFECTIEUX,04.02,ANTIBIOTIQUES,Cloxacilline,500 mg,Orale,Gélule,ABC,Accès,False,31
Annexe 1 — Medicaments Essentiels,Liste Complementaire,04,ANTIINFECTIEUX,04.02,ANTIBIOTIQUES,Doxycycline,100 mg/5 ml,Parentérale,Poudre pour solution injectable,AB,Accès,False,31
Annexe 1 — Medicaments Essentiels,Liste Complementaire,04,ANTIINFECTIEUX,04.02,ANTIBIOTIQUES,Erythromycine,1000 mg,Parentérale,Lyophilisat pour préparation injectable,AB,Accès,False,31
Annexe 1 — Medicaments Essentiels,Liste Complementaire,04,ANTIINFECTIEUX,04.02,ANTIBIOTIQUES,Erythromycine,500 mg,Parentérale,Lyophilisat pour préparation injectable,AB,Accès,False,31
Annexe 1 — Medicaments Essentiels,Liste Complementaire,04,ANTIINFECTIEUX,04.02,ANTIBIOTIQUES,Flucloxacilline,1g,Parentérale,Poudre pour préparation injectable,ABCD,Accès,False,31
Annexe 1 — Medicaments Essentiels,Liste Complementaire,04,ANTIINFECTIEUX,04.02,ANTIBIOTIQUES,Flucloxacilline,500 mg,Orale,Gélule,ABCD,Accès,False,31
Annexe 1 — Medicaments Essentiels,Liste Complementaire,04,ANTIINFECTIEUX,04.02,ANTIBIOTIQUES,Flucloxacilline,500 mg,Parentérale,Poudre pour préparation injectable,ABCD,Accès,False,31
Annexe 1 — Medicaments Essentiels,Liste Complementaire,04,ANTIINFECTIEUX,04.02,ANTIBIOTIQUES,Josamycine,250 mg/5 ml,Orale,Poudre pour solution buvable,AB,Surveillance,True,31
Annexe 1 — Medicaments Essentiels,Liste Complementaire,04,ANTIINFECTIEUX,04.02,ANTIBIOTIQUES,Josamycine,500 mg,Orale,Comprimé,AB,Surveillance,False,31
Annexe 1 — Medicaments Essentiels,Liste Complementaire,04,ANTIINFECTIEUX,04.02,ANTIBIOTIQUES,Lincomycine,250 mg,Orale,Sirop,AB,Surveillance,True,31
Annexe 1 — Medicaments Essentiels,Liste Complementaire,04,ANTIINFECTIEUX,04.02,ANTIBIOTIQUES,Lincomycine,500 mg,Orale,Gélule,AB,Surveillance,False,31
Annexe 1 — Medicaments Essentiels,Liste Complementaire,04,ANTIINFECTIEUX,04.02,ANTIBIOTIQUES,Lincomycine,600 mg/2 ml,Parentérale,Solution injectable,AB,Surveillance,False,31
Annexe 1 — Medicaments Essentiels,Liste Complementaire,04,ANTIINFECTIEUX,04.02,ANTIBIOTIQUES,Phénoxyméthylpénicilline,1 MUI,Orale,Gélule,ABC,Accès,False,31
Annexe 1 — Medicaments Essentiels,Liste Complementaire,04,ANTIINFECTIEUX,04.02,ANTIBIOTIQUES,Roxythromicine,150 mg,Orale,Comprimé,AB,Accès,False,31
Annexe 1 — Medicaments Essentiels,Liste Complementaire,04,ANTIINFECTIEUX,04.02,ANTIBIOTIQUES,Spiramycine,3 MUI,Orale,Comprimé,AB,Accès,False,31
Annexe 1 — Medicaments Essentiels,Liste Complementaire,04,ANTIINFECTIEUX,04.03,ANTHELMINTIQUES,Mébendazole,100 mg,Orale,Comprimé,ABCDE,,False,31
Annexe 1 — Medicaments Essentiels,Liste Complementaire,04,ANTIINFECTIEUX,04.04,ANTIFONGIQUES,Fluconazole,2 mg/ml,Parentérale,Solution injectable,AB,,False,31
Annexe 1 — Medicaments Essentiels,Liste Complementaire,04,ANTIINFECTIEUX,04.04,ANTIFONGIQUES,Griséofulvine,5%,Cutanée,Pommade,ABCD,,False,32
Annexe 1 — Medicaments Essentiels,Liste Complementaire,04,ANTIINFECTIEUX,04.05,ANTIPALUDIQUES,Amodiaquine + Sulfadoxine /pyriméthamine,"76,5mg + 250mg / 12,5mg",Orale,Comprimé,ABCD,,False,32
Annexe 1 — Medicaments Essentiels,Liste Complementaire,04,ANTIINFECTIEUX,04.05,ANTIPALUDIQUES,Pyronaridine + Artésunate,60 mg + 20 mg,Orale,Granulés en sachet,ABCD,,False,32
Annexe 1 — Medicaments Essentiels,Liste Complementaire,04,ANTIINFECTIEUX,04.06,ANTITUBERCULEUX,Capréomycine,1 g,Parentérale,Poudre pour préparation injectable,A,,False,32
Annexe 1 — Medicaments Essentiels,Liste Complementaire,04,ANTIINFECTIEUX,04.06,ANTITUBERCULEUX,Cyclosérine,250 mg,Orale,Comprimé,A,,False,32
Annexe 1 — Medicaments Essentiels,Liste Complementaire,04,ANTIINFECTIEUX,04.06,ANTITUBERCULEUX,Gatifloxacine,500 mg,Orale,Comprimé,A,,False,32
Annexe 1 — Medicaments Essentiels,Liste Complementaire,04,ANTIINFECTIEUX,04.06,ANTITUBERCULEUX,Linézolide,2 mg/ml,Parentérale,Solution injectable,A,,True,32
Annexe 1 — Medicaments Essentiels,Liste Complementaire,04,ANTIINFECTIEUX,04.06,ANTITUBERCULEUX,Ertapénème,1 g,Parentérale,Poudre pour solution injectable,AB,Réserve,False,32
Annexe 1 — Medicaments Essentiels,Liste Complementaire,04,ANTIINFECTIEUX,04.06,ANTITUBERCULEUX,Imipénème,500 mg,Parentérale,Poudre pour solution injectable,AB,Réserve,False,32
Annexe 1 — Medicaments Essentiels,Liste Complementaire,04,ANTIINFECTIEUX,04.06,ANTITUBERCULEUX,Vancomycine,125 mg,Parentérale,Poudre pour préparation injectable,A,Réserve,False,32
Annexe 1 — Medicaments Essentiels,Liste Complementaire,04,ANTIINFECTIEUX,04.07,ANTILEPREUX,Clofazimine,50 mg,Orale,Comprimé,ABC,,False,32
Annexe 1 — Medicaments Essentiels,Liste Complementaire,04,ANTIINFECTIEUX,04.07,ANTILEPREUX,Clofazimine,100 mg,Orale,Comprimé,ABC,,False,32
Annexe 1 — Medicaments Essentiels,Liste Complementaire,04,ANTIINFECTIEUX,04.07,ANTILEPREUX,Dapsone,100 mg,Orale,Comprimé,ABC,,False,32
Annexe 1 — Medicaments Essentiels,Liste Complementaire,04,ANTIINFECTIEUX,04.07,ANTILEPREUX,Rifampicine,300 mg,Orale,Comprimé,ABC,,False,32
Annexe 1 — Medicaments Essentiels,Liste Complementaire,05,ANTIINFLAMMATOIRES,05.01,MYORELAXANTS,Chlormézanone,200 mg,Orale,Comprimé,ABC,,False,32
Annexe 1 — Medicaments Essentiels,Liste Complementaire,05,ANTIINFLAMMATOIRES,05.01,MYORELAXANTS,Mephénézine,250 mg,Orale,Comprimé,ABC,,False,32
Annexe 1 — Medicaments Essentiels,Liste Complementaire,05,ANTIINFLAMMATOIRES,05.01,MYORELAXANTS,Tétrazépam,50 mg,Orale,Comprimé,ABC,,False,32
Annexe 1 — Medicaments Essentiels,Liste Complementaire,05,ANTIINFLAMMATOIRES,05.02,ANTIINFLAMMATOIRES,Alpha amylase,3000 UI,Orale,Comprimé,ABCD,,False,32
Annexe 1 — Medicaments Essentiels,Liste Complementaire,05,ANTIINFLAMMATOIRES,05.02,ANTIINFLAMMATOIRES,Alpha amylase,10 000 UI,Orale,Sirop,ABCD,,False,32
Annexe 1 — Medicaments Essentiels,Liste Complementaire,05,ANTIINFLAMMATOIRES,05.02,ANTIINFLAMMATOIRES,Bétaméthasone ou Dexaméthasone,"0,5 mg",Orale,Comprimé,ABCD,,False,32
Annexe 1 — Medicaments Essentiels,Liste Complementaire,05,ANTIINFLAMMATOIRES,05.02,ANTIINFLAMMATOIRES,Dexaméthasone,20 mg/5 ml,Parentérale,Solution injectable,ABC,,False,32
Annexe 1 — Medicaments Essentiels,Liste Complementaire,05,ANTIINFLAMMATOIRES,05.02,ANTIINFLAMMATOIRES,Diclofenac,"1,00%",Cutanée,Gel,ABCD,,False,32
Annexe 1 — Medicaments Essentiels,Liste Complementaire,05,ANTIINFLAMMATOIRES,05.02,ANTIINFLAMMATOIRES,Indométacine,25 mg,Orale,Comprimé,ABCD,,False,32
Annexe 1 — Medicaments Essentiels,Liste Complementaire,05,ANTIINFLAMMATOIRES,05.02,ANTIINFLAMMATOIRES,Kétoprofene,"2,50%",Cutanée,Gel,ABCD,,False,32
Annexe 1 — Medicaments Essentiels,Liste Complementaire,05,ANTIINFLAMMATOIRES,05.02,ANTIINFLAMMATOIRES,Prednisolone,20 mg,Orale,Comprimé,ABC,,False,32
Annexe 1 — Medicaments Essentiels,Liste Complementaire,05,ANTIINFLAMMATOIRES,05.02,ANTIINFLAMMATOIRES,Serrapeptase,10 000 UI,Orale,Comprimé,ABCD,,False,32
Annexe 1 — Medicaments Essentiels,Liste Complementaire,05,ANTIINFLAMMATOIRES,05.03,ANTIGOUTTEUX,Allopurinol,100 mg,Orale,Comprimé,AB,,False,32
Annexe 1 — Medicaments Essentiels,Liste Complementaire,05,ANTIINFLAMMATOIRES,05.03,ANTIGOUTTEUX,Allopurinol,300 mg,Orale,Comprimé,AB,,False,32
Annexe 1 — Medicaments Essentiels,Liste Complementaire,05,ANTIINFLAMMATOIRES,05.03,ANTIGOUTTEUX,Allopurinol,200mg,Orale,Comprime,AB,,False,32
Annexe 1 — Medicaments Essentiels,Liste Complementaire,05,ANTIINFLAMMATOIRES,05.03,ANTIGOUTTEUX,Colchicine,1 mg,Orale,Comprimé,AB,,False,32
Annexe 1 — Medicaments Essentiels,Liste Complementaire,05,ANTIINFLAMMATOIRES,05.03,ANTIGOUTTEUX,Colchicine+Opium+Tiémonium,"1 mg+12,5 mg+50 mg",Orale,Comprimé,AB,,False,32
Annexe 1 — Medicaments Essentiels,Liste Complementaire,05,ANTIINFLAMMATOIRES,05.03,ANTIGOUTTEUX,Urate oxydase,"1,5 mg/ml",Parentérale,Poudre pour préparation injectable,A,,False,32
Annexe 1 — Medicaments Essentiels,Liste Complementaire,06,ANTICANCEREUX ET MÉDICAMENTS ASSOCIÉS,06.01,ANTICANCEREUX,5-Fluoro-uracile,250 mg/5 ml,Parentérale,Solution injectable,A,,False,32
Annexe 1 — Medicaments Essentiels,Liste Complementaire,06,ANTICANCEREUX ET MÉDICAMENTS ASSOCIÉS,06.01,ANTICANCEREUX,Abiratérone,500 mg,Orale,Comprimé,A,,False,32
Annexe 1 — Medicaments Essentiels,Liste Complementaire,06,ANTICANCEREUX ET MÉDICAMENTS ASSOCIÉS,06.01,ANTICANCEREUX,Capécitabine,150 mg,Orale,Comprimé,A,,False,32
Annexe 1 — Medicaments Essentiels,Liste Complementaire,06,ANTICANCEREUX ET MÉDICAMENTS ASSOCIÉS,06.01,ANTICANCEREUX,Carmustine,100 mg,Parentérale,Poudre pour préparation injectable,A,,False,32
Annexe 1 — Medicaments Essentiels,Liste Complementaire,06,ANTICANCEREUX ET MÉDICAMENTS ASSOCIÉS,06.01,ANTICANCEREUX,Chlorambucil,2 mg,Orale,Comprimé,A,,False,33
Annexe 1 — Medicaments Essentiels,Liste Complementaire,06,ANTICANCEREUX ET MÉDICAMENTS ASSOCIÉS,06.01,ANTICANCEREUX,Doxorubicine liposomale,20 mg,Parentérale,Poudre et dispersion liposomale pour préparation injectable,A,,False,33
Annexe 1 — Medicaments Essentiels,Liste Complementaire,06,ANTICANCEREUX ET MÉDICAMENTS ASSOCIÉS,06.01,ANTICANCEREUX,Doxorubicine liposomale,50 mg,Parentérale,Poudre et dispersion liposomale pour préparation injectable,A,,False,33
Annexe 1 — Medicaments Essentiels,Liste Complementaire,06,ANTICANCEREUX ET MÉDICAMENTS ASSOCIÉS,06.01,ANTICANCEREUX,Erlotinib,25 mg,Orale,Comprimé,A,,False,33
Annexe 1 — Medicaments Essentiels,Liste Complementaire,06,ANTICANCEREUX ET MÉDICAMENTS ASSOCIÉS,06.01,ANTICANCEREUX,Estramustine,140 mg,Orale,Gélule,A,,False,33
Annexe 1 — Medicaments Essentiels,Liste Complementaire,06,ANTICANCEREUX ET MÉDICAMENTS ASSOCIÉS,06.01,ANTICANCEREUX,Etoposide,20 mg/ml,Parentérale,Solution injectable,A,,False,33
Annexe 1 — Medicaments Essentiels,Liste Complementaire,06,ANTICANCEREUX ET MÉDICAMENTS ASSOCIÉS,06.01,ANTICANCEREUX,Exemestane,25 mg,Orale,Comprimé,A,,False,33
Annexe 1 — Medicaments Essentiels,Liste Complementaire,06,ANTICANCEREUX ET MÉDICAMENTS ASSOCIÉS,06.01,ANTICANCEREUX,Fludarabine,10 mg,Orale,Comprimé,A,,False,33
Annexe 1 — Medicaments Essentiels,Liste Complementaire,06,ANTICANCEREUX ET MÉDICAMENTS ASSOCIÉS,06.01,ANTICANCEREUX,Fludarabine,50 mg,Parentérale,Lyophilisate pour préparation injectable,A,,False,33
Annexe 1 — Medicaments Essentiels,Liste Complementaire,06,ANTICANCEREUX ET MÉDICAMENTS ASSOCIÉS,06.01,ANTICANCEREUX,Flutamide,250 mg,Orale,Comprimé,A,,False,33
Annexe 1 — Medicaments Essentiels,Liste Complementaire,06,ANTICANCEREUX ET MÉDICAMENTS ASSOCIÉS,06.01,ANTICANCEREUX,Gemcitabine,200 mg,Parentérale,Poudre pour préparation injectable,A,,False,33
Annexe 1 — Medicaments Essentiels,Liste Complementaire,06,ANTICANCEREUX ET MÉDICAMENTS ASSOCIÉS,06.01,ANTICANCEREUX,Idarubicine,1 mg/ml,Parentérale,Solution injectable,A,,False,33
Annexe 1 — Medicaments Essentiels,Liste Complementaire,06,ANTICANCEREUX ET MÉDICAMENTS ASSOCIÉS,06.01,ANTICANCEREUX,Imatinib,100 mg,Orale,Comprimé,A,,False,33
Annexe 1 — Medicaments Essentiels,Liste Complementaire,06,ANTICANCEREUX ET MÉDICAMENTS ASSOCIÉS,06.01,ANTICANCEREUX,Irinotecan,20 mg/ml,Parentérale,Solution injectable,A,,False,33
Annexe 1 — Medicaments Essentiels,Liste Complementaire,06,ANTICANCEREUX ET MÉDICAMENTS ASSOCIÉS,06.01,ANTICANCEREUX,Irinotécan,40 mg/2 ml,Parentérale,Solution injectable,A,,False,33
Annexe 1 — Medicaments Essentiels,Liste Complementaire,06,ANTICANCEREUX ET MÉDICAMENTS ASSOCIÉS,06.01,ANTICANCEREUX,Letrozole,"2,5 mg",Orale,Comprimé,A,,False,33
Annexe 1 — Medicaments Essentiels,Liste Complementaire,06,ANTICANCEREUX ET MÉDICAMENTS ASSOCIÉS,06.01,ANTICANCEREUX,Mégestrol,160 mg,Orale,Comprimé,A,,False,33
Annexe 1 — Medicaments Essentiels,Liste Complementaire,06,ANTICANCEREUX ET MÉDICAMENTS ASSOCIÉS,06.01,ANTICANCEREUX,Méthotrexate,5 mg/2 ml,Parentérale,Solution injectable,AB,,False,33
Annexe 1 — Medicaments Essentiels,Liste Complementaire,06,ANTICANCEREUX ET MÉDICAMENTS ASSOCIÉS,06.01,ANTICANCEREUX,Mitomycine,10 mg,Parentérale,Poudre pour préparation injectable,A,,False,33
Annexe 1 — Medicaments Essentiels,Liste Complementaire,06,ANTICANCEREUX ET MÉDICAMENTS ASSOCIÉS,06.01,ANTICANCEREUX,Paclitaxel,30 mg/5 ml,Parentérale,Solution injectable,A,,False,33
Annexe 1 — Medicaments Essentiels,Liste Complementaire,06,ANTICANCEREUX ET MÉDICAMENTS ASSOCIÉS,06.01,ANTICANCEREUX,Paclitaxel,300 mg/50 ml,Parentérale,Solution injectable,A,,False,33
Annexe 1 — Medicaments Essentiels,Liste Complementaire,06,ANTICANCEREUX ET MÉDICAMENTS ASSOCIÉS,06.01,ANTICANCEREUX,Procarbazine,50 mg,Orale,Gélule,A,,False,33
Annexe 1 — Medicaments Essentiels,Liste Complementaire,06,ANTICANCEREUX ET MÉDICAMENTS ASSOCIÉS,06.01,ANTICANCEREUX,Rituximab,100 mg/10 ml,Parentérale,Solution injectable,A,,False,33
Annexe 1 — Medicaments Essentiels,Liste Complementaire,06,ANTICANCEREUX ET MÉDICAMENTS ASSOCIÉS,06.01,ANTICANCEREUX,Sunitinib,25 mg,Orale,Gélule,A,,False,33
Annexe 1 — Medicaments Essentiels,Liste Complementaire,06,ANTICANCEREUX ET MÉDICAMENTS ASSOCIÉS,06.01,ANTICANCEREUX,Tamoxifène,20 mg,Orale,Comprimé,A,,False,33
Annexe 1 — Medicaments Essentiels,Liste Complementaire,06,ANTICANCEREUX ET MÉDICAMENTS ASSOCIÉS,06.01,ANTICANCEREUX,Tritinoide,10 mg,Orale,Gélule,A,,False,33
Annexe 1 — Medicaments Essentiels,Liste Complementaire,06,ANTICANCEREUX ET MÉDICAMENTS ASSOCIÉS,06.01,ANTICANCEREUX,Vindesine,1 mg,Parentérale,Poudre pour préparation injectable,A,,False,33
Annexe 1 — Medicaments Essentiels,Liste Complementaire,06,ANTICANCEREUX ET MÉDICAMENTS ASSOCIÉS,06.02,MEDICAMENTS ASSOCIES,Acide clodronique,300 mg/ml,Parentérale,Solution injectable,A,,False,33
Annexe 1 — Medicaments Essentiels,Liste Complementaire,06,ANTICANCEREUX ET MÉDICAMENTS ASSOCIÉS,06.02,MEDICAMENTS ASSOCIES,Acide clodronique,400 mg,Orale,Comprimé,A,,False,33
Annexe 1 — Medicaments Essentiels,Liste Complementaire,06,ANTICANCEREUX ET MÉDICAMENTS ASSOCIÉS,06.02,MEDICAMENTS ASSOCIES,Acide ibandronique,150 mg,Orale,Comprimé A,A,,False,33
Annexe 1 — Medicaments Essentiels,Liste Complementaire,06,ANTICANCEREUX ET MÉDICAMENTS ASSOCIÉS,06.02,MEDICAMENTS ASSOCIES,Acide mycophénolique,360 mg,Orale,Comprimé,A,,False,33
Annexe 1 — Medicaments Essentiels,Liste Complementaire,06,ANTICANCEREUX ET MÉDICAMENTS ASSOCIÉS,06.02,MEDICAMENTS ASSOCIES,Acide pamidronique,3 mg/ml,Parentérale,Solution injectable,A,,False,33
Annexe 1 — Medicaments Essentiels,Liste Complementaire,06,ANTICANCEREUX ET MÉDICAMENTS ASSOCIÉS,06.02,MEDICAMENTS ASSOCIES,Calcitonine,80 UI/ml,Parentérale,Solution injectable,A,,False,33
Annexe 1 — Medicaments Essentiels,Liste Complementaire,06,ANTICANCEREUX ET MÉDICAMENTS ASSOCIÉS,06.02,MEDICAMENTS ASSOCIES,Dexrazoxane,500 mg,Parentérale,Poudre pour préparation injectable,A,,False,33
Annexe 1 — Medicaments Essentiels,Liste Complementaire,06,ANTICANCEREUX ET MÉDICAMENTS ASSOCIÉS,06.02,MEDICAMENTS ASSOCIES,Etoposide,25 mg,Orale,Capsule,A,,False,33
Annexe 1 — Medicaments Essentiels,Liste Complementaire,06,ANTICANCEREUX ET MÉDICAMENTS ASSOCIÉS,06.02,MEDICAMENTS ASSOCIES,Etoposide,50 mg,Orale,Capsule,A,,False,33
Annexe 1 — Medicaments Essentiels,Liste Complementaire,06,ANTICANCEREUX ET MÉDICAMENTS ASSOCIÉS,06.02,MEDICAMENTS ASSOCIES,Everolimus,10 mg,Orale,Comprimé,A,,False,33
Annexe 1 — Medicaments Essentiels,Liste Complementaire,06,ANTICANCEREUX ET MÉDICAMENTS ASSOCIÉS,06.02,MEDICAMENTS ASSOCIES,Filgrastim,480 mg/ml,Parentérale,Solution injectable,A,,False,33
Annexe 1 — Medicaments Essentiels,Liste Complementaire,06,ANTICANCEREUX ET MÉDICAMENTS ASSOCIÉS,06.02,MEDICAMENTS ASSOCIES,Granisétron,1 mg,Orale,Comprimé,A,,False,33
Annexe 1 — Medicaments Essentiels,Liste Complementaire,06,ANTICANCEREUX ET MÉDICAMENTS ASSOCIÉS,06.02,MEDICAMENTS ASSOCIES,Hydroxyzine,500 mg,Orale,Gélule,A,,False,33
Annexe 1 — Medicaments Essentiels,Liste Complementaire,06,ANTICANCEREUX ET MÉDICAMENTS ASSOCIÉS,06.02,MEDICAMENTS ASSOCIES,Scopolamine,"0,5 mg/2 ml",Parentérale,Solution injectable,A,,False,33
Annexe 1 — Medicaments Essentiels,Liste Complementaire,07,ANTISEPTIQUES ET DÉSINFECTANTS HOSPITALIERS,,,Eosine alcoolique,2%,Cutanée,Solution,ABCD,,False,33
Annexe 1 — Medicaments Essentiels,Liste Complementaire,07,ANTISEPTIQUES ET DÉSINFECTANTS HOSPITALIERS,,,Irgasan,3%,Cutanée,Solution,ABCD,,False,33
Annexe 1 — Medicaments Essentiels,Liste Complementaire,08,ANTISPASMODIQUES,,,Drotaverine,40 mg/2 ml,Parentérale,Solution Injectable,ABCD,,False,34
Annexe 1 — Medicaments Essentiels,Liste Complementaire,08,ANTISPASMODIQUES,,,Drotaverine,40 mg,Orale,Comprimé,ABCD,,False,34
Annexe 1 — Medicaments Essentiels,Liste Complementaire,08,ANTISPASMODIQUES,,,N-Butylhyoscine bromure,20 mg/ml,Parentérale,Solution Injectable,ABCD,,False,34
Annexe 1 — Medicaments Essentiels,Liste Complementaire,09,ANTIRETROVIRAUX,09.01,COMBINAISONS FIXES,Efavirenz + Emtricitabine + Ténofovir,600 mg + 200 mg + 300 mg,Orale,Comprimé,ABCD,,False,34
Annexe 1 — Medicaments Essentiels,Liste Complementaire,09,ANTIRETROVIRAUX,09.01,COMBINAISONS FIXES,Ténofovir + Emtricitabine,300 mg + 200 mg,Orale,Comprimé,ABCD,,False,34
Annexe 1 — Medicaments Essentiels,Liste Complementaire,09,ANTIRETROVIRAUX,09.02,INHIBITEURS DES PROTEASES,Atazanavir,200 mg,Orale,Gélule,ABCD,,False,34
Annexe 1 — Medicaments Essentiels,Liste Complementaire,09,ANTIRETROVIRAUX,09.02,INHIBITEURS DES PROTEASES,Atazanavir,300 mg,Orale,Gélule,ABCD,,False,34
Annexe 1 — Medicaments Essentiels,Liste Complementaire,09,ANTIRETROVIRAUX,09.03,INHIBITEURS NON NUCLEOSIDIQUES,Efavirenz,30 mg/ml,Orale,Sirop,ABCD,,True,34
Annexe 1 — Medicaments Essentiels,Liste Complementaire,09,ANTIRETROVIRAUX,09.03,INHIBITEURS NON NUCLEOSIDIQUES,Efavirenz,50 mg,Orale,Comprimé,ABCD,,False,34
Annexe 1 — Medicaments Essentiels,Liste Complementaire,09,ANTIRETROVIRAUX,09.04,INHIBITEURS NUCLEOSIDIQUES,Didanosine,2g,Orale,Poudre Pour Solution Buvable,ABCD,,False,34
Annexe 1 — Medicaments Essentiels,Liste Complementaire,09,ANTIRETROVIRAUX,09.04,INHIBITEURS NUCLEOSIDIQUES,Didanosine,4g,Orale,Poudre Pour Solution Buvable,ABCD,,False,34
Annexe 1 — Medicaments Essentiels,Liste Complementaire,09,ANTIRETROVIRAUX,09.04,INHIBITEURS NUCLEOSIDIQUES,Didanosine,100 mg,Orale,Poudre Pour Solution Buvable,ABCD,,False,34
Annexe 1 — Medicaments Essentiels,Liste Complementaire,09,ANTIRETROVIRAUX,09.04,INHIBITEURS NUCLEOSIDIQUES,Didanosine,150 mg,Orale,Poudre Pour Solution Buvable,ABCD,,False,34
Annexe 1 — Medicaments Essentiels,Liste Complementaire,09,ANTIRETROVIRAUX,09.04,INHIBITEURS NUCLEOSIDIQUES,Didanosine,200 mg,Orale,Poudre Pour Solution Buvable,ABCD,,False,34
Annexe 1 — Medicaments Essentiels,Liste Complementaire,09,ANTIRETROVIRAUX,09.04,INHIBITEURS NUCLEOSIDIQUES,Didanosine,25 mg,Orale,Poudre Pour Solution Buvable,ABCD,,True,34
Annexe 1 — Medicaments Essentiels,Liste Complementaire,09,ANTIRETROVIRAUX,09.04,INHIBITEURS NUCLEOSIDIQUES,Didanosine,50 mg,Orale,Poudre Pour Solution Buvable,ABCD,,True,34
Annexe 1 — Medicaments Essentiels,Liste Complementaire,09,ANTIRETROVIRAUX,09.04,INHIBITEURS NUCLEOSIDIQUES,Lamivudine,10 mg/ml,Orale,Solution Buvable,ABCD,,True,34
Annexe 1 — Medicaments Essentiels,Liste Complementaire,10,ANTIVIRAUX,10.01,ANTI-CMV,Foscarnet,6 g/250 ml,Parentérale,Solution Injectable,A,,False,34
Annexe 1 — Medicaments Essentiels,Liste Complementaire,10,ANTIVIRAUX,10.01,ANTI-CMV,Gancyclovir,500 mg,Parentérale,Poudre Pour Préparation Injectable,A,,False,34
Annexe 1 — Medicaments Essentiels,Liste Complementaire,10,ANTIVIRAUX,10.01,ANTI-CMV,Valgancyclovir,450 mg,Orale,Comprimé,AB,,False,34
Annexe 1 — Medicaments Essentiels,Liste Complementaire,10,ANTIVIRAUX,10.02,ANTIHEPATITES A OU ANTI VHA,Interferon alpha,"180 µg/0,5 ml",Parentérale,Solution Injectable,AB,,False,34
Annexe 1 — Medicaments Essentiels,Liste Complementaire,10,ANTIVIRAUX,10.03,ANTIHEPATITES B OU ANTI VHB,Adéfovir,10 mg,Orale,Comprimé,ABC,,False,34
Annexe 1 — Medicaments Essentiels,Liste Complementaire,10,ANTIVIRAUX,10.03,ANTIHEPATITES B OU ANTI VHB,Entécavir,"0,5 mg",Orale,Comprimé,ABC,,False,34
Annexe 1 — Medicaments Essentiels,Liste Complementaire,10,ANTIVIRAUX,10.03,ANTIHEPATITES B OU ANTI VHB,Entécavir,1 mg,Orale,Comprimé,ABC,,False,34
Annexe 1 — Medicaments Essentiels,Liste Complementaire,10,ANTIVIRAUX,10.03,ANTIHEPATITES B OU ANTI VHB,Immunoglobuline anti VHB,500 UI/5 ml,Parentérale,Solution Injectable,ABCD,,False,34
Annexe 1 — Medicaments Essentiels,Liste Complementaire,10,ANTIVIRAUX,10.04,ANTIHEPATITES C OU ANTI VHC,Sofosbuvir + Ledispavir,400 mg + 90 mg,Orale,Comprimé,AB,,False,34
Annexe 1 — Medicaments Essentiels,Liste Complementaire,10,ANTIVIRAUX,10.04,ANTIHEPATITES C OU ANTI VHC,Sofosbuvir + Velpatasvir,400 mg + 100 mg,Orale,Comprimé,AB,,False,34
Annexe 1 — Medicaments Essentiels,Liste Complementaire,10,ANTIVIRAUX,11.01,ANTIINFECTIEUX LOCAUX,Néomycine + Polymycine B + Nystatine,35 000UI + 35 000UI + 100 000UI,Vaginale,Ovule,ABCD,,False,34
Annexe 1 — Medicaments Essentiels,Liste Complementaire,10,ANTIVIRAUX,11.02,CONTRACEPTIFS HORMONAUX,Médroxyprogestérone,"104 mg/0,65 ml",Parentérale,Solution Injectable,ABCD,,False,34
Annexe 1 — Medicaments Essentiels,Liste Complementaire,10,ANTIVIRAUX,11.02,CONTRACEPTIFS HORMONAUX,Médroxyprogestérone,150 mg/ml,Parentérale,Solution Injectable,ABCD,,False,34
Annexe 1 — Medicaments Essentiels,Liste Complementaire,10,ANTIVIRAUX,11.03,CONTRACEPTIFS LOCAUX,Chlorquinadol + Promestriène,200 mg + 10 mg,Vaginale,Comprimé,ABCD,,False,35
Annexe 1 — Medicaments Essentiels,Liste Complementaire,10,ANTIVIRAUX,11.03,CONTRACEPTIFS LOCAUX,Dispositif intra-utérin,---,Vaginale,Diu,ABCD,,False,35
Annexe 1 — Medicaments Essentiels,Liste Complementaire,10,ANTIVIRAUX,11.03,CONTRACEPTIFS LOCAUX,Lubrifiant vaginal,---,Vaginale,Gel,ABCDE,,False,35
Annexe 1 — Medicaments Essentiels,Liste Complementaire,10,ANTIVIRAUX,11.03,CONTRACEPTIFS LOCAUX,Médroxyprogestérone,150 mg/3 ml,Parentérale,Solution Injectable,ABCD,,False,35
Annexe 1 — Medicaments Essentiels,Liste Complementaire,10,ANTIVIRAUX,11.03,CONTRACEPTIFS LOCAUX,Menfegol,60 mg,Vaginale,Comprimé,ABCDE,,False,35
Annexe 1 — Medicaments Essentiels,Liste Complementaire,10,ANTIVIRAUX,11.03,CONTRACEPTIFS LOCAUX,Préservatifs féminins,---,Locale,Unité,ABCDE,,False,35
Annexe 1 — Medicaments Essentiels,Liste Complementaire,10,ANTIVIRAUX,11.03,CONTRACEPTIFS LOCAUX,Préservatifs masculins,---,Locale,Unité,ABCDE,,False,35
Annexe 1 — Medicaments Essentiels,Liste Complementaire,10,ANTIVIRAUX,11.03,CONTRACEPTIFS LOCAUX OCYTOCYQUES ET HEMOSTATIQUES UTERINS,Méthylergométrine,"0,125 mg",Orale,Comprimé,ABC,,False,35
Annexe 1 — Medicaments Essentiels,Liste Complementaire,10,ANTIVIRAUX,11.05,AUTRES MEDICAMENTS GYNECOLOGIQUES,Benzydamine chlorhydrate,140 mg/140 ml,Vaginale,Solution,ABCD,,False,35
Annexe 1 — Medicaments Essentiels,Liste Complementaire,12,MÉDICAMENTS DE L'APPAREIL DIGESTIF,12.01,ANTIDIARRHÉIQUES,Nifuroxazide,4%,Orale,Suspension buvable,ABCD,,False,35
Annexe 1 — Medicaments Essentiels,Liste Complementaire,12,MÉDICAMENTS DE L'APPAREIL DIGESTIF,12.01,ANTIDIARRHÉIQUES,Nifuroxazide,100 mg,Orale,Gélule,ABCD,,False,35
Annexe 1 — Medicaments Essentiels,Liste Complementaire,12,MÉDICAMENTS DE L'APPAREIL DIGESTIF,12.01,ANTIDIARRHÉIQUES,Racecadotril,100 mg,Orale,Gélule,ABCD,,False,35
Annexe 1 — Medicaments Essentiels,Liste Complementaire,12,MÉDICAMENTS DE L'APPAREIL DIGESTIF,12.01,ANTIDIARRHÉIQUES,Racecadotril,30 mg,Orale,Poudre en sachet,ABCD,,True,35
Annexe 1 — Medicaments Essentiels,Liste Complementaire,12,MÉDICAMENTS DE L'APPAREIL DIGESTIF,12.01,ANTIDIARRHÉIQUES,Sulfaguanidine,500 mg,Orale,Comprimé,ABCDE,,False,35
Annexe 1 — Medicaments Essentiels,Liste Complementaire,12,MÉDICAMENTS DE L'APPAREIL DIGESTIF,12.01,ANTIDIARRHÉIQUES,Tiliquinol + Tilbroquinol,100 mg + 200 mg,Orale,Gélule,ABCD,,False,35
Annexe 1 — Medicaments Essentiels,Liste Complementaire,12,MÉDICAMENTS DE L'APPAREIL DIGESTIF,12.02,ANTIÉMÉTIQUES – GASTROKINETIQUES,Dompéridone,1 mg/ml,Orale,Sirop,ABC,,False,35
Annexe 1 — Medicaments Essentiels,Liste Complementaire,12,MÉDICAMENTS DE L'APPAREIL DIGESTIF,12.02,ANTIÉMÉTIQUES – GASTROKINETIQUES,Dompéridone,10 mg,Orale,Comprimé,ABC,,False,35
Annexe 1 — Medicaments Essentiels,Liste Complementaire,12,MÉDICAMENTS DE L'APPAREIL DIGESTIF,12.02,ANTIÉMÉTIQUES – GASTROKINETIQUES,Métoclopramide,"0,1%",Orale,Solution buvable,ABCD,,False,35
Annexe 1 — Medicaments Essentiels,Liste Complementaire,12,MÉDICAMENTS DE L'APPAREIL DIGESTIF,12.02,ANTIÉMÉTIQUES – GASTROKINETIQUES,Métoclopramide,10 mg,Orale,Comprimé,ABCD,,False,35
Annexe 1 — Medicaments Essentiels,Liste Complementaire,12,MÉDICAMENTS DE L'APPAREIL DIGESTIF,12.02,ANTIÉMÉTIQUES – GASTROKINETIQUES,Métoclopramide,10 mg,Rectale,Suppositoire,ABCD,,False,35
Annexe 1 — Medicaments Essentiels,Liste Complementaire,12,MÉDICAMENTS DE L'APPAREIL DIGESTIF,12.02,ANTIÉMÉTIQUES – GASTROKINETIQUES,Métoclopramide,10 mg/2 ml,Parentérale,Solution injectable,ABC,,False,35
Annexe 1 — Medicaments Essentiels,Liste Complementaire,12,MÉDICAMENTS DE L'APPAREIL DIGESTIF,12.02,ANTIÉMÉTIQUES – GASTROKINETIQUES,Métoclopramide,"2,6mg/ml",Orale,Solution buvable,ABCD,,True,35
Annexe 1 — Medicaments Essentiels,Liste Complementaire,12,MÉDICAMENTS DE L'APPAREIL DIGESTIF,12.02,ANTIÉMÉTIQUES – GASTROKINETIQUES,Prochlorperazine,"12,5 mg/ml",Parentérale,Solution injectable,AB,,False,35
Annexe 1 — Medicaments Essentiels,Liste Complementaire,12,MÉDICAMENTS DE L'APPAREIL DIGESTIF,12.02,"ANTIÉMÉTIQUES – GASTROKINETIQUES ANTIULCÉREUX, ANTI-ACIDES ET PROTECTEURS GASTRIQUES","Aluminosilicate de Magnésium, Sodium et Calcium",---,Orale,Poudre en sachet,ABCDE,,False,35
Annexe 1 — Medicaments Essentiels,Liste Complementaire,12,MÉDICAMENTS DE L'APPAREIL DIGESTIF,12.02,"ANTIÉMÉTIQUES – GASTROKINETIQUES ANTIULCÉREUX, ANTI-ACIDES ET PROTECTEURS GASTRIQUES",Lansoprazole,30 mg/5ml,Parentérale,Poudre pour préparation injectable,ABC,,False,35
Annexe 1 — Medicaments Essentiels,Liste Complementaire,12,MÉDICAMENTS DE L'APPAREIL DIGESTIF,12.02,"ANTIÉMÉTIQUES – GASTROKINETIQUES ANTIULCÉREUX, ANTI-ACIDES ET PROTECTEURS GASTRIQUES",Rabéprazole,20 mg,Orale,Comprimé,ABC,,False,35
Annexe 1 — Medicaments Essentiels,Liste Complementaire,12,MÉDICAMENTS DE L'APPAREIL DIGESTIF,12.02,"ANTIÉMÉTIQUES – GASTROKINETIQUES ANTIULCÉREUX, ANTI-ACIDES ET PROTECTEURS GASTRIQUES",Rabéprazole,40 mg,Orale,Comprimé,ABC,,False,35
Annexe 1 — Medicaments Essentiels,Liste Complementaire,12,MÉDICAMENTS DE L'APPAREIL DIGESTIF,12.02,"ANTIÉMÉTIQUES – GASTROKINETIQUES ANTIULCÉREUX, ANTI-ACIDES ET PROTECTEURS GASTRIQUES",Sucralfate,"1 g/1,15 g",Orale,Suspension buvable en sachet,ABC,,False,35
Annexe 1 — Medicaments Essentiels,Liste Complementaire,12,MÉDICAMENTS DE L'APPAREIL DIGESTIF,12.04,ANTIHÉMORROIDAIRES,Trimébutine + Ruscogénines,"1,16 g + 100 mg/20 g",Rectale,Crème,ABC,,False,35
Annexe 1 — Medicaments Essentiels,Liste Complementaire,12,MÉDICAMENTS DE L'APPAREIL DIGESTIF,12.04,ANTIHÉMORROIDAIRES,Trimébutine + Ruscogénines,120 mg + 10 mg,Rectale,Suppositoire,ABC,,False,35
Annexe 1 — Medicaments Essentiels,Liste Complementaire,12,MÉDICAMENTS DE L'APPAREIL DIGESTIF,12.04,ANTIHÉMORROIDAIRES MEDICAMENTS POUR L'ENDOSCOPIE DIGESTIVE,Gomme sterculia,---,Orale,Granulés,AB,,False,35
Annexe 1 — Medicaments Essentiels,Liste Complementaire,12,MÉDICAMENTS DE L'APPAREIL DIGESTIF,12.04,ANTIHÉMORROIDAIRES MEDICAMENTS POUR L'ENDOSCOPIE DIGESTIVE,Lidocaïne,2%,Orale,Gel,AB,,False,35
Annexe 1 — Medicaments Essentiels,Liste Complementaire,12,MÉDICAMENTS DE L'APPAREIL DIGESTIF,12.04,ANTIHÉMORROIDAIRES MEDICAMENTS POUR L'ENDOSCOPIE DIGESTIVE,Lubrifiant pour endoscopie digestive,---,---,Gel,AB,,False,35
Annexe 1 — Medicaments Essentiels,Liste Complementaire,12,MÉDICAMENTS DE L'APPAREIL DIGESTIF,12.04,ANTIHÉMORROIDAIRES MEDICAMENTS POUR L'ENDOSCOPIE DIGESTIVE,Macrogol 4000 + Sodium + Potassium chlorure,"64 g + 1,967 g + 0,75 g",Orale,Poudre,AB,,False,35
Annexe 1 — Medicaments Essentiels,Liste Complementaire,12,MÉDICAMENTS DE L'APPAREIL DIGESTIF,12.04,ANTIHÉMORROIDAIRES MEDICAMENTS POUR L'ENDOSCOPIE DIGESTIVE,Polyéthylèneglycol,---,Orale,Poudre,AB,,False,35
Annexe 1 — Medicaments Essentiels,Liste Complementaire,13,MÉDICAMENTS DE L'APPAREIL RESPIRATOIRE,13.01,ANTIASTHMATIQUES,Aminophylline,250 mg/10 ml,Parentérale,Solution injectable,AB,,False,35
Annexe 1 — Medicaments Essentiels,Liste Complementaire,13,MÉDICAMENTS DE L'APPAREIL RESPIRATOIRE,13.01,ANTIASTHMATIQUES,Budésonide,1 mg/2 ml,Pulmonaire,Suspension pour inhalation,AB,,False,35
Annexe 1 — Medicaments Essentiels,Liste Complementaire,13,MÉDICAMENTS DE L'APPAREIL RESPIRATOIRE,13.01,ANTIASTHMATIQUES,Formétérol + Budesonide,6 µg/100 µg,Pulmonaire,Poudre pour inhalation,ABC,,False,36
Annexe 1 — Medicaments Essentiels,Liste Complementaire,13,MÉDICAMENTS DE L'APPAREIL RESPIRATOIRE,13.01,ANTIASTHMATIQUES,Salbutamol,2 mg/5 ml,Orale,Sirop,ABCD,,False,36
Annexe 1 — Medicaments Essentiels,Liste Complementaire,13,MÉDICAMENTS DE L'APPAREIL RESPIRATOIRE,13.01,ANTIASTHMATIQUES,Salmeterol + Fluticasone,50 µg/100 µg,Pulmonaire,Poudre pour inhalation,ABC,,True,36
Annexe 1 — Medicaments Essentiels,Liste Complementaire,13,MÉDICAMENTS DE L'APPAREIL RESPIRATOIRE,13.01,ANTIASTHMATIQUES,Salmeterol + Fluticasone,50 µg/250 µg,Pulmonaire,Poudre pour inhalation,ABC,,True,36
Annexe 1 — Medicaments Essentiels,Liste Complementaire,13,MÉDICAMENTS DE L'APPAREIL RESPIRATOIRE,13.01,ANTIASTHMATIQUES,Salmeterol + Fluticasone,50 µg/500 µg,Pulmonaire,Poudre pour inhalation,ABC,,True,36
Annexe 1 — Medicaments Essentiels,Liste Complementaire,13,MÉDICAMENTS DE L'APPAREIL RESPIRATOIRE,13.01,ANTIASTHMATIQUES,Terbutaline LP,5 mg,Orale,Comprimé,ABCD,,False,36
Annexe 1 — Medicaments Essentiels,Liste Complementaire,13,MÉDICAMENTS DE L'APPAREIL RESPIRATOIRE,13.02,ANTITUSSIFS,Bromhexine,"0,2%",Orale,Solution buvable,ABC,,False,36
Annexe 1 — Medicaments Essentiels,Liste Complementaire,13,MÉDICAMENTS DE L'APPAREIL RESPIRATOIRE,13.02,ANTITUSSIFS,Bromhexine,8 mg,Orale,Comprimé,ABC,,False,36
Annexe 1 — Medicaments Essentiels,Liste Complementaire,13,MÉDICAMENTS DE L'APPAREIL RESPIRATOIRE,13.02,ANTITUSSIFS,Pholcodine,133 mg/100 ml,Orale,Sirop,ABC,,False,36
Annexe 1 — Medicaments Essentiels,Liste Complementaire,13,MÉDICAMENTS DE L'APPAREIL RESPIRATOIRE,13.02,ANTITUSSIFS AUTRES MEDICAMENTS DE L'APPAREIL RESPIRATOIRE,Caféine citrate,25 mg/ml,Orale/Parentéral e,Solution injectable/buvable,ABC,,True,36
Annexe 1 — Medicaments Essentiels,Liste Complementaire,14,MÉDICAMENTS DES MALADIES MÉTABOLIQUES,14.01,BIGUANIDES,Metformine,850 mg,Orale,Comprimé,ABC,,False,36
Annexe 1 — Medicaments Essentiels,Liste Complementaire,14,MÉDICAMENTS DES MALADIES MÉTABOLIQUES,14.01,BIGUANIDES,Metformine,500 mg,Orale,Comprimé,ABC,,False,36
Annexe 1 — Medicaments Essentiels,Liste Complementaire,14,MÉDICAMENTS DES MALADIES MÉTABOLIQUES,14.02,HYPOCHOLESTEROLEMIANTS,Atorvastatine,10 mg,Orale,Comprimé,ABC,,False,36
Annexe 1 — Medicaments Essentiels,Liste Complementaire,14,MÉDICAMENTS DES MALADIES MÉTABOLIQUES,14.02,HYPOCHOLESTEROLEMIANTS,Atorvastatine,40 mg,Orale,Comprimé,ABC,,False,36
Annexe 1 — Medicaments Essentiels,Liste Complementaire,14,MÉDICAMENTS DES MALADIES MÉTABOLIQUES,14.02,HYPOCHOLESTEROLEMIANTS,Rosuvastatine,10 mg,Orale,Comprimé,ABC,,False,36
Annexe 1 — Medicaments Essentiels,Liste Complementaire,14,MÉDICAMENTS DES MALADIES MÉTABOLIQUES,14.03,SULFAMIDES HYPOGLYCEMIANTS,Glibenclamide + Metformine,"2,5 mg/500 mg",Orale,Comprimé,AB,,False,36
Annexe 1 — Medicaments Essentiels,Liste Complementaire,14,MÉDICAMENTS DES MALADIES MÉTABOLIQUES,14.03,SULFAMIDES HYPOGLYCEMIANTS,Glibenclamide + Metformine,5 mg/500 mg,Orale,Comprimé,AB,,False,36
Annexe 1 — Medicaments Essentiels,Liste Complementaire,14,MÉDICAMENTS DES MALADIES MÉTABOLIQUES,14.03,SULFAMIDES HYPOGLYCEMIANTS,Gliclazide,80 mg,Orale,Comprimé,AB,,False,36
Annexe 1 — Medicaments Essentiels,Liste Complementaire,14,MÉDICAMENTS DES MALADIES MÉTABOLIQUES,14.03,SULFAMIDES HYPOGLYCEMIANTS,Glimépiride + Metformine,2 mg/500 mg,Orale,Comprimé,AB,,False,36
Annexe 1 — Medicaments Essentiels,Liste Complementaire,14,MÉDICAMENTS DES MALADIES MÉTABOLIQUES,14.03,SULFAMIDES HYPOGLYCEMIANTS,Glipizide,5 mg,Orale,Comprimé,AB,,False,36
Annexe 1 — Medicaments Essentiels,Liste Complementaire,14,MÉDICAMENTS DES MALADIES MÉTABOLIQUES,14.04,VITAMINES,Hydroxocobalamine,5000 µg,Parentérale,Soluté Injectable,ABC,,False,36
Annexe 1 — Medicaments Essentiels,Liste Complementaire,14,MÉDICAMENTS DES MALADIES MÉTABOLIQUES,14.04,VITAMINES,Thiamine,100 µg/2 ml,Parentérale,Solution Injectable,ABC,,False,36
Annexe 1 — Medicaments Essentiels,Liste Complementaire,14,MÉDICAMENTS DES MALADIES MÉTABOLIQUES,14.05,INSULINES,Insuline glargine,100 UI/ml,Parentérale,Solution Injectable,AB,,False,36
Annexe 1 — Medicaments Essentiels,Liste Complementaire,14,MÉDICAMENTS DES MALADIES MÉTABOLIQUES,14.06,INHIBITEURS DE LA DIPEPTIDYLPEPTIDASE-4,Sitagliptine + Metformine,50 mg/1000 mg,Orale,Comprimé,AB,,False,36
Annexe 1 — Medicaments Essentiels,Liste Complementaire,14,MÉDICAMENTS DES MALADIES MÉTABOLIQUES,14.06,INHIBITEURS DE LA DIPEPTIDYLPEPTIDASE-4,Sitagliptine + Metformine,50 mg/850 mg,Orale,Comprimé,AB,,False,36
Annexe 1 — Medicaments Essentiels,Liste Complementaire,14,MÉDICAMENTS DES MALADIES MÉTABOLIQUES,14.06,INHIBITEURS DE LA DIPEPTIDYLPEPTIDASE-4,Vidagliptine + Metformine,50 mg/1000 mg,Orale,Comprimé,AB,,False,36
Annexe 1 — Medicaments Essentiels,Liste Complementaire,14,MÉDICAMENTS DES MALADIES MÉTABOLIQUES,14.06,INHIBITEURS DE LA DIPEPTIDYLPEPTIDASE-4 PREPARATIONS POUR ALIMENTATION ENTÉRALE,Aliment complet équilibré de substitution au lait,---,Orale,Poudre,AB,,True,36
Annexe 1 — Medicaments Essentiels,Liste Complementaire,14,MÉDICAMENTS DES MALADIES MÉTABOLIQUES,14.06,INHIBITEURS DE LA DIPEPTIDYLPEPTIDASE-4 PREPARATIONS POUR ALIMENTATION ENTÉRALE,BP-5,---,Orale,Barre Alimentaire,ABCDE,,False,36
Annexe 1 — Medicaments Essentiels,Liste Complementaire,14,MÉDICAMENTS DES MALADIES MÉTABOLIQUES,14.06,INHIBITEURS DE LA DIPEPTIDYLPEPTIDASE-4 PREPARATIONS POUR ALIMENTATION ENTÉRALE,Iode,200 UI,Orale,Capsule,ABCD,,True,36
Annexe 1 — Medicaments Essentiels,Liste Complementaire,14,MÉDICAMENTS DES MALADIES MÉTABOLIQUES,14.06,INHIBITEURS DE LA DIPEPTIDYLPEPTIDASE-4 PREPARATIONS POUR ALIMENTATION ENTÉRALE,Magnésium,1 g/10 ml,Parentérale,Solution Injectable,ABC,,False,36
Annexe 1 — Medicaments Essentiels,Liste Complementaire,14,MÉDICAMENTS DES MALADIES MÉTABOLIQUES,14.06,INHIBITEURS DE LA DIPEPTIDYLPEPTIDASE-4 PREPARATIONS POUR ALIMENTATION ENTÉRALE,Polystyrène sulfonate de sodium,15 g,Orale,Poudre Pour Suspension Buvable,AB,,False,36
Annexe 1 — Medicaments Essentiels,Liste Complementaire,14,MÉDICAMENTS DES MALADIES MÉTABOLIQUES,14.06,INHIBITEURS DE LA DIPEPTIDYLPEPTIDASE-4 PREPARATIONS POUR ALIMENTATION ENTÉRALE,Zinc,15 mg/2 ml,Orale,Solution Buvable,ABCD,,False,36
Annexe 1 — Medicaments Essentiels,Liste Complementaire,15,MÉDICAMENTS AFFECTANT LE SANG,15.01,ANTIANÉMIQUES,Cyanocobalamine,1000 µg/ml,Parentérale,Solution injectable,ABC,,False,36
Annexe 1 — Medicaments Essentiels,Liste Complementaire,15,MÉDICAMENTS AFFECTANT LE SANG,15.01,ANTIANÉMIQUES,Fer Fumarate,200 mg,Orale,Comprimé,ABCDE,,False,36
Annexe 1 — Medicaments Essentiels,Liste Complementaire,15,MÉDICAMENTS AFFECTANT LE SANG,15.01,ANTIANÉMIQUES,Fer Fumarate,66 mg,Orale,Comprimé,ABCDE,,False,36
Annexe 1 — Medicaments Essentiels,Liste Complementaire,15,MÉDICAMENTS AFFECTANT LE SANG,15.01,ANTIANÉMIQUES,Hydroxycobalamine,1000 µg/1 ml,Parentérale,Solution injectable,ABC,,False,36
Annexe 1 — Medicaments Essentiels,Liste Complementaire,15,MÉDICAMENTS AFFECTANT LE SANG,15.02,ANTICOAGULANTS INJECTABLES,Enoxaparine,"2000 UI/0,2 ml",Parentérale,Solution injectable,AB,,False,36
Annexe 1 — Medicaments Essentiels,Liste Complementaire,15,MÉDICAMENTS AFFECTANT LE SANG,15.02,ANTICOAGULANTS INJECTABLES,Enoxaparine,"6000 UI/0,8 ml",Parentérale,Solution injectable,AB,,False,36
Annexe 1 — Medicaments Essentiels,Liste Complementaire,15,MÉDICAMENTS AFFECTANT LE SANG,15.02,ANTICOAGULANTS INJECTABLES,Héparinate de calcium,"12 500 UI/ 0,5 ml",Parentérale,Solution injectable,AB,,False,37
Annexe 1 — Medicaments Essentiels,Liste Complementaire,15,MÉDICAMENTS AFFECTANT LE SANG,15.02,ANTICOAGULANTS INJECTABLES,Héparinate de calcium,"20 000 UI/0,8 ml",Parentérale,Solution injectable,AB,,False,37
Annexe 1 — Medicaments Essentiels,Liste Complementaire,15,MÉDICAMENTS AFFECTANT LE SANG,15.02,ANTICOAGULANTS INJECTABLES,Héparinate de calcium Héparinate de calcium,"7500 UI/0,3 ml 5000 UI/0,2 ml",Parentérale,Solution injectable,AB,,False,37
Annexe 1 — Medicaments Essentiels,Liste Complementaire,15,MÉDICAMENTS AFFECTANT LE SANG,15.03,ANTICOAGULANTS ORAUX,Fluindione,20 mg,Orale,Comprimé,AB,,False,37
Annexe 1 — Medicaments Essentiels,Liste Complementaire,15,MÉDICAMENTS AFFECTANT LE SANG,15.04,ANTIAGREGGANTS PLAQUETTAIRES,Salicylate de lysine,100 mg,Orale,Poudre en sachet,ABC,,True,37
Annexe 1 — Medicaments Essentiels,Liste Complementaire,15,MÉDICAMENTS AFFECTANT LE SANG,15.05,HÉMOSTATIQUES ET ANTI-FIBRINOLYTIQUES,Acide tranexamique,500 mg/5 ml,Parentérale,Solution injectable,ABC,,False,37
Annexe 1 — Medicaments Essentiels,Liste Complementaire,15,MÉDICAMENTS AFFECTANT LE SANG,15.05,HÉMOSTATIQUES ET ANTI-FIBRINOLYTIQUES,Acide tranexamique,250 mg,Orale,Comprimé,ABCD,,False,37
Annexe 1 — Medicaments Essentiels,Liste Complementaire,15,MÉDICAMENTS AFFECTANT LE SANG,15.05,HÉMOSTATIQUES ET ANTI-FIBRINOLYTIQUES,Acide tranexamique,500 mg,Orale,Comprimé,ABCD,,False,37
Annexe 1 — Medicaments Essentiels,Liste Complementaire,15,MÉDICAMENTS AFFECTANT LE SANG,15.05,HÉMOSTATIQUES ET ANTI-FIBRINOLYTIQUES,Cire hémostatique (Cire d'abeille+Vaseline),---,Locale,Stick,AB,,False,37
Annexe 1 — Medicaments Essentiels,Liste Complementaire,15,MÉDICAMENTS AFFECTANT LE SANG,15.05,HÉMOSTATIQUES ET ANTI-FIBRINOLYTIQUES,Complexe prothrombique,500 UI,Parentérale,Poudre pour préparation injectable,AB,,False,37
Annexe 1 — Medicaments Essentiels,Liste Complementaire,15,MÉDICAMENTS AFFECTANT LE SANG,15.05,HÉMOSTATIQUES ET ANTI-FIBRINOLYTIQUES,Etamsylate,125 mg/ml,Parentérale,Solution injectable,AB,,False,37
Annexe 1 — Medicaments Essentiels,Liste Complementaire,15,MÉDICAMENTS AFFECTANT LE SANG,15.05,HÉMOSTATIQUES ET ANTI-FIBRINOLYTIQUES,Gaze hémostatique résorbable,"1,25x5 cm",Locale,Bande imprégnée en sachet,AB,,False,37
Annexe 1 — Medicaments Essentiels,Liste Complementaire,15,MÉDICAMENTS AFFECTANT LE SANG,15.05,HÉMOSTATIQUES ET ANTI-FIBRINOLYTIQUES,Gaze hémostatique résorbable,"7,5x5 cm",Locale,Bande imprégnée en sachet,AB,,False,37
Annexe 1 — Medicaments Essentiels,Liste Complementaire,15,MÉDICAMENTS AFFECTANT LE SANG,15.05,HÉMOSTATIQUES ET ANTI-FIBRINOLYTIQUES,Phytoménadione (Vitamine K1),50 mg/ml,Parentérale,Solution injectable,ABCD,,False,37
Annexe 1 — Medicaments Essentiels,Liste Complementaire,15,MÉDICAMENTS AFFECTANT LE SANG,16.01,MEDICAMENTS DERIVES DU PLASMA,Immunoglobuline anti-D,250 µg,Parentérale,Solution injectable,ABCD,,False,37
Annexe 1 — Medicaments Essentiels,Liste Complementaire,15,MÉDICAMENTS AFFECTANT LE SANG,16.01,MEDICAMENTS DERIVES DU PLASMA,Immunoglobuline antirabique,150 UI/ml,Parentérale,Solution injectable,ABCD,,False,37
Annexe 1 — Medicaments Essentiels,Liste Complementaire,15,MÉDICAMENTS AFFECTANT LE SANG,16.01,MEDICAMENTS DERIVES DU PLASMA,Immunoglobuline antitétanique,500 UI,Parentérale,Solution injectable,ABCD,,False,37
Annexe 1 — Medicaments Essentiels,Liste Complementaire,15,MÉDICAMENTS AFFECTANT LE SANG,16.01,MEDICAMENTS DERIVES DU PLASMA,Facteur VIII de coagulation,1000 UI,Parentérale,Poudre pour préparation injectable,AB,,False,37
Annexe 1 — Medicaments Essentiels,Liste Complementaire,15,MÉDICAMENTS AFFECTANT LE SANG,16.01,MEDICAMENTS DERIVES DU PLASMA,Facteur IX de coagulation,500 UI,Parentérale,Poudre pour préparation injectable,AB,,False,37
Annexe 1 — Medicaments Essentiels,Liste Complementaire,15,MÉDICAMENTS AFFECTANT LE SANG,16.02,SUBSTITUTS DU PLASMA,Dextrane 70,6%,Parentérale,Solution injectable,ABC,,False,37
Annexe 1 — Medicaments Essentiels,Liste Complementaire,17,MÉDICAMENTS DU SYSTEME CARDIOVASCULAIRE ANALEPTIQUES CARDIO-CIRCULATOIRES ET MODERATEURS,,,Dopamine,50 mg/10 ml,Parentérale,Solution injectable,A,,False,37
Annexe 1 — Medicaments Essentiels,Liste Complementaire,17,MÉDICAMENTS DU SYSTEME CARDIOVASCULAIRE ANALEPTIQUES CARDIO-CIRCULATOIRES ET MODERATEURS,17.02,ANTIANGOREUX,Isosorbide,10 mg,Orale,Comprimé,AB,,False,37
Annexe 1 — Medicaments Essentiels,Liste Complementaire,17,MÉDICAMENTS DU SYSTEME CARDIOVASCULAIRE ANALEPTIQUES CARDIO-CIRCULATOIRES ET MODERATEURS,17.02,ANTIANGOREUX,Isosorbide,5 mg,Orale,Comprimé,AB,,False,37
Annexe 1 — Medicaments Essentiels,Liste Complementaire,17,MÉDICAMENTS DU SYSTEME CARDIOVASCULAIRE ANALEPTIQUES CARDIO-CIRCULATOIRES ET MODERATEURS,17.02,ANTIANGOREUX,Molsidomine,4 mg,Orale,Comprimé,AB,,False,37
Annexe 1 — Medicaments Essentiels,Liste Complementaire,17,MÉDICAMENTS DU SYSTEME CARDIOVASCULAIRE ANALEPTIQUES CARDIO-CIRCULATOIRES ET MODERATEURS,17.02,ANTIANGOREUX,Molsidomine,2 mg,Orale,Comprimé,AB,,False,37
Annexe 1 — Medicaments Essentiels,Liste Complementaire,17,MÉDICAMENTS DU SYSTEME CARDIOVASCULAIRE ANALEPTIQUES CARDIO-CIRCULATOIRES ET MODERATEURS,17.02,ANTIANGOREUX,Trimétazidine,35 mg,Orale,Comprimé,AB,,False,37
Annexe 1 — Medicaments Essentiels,Liste Complementaire,17,MÉDICAMENTS DU SYSTEME CARDIOVASCULAIRE ANALEPTIQUES CARDIO-CIRCULATOIRES ET MODERATEURS,17.03,ANTIARYTHMIQUES,Adénosine triphosphate,20 mg/2ml,Parentérale,Solution injectable,AB,,False,37
Annexe 1 — Medicaments Essentiels,Liste Complementaire,17,MÉDICAMENTS DU SYSTEME CARDIOVASCULAIRE ANALEPTIQUES CARDIO-CIRCULATOIRES ET MODERATEURS,17.03,ANTIARYTHMIQUES,Disopyramide,50 mg/5ml,Parentérale,Solution injectable,A,,False,37
Annexe 1 — Medicaments Essentiels,Liste Complementaire,17,MÉDICAMENTS DU SYSTEME CARDIOVASCULAIRE ANALEPTIQUES CARDIO-CIRCULATOIRES ET MODERATEURS,17.03,ANTIARYTHMIQUES,Flécaïnide,100 mg,Orale,Comprimé,AB,,False,37
Annexe 1 — Medicaments Essentiels,Liste Complementaire,17,MÉDICAMENTS DU SYSTEME CARDIOVASCULAIRE ANALEPTIQUES CARDIO-CIRCULATOIRES ET MODERATEURS,17.03,ANTIARYTHMIQUES,Flécaïnide,200 mg,Orale,Comprimé,AB,,False,37
Annexe 1 — Medicaments Essentiels,Liste Complementaire,17,MÉDICAMENTS DU SYSTEME CARDIOVASCULAIRE ANALEPTIQUES CARDIO-CIRCULATOIRES ET MODERATEURS,17.03,ANTIARYTHMIQUES,Flécaïnide,50 mg,Orale,Comprimé libération prolongée,AB,,False,37
Annexe 1 — Medicaments Essentiels,Liste Complementaire,17,MÉDICAMENTS DU SYSTEME CARDIOVASCULAIRE ANALEPTIQUES CARDIO-CIRCULATOIRES ET MODERATEURS,17.03,ANTIARYTHMIQUES,Propafénone,300 mg,Orale,Comprimé,A,,False,37
Annexe 1 — Medicaments Essentiels,Liste Complementaire,17,MÉDICAMENTS DU SYSTEME CARDIOVASCULAIRE ANALEPTIQUES CARDIO-CIRCULATOIRES ET MODERATEURS,17.04,ANTIHYPERTENSEURS,Acébutolol,200 mg,Orale,Comprimé,ABC,,False,37
Annexe 1 — Medicaments Essentiels,Liste Complementaire,17,MÉDICAMENTS DU SYSTEME CARDIOVASCULAIRE ANALEPTIQUES CARDIO-CIRCULATOIRES ET MODERATEURS,17.04,ANTIHYPERTENSEURS,Amlodipine,10 mg,Orale,Comprimé,ABC,,False,37
Annexe 1 — Medicaments Essentiels,Liste Complementaire,17,MÉDICAMENTS DU SYSTEME CARDIOVASCULAIRE ANALEPTIQUES CARDIO-CIRCULATOIRES ET MODERATEURS,17.04,ANTIHYPERTENSEURS,Amlodipine + Indapamide,"5 mg + 1,5 mg",Orale,Comprimé,ABC,,False,38
Annexe 1 — Medicaments Essentiels,Liste Complementaire,17,MÉDICAMENTS DU SYSTEME CARDIOVASCULAIRE ANALEPTIQUES CARDIO-CIRCULATOIRES ET MODERATEURS,17.04,ANTIHYPERTENSEURS,Amlodipine + Périndopril,5 mg + 5 mg,Orale,Comprimé,ABC,,False,38
Annexe 1 — Medicaments Essentiels,Liste Complementaire,17,MÉDICAMENTS DU SYSTEME CARDIOVASCULAIRE ANALEPTIQUES CARDIO-CIRCULATOIRES ET MODERATEURS,17.04,ANTIHYPERTENSEURS,Amlodipine + Valsartan,5 mg + 80 mg,Orale,Comprimé,ABC,,False,38
Annexe 1 — Medicaments Essentiels,Liste Complementaire,17,MÉDICAMENTS DU SYSTEME CARDIOVASCULAIRE ANALEPTIQUES CARDIO-CIRCULATOIRES ET MODERATEURS,17.04,ANTIHYPERTENSEURS,Atenolol,100 mg,Orale,Comprimé,ABC,,False,38
Annexe 1 — Medicaments Essentiels,Liste Complementaire,17,MÉDICAMENTS DU SYSTEME CARDIOVASCULAIRE ANALEPTIQUES CARDIO-CIRCULATOIRES ET MODERATEURS,17.04,ANTIHYPERTENSEURS,Bisoprolol,5 mg,Orale,Comprimé,ABC,,False,38
Annexe 1 — Medicaments Essentiels,Liste Complementaire,17,MÉDICAMENTS DU SYSTEME CARDIOVASCULAIRE ANALEPTIQUES CARDIO-CIRCULATOIRES ET MODERATEURS,17.04,ANTIHYPERTENSEURS,Bisoprolol,10 mg,Orale,Comprimé,ABC,,False,38
Annexe 1 — Medicaments Essentiels,Liste Complementaire,17,MÉDICAMENTS DU SYSTEME CARDIOVASCULAIRE ANALEPTIQUES CARDIO-CIRCULATOIRES ET MODERATEURS,17.04,ANTIHYPERTENSEURS,Bumétamide,2 mg/4 ml,Parentérale,Solution injectable,ABC,,False,38
Annexe 1 — Medicaments Essentiels,Liste Complementaire,17,MÉDICAMENTS DU SYSTEME CARDIOVASCULAIRE ANALEPTIQUES CARDIO-CIRCULATOIRES ET MODERATEURS,17.04,ANTIHYPERTENSEURS,Candésartan,8 mg,Orale,Comprimé,ABC,,False,38
Annexe 1 — Medicaments Essentiels,Liste Complementaire,17,MÉDICAMENTS DU SYSTEME CARDIOVASCULAIRE ANALEPTIQUES CARDIO-CIRCULATOIRES ET MODERATEURS,17.04,ANTIHYPERTENSEURS,Captopril + Hydrochlorothiazide,50 mg + 25 mg,Orale,Comprimé,ABC,,False,38
Annexe 1 — Medicaments Essentiels,Liste Complementaire,17,MÉDICAMENTS DU SYSTEME CARDIOVASCULAIRE ANALEPTIQUES CARDIO-CIRCULATOIRES ET MODERATEURS,17.04,ANTIHYPERTENSEURS,Carvedilol,"6,25 mg",Orale,Comprimé,ABC,,False,38
Annexe 1 — Medicaments Essentiels,Liste Complementaire,17,MÉDICAMENTS DU SYSTEME CARDIOVASCULAIRE ANALEPTIQUES CARDIO-CIRCULATOIRES ET MODERATEURS,17.04,ANTIHYPERTENSEURS,Diltiazem,200 mg,Orale,Gélule,ABC,,False,38
Annexe 1 — Medicaments Essentiels,Liste Complementaire,17,MÉDICAMENTS DU SYSTEME CARDIOVASCULAIRE ANALEPTIQUES CARDIO-CIRCULATOIRES ET MODERATEURS,17.04,ANTIHYPERTENSEURS,Enalapril,20 mg,Orale,Comprimé,ABC,,False,38
Annexe 1 — Medicaments Essentiels,Liste Complementaire,17,MÉDICAMENTS DU SYSTEME CARDIOVASCULAIRE ANALEPTIQUES CARDIO-CIRCULATOIRES ET MODERATEURS,17.04,ANTIHYPERTENSEURS,Hydrochlorothiazide,25 mg,Orale,Comprimé,ABC,,False,38
Annexe 1 — Medicaments Essentiels,Liste Complementaire,17,MÉDICAMENTS DU SYSTEME CARDIOVASCULAIRE ANALEPTIQUES CARDIO-CIRCULATOIRES ET MODERATEURS,17.04,ANTIHYPERTENSEURS,Hydrochlorothiazide + Amiloride,50 mg/5 mg,Orale,Comprimé,ABC,,False,38
Annexe 1 — Medicaments Essentiels,Liste Complementaire,17,MÉDICAMENTS DU SYSTEME CARDIOVASCULAIRE ANALEPTIQUES CARDIO-CIRCULATOIRES ET MODERATEURS,17.04,ANTIHYPERTENSEURS,Irbésartan,150 mg,Orale,Comprimé,ABC,,False,38
Annexe 1 — Medicaments Essentiels,Liste Complementaire,17,MÉDICAMENTS DU SYSTEME CARDIOVASCULAIRE ANALEPTIQUES CARDIO-CIRCULATOIRES ET MODERATEURS,17.04,ANTIHYPERTENSEURS,Labétolol,80 mg,Orale,Comprimé,ABC,,False,38
Annexe 1 — Medicaments Essentiels,Liste Complementaire,17,MÉDICAMENTS DU SYSTEME CARDIOVASCULAIRE ANALEPTIQUES CARDIO-CIRCULATOIRES ET MODERATEURS,17.04,ANTIHYPERTENSEURS,Losartan,25 mg,Orale,Comprimé,ABC,,False,38
Annexe 1 — Medicaments Essentiels,Liste Complementaire,17,MÉDICAMENTS DU SYSTEME CARDIOVASCULAIRE ANALEPTIQUES CARDIO-CIRCULATOIRES ET MODERATEURS,17.04,ANTIHYPERTENSEURS,Losartan + Hydrochlorothiazide,"50 mg + 12,5 mg",Orale,Comprimé,ABC,,False,38
Annexe 1 — Medicaments Essentiels,Liste Complementaire,17,MÉDICAMENTS DU SYSTEME CARDIOVASCULAIRE ANALEPTIQUES CARDIO-CIRCULATOIRES ET MODERATEURS,17.04,ANTIHYPERTENSEURS,Nebivolol,5 mg,Orale,Comprimé,ABC,,False,38
Annexe 1 — Medicaments Essentiels,Liste Complementaire,17,MÉDICAMENTS DU SYSTEME CARDIOVASCULAIRE ANALEPTIQUES CARDIO-CIRCULATOIRES ET MODERATEURS,17.04,ANTIHYPERTENSEURS,Nicardipine,20 mg,Orale,Gélule,ABC,,False,38
Annexe 1 — Medicaments Essentiels,Liste Complementaire,17,MÉDICAMENTS DU SYSTEME CARDIOVASCULAIRE ANALEPTIQUES CARDIO-CIRCULATOIRES ET MODERATEURS,17.04,ANTIHYPERTENSEURS,Nicardipine LP,50 mg,Orale,Gélule,ABC,,False,38
Annexe 1 — Medicaments Essentiels,Liste Complementaire,17,MÉDICAMENTS DU SYSTEME CARDIOVASCULAIRE ANALEPTIQUES CARDIO-CIRCULATOIRES ET MODERATEURS,17.04,ANTIHYPERTENSEURS,Perindopril,10 mg,Orale,Comprimé,ABC,,False,38
Annexe 1 — Medicaments Essentiels,Liste Complementaire,17,MÉDICAMENTS DU SYSTEME CARDIOVASCULAIRE ANALEPTIQUES CARDIO-CIRCULATOIRES ET MODERATEURS,17.04,ANTIHYPERTENSEURS,Perindopril,5 mg,Orale,Comprimé,ABC,,False,38
Annexe 1 — Medicaments Essentiels,Liste Complementaire,17,MÉDICAMENTS DU SYSTEME CARDIOVASCULAIRE ANALEPTIQUES CARDIO-CIRCULATOIRES ET MODERATEURS,17.04,ANTIHYPERTENSEURS,Perindopril + Indapamide,"5 mg + 1,25 mg",Orale,Comprimé,ABC,,False,38
Annexe 1 — Medicaments Essentiels,Liste Complementaire,17,MÉDICAMENTS DU SYSTEME CARDIOVASCULAIRE ANALEPTIQUES CARDIO-CIRCULATOIRES ET MODERATEURS,17.04,ANTIHYPERTENSEURS,Pindolol,5 mg,Orale,Comprimé,ABC,,False,38
Annexe 1 — Medicaments Essentiels,Liste Complementaire,17,MÉDICAMENTS DU SYSTEME CARDIOVASCULAIRE ANALEPTIQUES CARDIO-CIRCULATOIRES ET MODERATEURS,17.04,ANTIHYPERTENSEURS,Ramipril + Hydrochlorothiazide,5 mg + 25 mg,Orale,Comprimé,ABC,,False,38
Annexe 1 — Medicaments Essentiels,Liste Complementaire,17,MÉDICAMENTS DU SYSTEME CARDIOVASCULAIRE ANALEPTIQUES CARDIO-CIRCULATOIRES ET MODERATEURS,17.04,ANTIHYPERTENSEURS,Ramipril + Hydrochlorothiazide,"5 mg + 12,5 mg",Orale,Comprimé,ABC,,False,38
Annexe 1 — Medicaments Essentiels,Liste Complementaire,17,MÉDICAMENTS DU SYSTEME CARDIOVASCULAIRE ANALEPTIQUES CARDIO-CIRCULATOIRES ET MODERATEURS,17.04,ANTIHYPERTENSEURS,Spironolactone,25 mg,Orale,Comprimé,ABC,,False,38
Annexe 1 — Medicaments Essentiels,Liste Complementaire,17,MÉDICAMENTS DU SYSTEME CARDIOVASCULAIRE ANALEPTIQUES CARDIO-CIRCULATOIRES ET MODERATEURS,17.04,ANTIHYPERTENSEURS,Spironolactone,75mg,Orale,Comprimé,ABC,,False,38
Annexe 1 — Medicaments Essentiels,Liste Complementaire,17,MÉDICAMENTS DU SYSTEME CARDIOVASCULAIRE ANALEPTIQUES CARDIO-CIRCULATOIRES ET MODERATEURS,17.04,ANTIHYPERTENSEURS,Spironolactone+Altizide,25 mg / 15 mg,Orale,Comprimé,ABC,,False,38
Annexe 1 — Medicaments Essentiels,Liste Complementaire,17,MÉDICAMENTS DU SYSTEME CARDIOVASCULAIRE ANALEPTIQUES CARDIO-CIRCULATOIRES ET MODERATEURS,17.04,ANTIHYPERTENSEURS,Valsartan,40 mg,Orale,Comprimé,ABC,,False,38
Annexe 1 — Medicaments Essentiels,Liste Complementaire,17,MÉDICAMENTS DU SYSTEME CARDIOVASCULAIRE ANALEPTIQUES CARDIO-CIRCULATOIRES ET MODERATEURS,17.04,ANTIHYPERTENSEURS,Valsartan,160 mg,Orale,Comprimé,ABC,,False,38
Annexe 1 — Medicaments Essentiels,Liste Complementaire,17,MÉDICAMENTS DU SYSTEME CARDIOVASCULAIRE ANALEPTIQUES CARDIO-CIRCULATOIRES ET MODERATEURS,17.04,ANTIHYPERTENSEURS,Valsartan + Hydrochlorothiazide,"80 mg + 12,5 mg",Orale,Comprimé,ABC,,False,38
Annexe 1 — Medicaments Essentiels,Liste Complementaire,17,MÉDICAMENTS DU SYSTEME CARDIOVASCULAIRE ANALEPTIQUES CARDIO-CIRCULATOIRES ET MODERATEURS,17.04,ANTIHYPERTENSEURS,Valsartan + Hydrochlorothiazide,160 mg + 25 mg,Orale,Comprimé,ABC,,False,38
Annexe 1 — Medicaments Essentiels,Liste Complementaire,17,MÉDICAMENTS DU SYSTEME CARDIOVASCULAIRE ANALEPTIQUES CARDIO-CIRCULATOIRES ET MODERATEURS,17.04,ANTIHYPERTENSEURS,Vérapamil,40 mg,Orale,Comprimé,ABC,,False,38
Annexe 1 — Medicaments Essentiels,Liste Complementaire,17,MÉDICAMENTS DU SYSTEME CARDIOVASCULAIRE ANALEPTIQUES CARDIO-CIRCULATOIRES ET MODERATEURS,17.04,ANTIHYPERTENSEURS,Vérapamil LP,120 mg,Orale,Comprimé,ABC,,False,38
Annexe 1 — Medicaments Essentiels,Liste Complementaire,17,MÉDICAMENTS DU SYSTEME CARDIOVASCULAIRE ANALEPTIQUES CARDIO-CIRCULATOIRES ET MODERATEURS,17.05,VASCULOPROTECTEURS,Fraction flavonoique purifiée micronisée,1000 mg,Orale,Comprimé,ABC,,False,38
Annexe 1 — Medicaments Essentiels,Liste Complementaire,18,MÉDICAMENTS DU SYSTÈME NERVEUX MEDICAMENTS DU SYSTÈME NERVEUX CENTRAL,,,Acetylleucine,500 mg,Orale,Comprimé,ABC,,False,38
Annexe 1 — Medicaments Essentiels,Liste Complementaire,18,MÉDICAMENTS DU SYSTÈME NERVEUX MEDICAMENTS DU SYSTÈME NERVEUX CENTRAL,,,Acetylleucine,500 mg/5 ml,Parentérale,Solution injectable,ABC,,False,38
Annexe 1 — Medicaments Essentiels,Liste Complementaire,18,MÉDICAMENTS DU SYSTÈME NERVEUX MEDICAMENTS DU SYSTÈME NERVEUX CENTRAL,,,Amisulpiride,100 mg,Orale,Comprimé,AB,,False,38
Annexe 1 — Medicaments Essentiels,Liste Complementaire,18,MÉDICAMENTS DU SYSTÈME NERVEUX MEDICAMENTS DU SYSTÈME NERVEUX CENTRAL,,,Citicoline,500 mg/4 ml,Parentérale,Solution injectable,A,,False,38
Annexe 1 — Medicaments Essentiels,Liste Complementaire,18,MÉDICAMENTS DU SYSTÈME NERVEUX MEDICAMENTS DU SYSTÈME NERVEUX CENTRAL,,,Citicoline,1000 mg/4 ml,Parentérale,Solution injectable,A,,False,38
Annexe 1 — Medicaments Essentiels,Liste Complementaire,18,MÉDICAMENTS DU SYSTÈME NERVEUX MEDICAMENTS DU SYSTÈME NERVEUX CENTRAL,,,Citicoline,100 mg/ml,Orale,Solution buvable,A,,False,38
Annexe 1 — Medicaments Essentiels,Liste Complementaire,18,MÉDICAMENTS DU SYSTÈME NERVEUX MEDICAMENTS DU SYSTÈME NERVEUX CENTRAL,,,Citicoline,250 mg/2 ml,Parentérale,Solution injectable,A,,False,38
Annexe 1 — Medicaments Essentiels,Liste Complementaire,18,MÉDICAMENTS DU SYSTÈME NERVEUX MEDICAMENTS DU SYSTÈME NERVEUX CENTRAL,,,Clobazam,10 mg,Orale,Comprimé,ABC,,False,38
Annexe 1 — Medicaments Essentiels,Liste Complementaire,18,MÉDICAMENTS DU SYSTÈME NERVEUX MEDICAMENTS DU SYSTÈME NERVEUX CENTRAL,,,Diazépam,1%,Orale,Solution buvable,ABC,,False,38
Annexe 1 — Medicaments Essentiels,Liste Complementaire,18,MÉDICAMENTS DU SYSTÈME NERVEUX MEDICAMENTS DU SYSTÈME NERVEUX CENTRAL,,,Dihydroergotamine,5 mg,Orale,Comprimé,ABC,,False,38
Annexe 1 — Medicaments Essentiels,Liste Complementaire,18,MÉDICAMENTS DU SYSTÈME NERVEUX MEDICAMENTS DU SYSTÈME NERVEUX CENTRAL,,,Dihydroergotoxine,"0,3 mg/ml",Parentérale,Solution injectable,ABC,,False,38
Annexe 1 — Medicaments Essentiels,Liste Complementaire,18,MÉDICAMENTS DU SYSTÈME NERVEUX MEDICAMENTS DU SYSTÈME NERVEUX CENTRAL MEDICAMENTS DU SYSTÈME NERVEUX CENTRAL,,,Ergotamine + Caféine,1 mg + 100 mg,Orale,Comprimé,ABC,,False,39
Annexe 1 — Medicaments Essentiels,Liste Complementaire,18,MÉDICAMENTS DU SYSTÈME NERVEUX MEDICAMENTS DU SYSTÈME NERVEUX CENTRAL MEDICAMENTS DU SYSTÈME NERVEUX CENTRAL,,,Fluphénazine,25 mg,Orale,Comprimé,ABC,,False,39
Annexe 1 — Medicaments Essentiels,Liste Complementaire,18,MÉDICAMENTS DU SYSTÈME NERVEUX MEDICAMENTS DU SYSTÈME NERVEUX CENTRAL MEDICAMENTS DU SYSTÈME NERVEUX CENTRAL,,,Levodopa+Carbidopa,100 mg/10 mg,Orale,Comprimé,A,,False,39
Annexe 1 — Medicaments Essentiels,Liste Complementaire,18,MÉDICAMENTS DU SYSTÈME NERVEUX MEDICAMENTS DU SYSTÈME NERVEUX CENTRAL MEDICAMENTS DU SYSTÈME NERVEUX CENTRAL,,,Méclozine,25 mg,Orale,Comprimé,ABC,,False,39
Annexe 1 — Medicaments Essentiels,Liste Complementaire,18,MÉDICAMENTS DU SYSTÈME NERVEUX MEDICAMENTS DU SYSTÈME NERVEUX CENTRAL MEDICAMENTS DU SYSTÈME NERVEUX CENTRAL,,,Métazidine,35 mg,Orale,Comprimé,ABC,,False,39
Annexe 1 — Medicaments Essentiels,Liste Complementaire,18,MÉDICAMENTS DU SYSTÈME NERVEUX MEDICAMENTS DU SYSTÈME NERVEUX CENTRAL MEDICAMENTS DU SYSTÈME NERVEUX CENTRAL,,,Miansérine,10 mg,Orale,Comprimé,ABC,,False,39
Annexe 1 — Medicaments Essentiels,Liste Complementaire,18,MÉDICAMENTS DU SYSTÈME NERVEUX MEDICAMENTS DU SYSTÈME NERVEUX CENTRAL MEDICAMENTS DU SYSTÈME NERVEUX CENTRAL,,,Miansérine,30 mg,Orale,Comprimé,ABC,,False,39
Annexe 1 — Medicaments Essentiels,Liste Complementaire,18,MÉDICAMENTS DU SYSTÈME NERVEUX MEDICAMENTS DU SYSTÈME NERVEUX CENTRAL MEDICAMENTS DU SYSTÈME NERVEUX CENTRAL,,,Phénobarbital,10 mg,Orale,Comprimé,ABC,,False,39
Annexe 1 — Medicaments Essentiels,Liste Complementaire,18,MÉDICAMENTS DU SYSTÈME NERVEUX MEDICAMENTS DU SYSTÈME NERVEUX CENTRAL MEDICAMENTS DU SYSTÈME NERVEUX CENTRAL,,,Phénobarbital,200 mg/4 ml,Parentérale,Poudre pour préparation injectable,AB,,False,39
Annexe 1 — Medicaments Essentiels,Liste Complementaire,18,MÉDICAMENTS DU SYSTÈME NERVEUX MEDICAMENTS DU SYSTÈME NERVEUX CENTRAL MEDICAMENTS DU SYSTÈME NERVEUX CENTRAL,,,Phénobarbital,50 mg,Orale,Comprimé,ABCD,,False,39
Annexe 1 — Medicaments Essentiels,Liste Complementaire,18,MÉDICAMENTS DU SYSTÈME NERVEUX MEDICAMENTS DU SYSTÈME NERVEUX CENTRAL MEDICAMENTS DU SYSTÈME NERVEUX CENTRAL,,,Phénytoine,100 mg,Orale,Comprimé,AB,,False,39
Annexe 1 — Medicaments Essentiels,Liste Complementaire,18,MÉDICAMENTS DU SYSTÈME NERVEUX MEDICAMENTS DU SYSTÈME NERVEUX CENTRAL MEDICAMENTS DU SYSTÈME NERVEUX CENTRAL,,,Sulpiride,200 mg,Orale,Comprimé,AB,,False,39
Annexe 1 — Medicaments Essentiels,Liste Complementaire,18,MÉDICAMENTS DU SYSTÈME NERVEUX MEDICAMENTS DU SYSTÈME NERVEUX CENTRAL MEDICAMENTS DU SYSTÈME NERVEUX CENTRAL,,,Sulpiride,50 mg,Orale,Comprimé,ABC,,False,39
Annexe 1 — Medicaments Essentiels,Liste Complementaire,18,MÉDICAMENTS DU SYSTÈME NERVEUX MEDICAMENTS DU SYSTÈME NERVEUX CENTRAL MEDICAMENTS DU SYSTÈME NERVEUX CENTRAL,,,Tétracosactide,1 mg/ml,Parentérale,Suspension injectable,AB,,False,39
Annexe 1 — Medicaments Essentiels,Liste Complementaire,18,MÉDICAMENTS DU SYSTÈME NERVEUX MEDICAMENTS DU SYSTÈME NERVEUX CENTRAL MEDICAMENTS DU SYSTÈME NERVEUX CENTRAL,,,Tiapride,100 mg,Orale,Comprimé,ABC,,False,39
Annexe 1 — Medicaments Essentiels,Liste Complementaire,18,MÉDICAMENTS DU SYSTÈME NERVEUX MEDICAMENTS DU SYSTÈME NERVEUX CENTRAL MEDICAMENTS DU SYSTÈME NERVEUX CENTRAL,,,Tiapride,100 mg/2 ml,Parentérale,Solution injectable,ABC,,False,39
Annexe 1 — Medicaments Essentiels,Liste Complementaire,18,MÉDICAMENTS DU SYSTÈME NERVEUX MEDICAMENTS DU SYSTÈME NERVEUX CENTRAL MEDICAMENTS DU SYSTÈME NERVEUX CENTRAL,,,Vigabatrine,500 mg,Orale,Comprimé,AB,,False,39
Annexe 1 — Medicaments Essentiels,Liste Complementaire,18,MÉDICAMENTS DU SYSTÈME NERVEUX MEDICAMENTS DU SYSTÈME NERVEUX CENTRAL MEDICAMENTS DU SYSTÈME NERVEUX CENTRAL MEDICAMENTS DU SYSTÈME NERVEUX PERIPHERIQUE,,,Complexe N acide nucleique,---,Orale,Gélule,ABC,,False,39
Annexe 1 — Medicaments Essentiels,Liste Complementaire,18,MÉDICAMENTS DU SYSTÈME NERVEUX MEDICAMENTS DU SYSTÈME NERVEUX CENTRAL MEDICAMENTS DU SYSTÈME NERVEUX CENTRAL MEDICAMENTS DU SYSTÈME NERVEUX PERIPHERIQUE,,,Complexe N acide nucleique,---,Parentérale,Solution injectable,ABC,,False,39
Annexe 1 — Medicaments Essentiels,Liste Complementaire,19,MEDICAMENTS UTILISES EN DERMATOLOGIE,,,5-Fluoro-uracile,5%,Cutanée,Crème,AB,,False,39
Annexe 1 — Medicaments Essentiels,Liste Complementaire,19,MEDICAMENTS UTILISES EN DERMATOLOGIE,,,Désonide,"0,10%",Cutanée,Crème,ABCD,,True,39
Annexe 1 — Medicaments Essentiels,Liste Complementaire,19,MEDICAMENTS UTILISES EN DERMATOLOGIE,,,Imiquinod,5%,Cutanée,Crème,AB,,True,39
Annexe 1 — Medicaments Essentiels,Liste Complementaire,19,MEDICAMENTS UTILISES EN DERMATOLOGIE,,,Nitrate d'argent,---,Cutanée,Crayon,ABC,,False,39
Annexe 1 — Medicaments Essentiels,Liste Complementaire,20,MEDICAMENTS UTILISES EN OPHTALMOLOGIE,20.01,ANTIGLAUCOMATEUX,Brinzolamide,"2,0%",Ophtalmique,Collyre,ABC,,False,39
Annexe 1 — Medicaments Essentiels,Liste Complementaire,20,MEDICAMENTS UTILISES EN OPHTALMOLOGIE,20.01,ANTIGLAUCOMATEUX,Dorzolamide,"2,0%",Ophtalmique,Collyre,ABC,,False,39
Annexe 1 — Medicaments Essentiels,Liste Complementaire,20,MEDICAMENTS UTILISES EN OPHTALMOLOGIE,20.01,ANTIGLAUCOMATEUX AUTRES MEDICAMENTS UTILISES EN OPHTALMOLOGIE,Chlorure de sodium (Larmes artificielles),"5,6 mg/0,4 ml",Ophtalmique,Collyre,ABCD,,False,39
Annexe 1 — Medicaments Essentiels,Liste Complementaire,20,MEDICAMENTS UTILISES EN OPHTALMOLOGIE,20.01,ANTIGLAUCOMATEUX AUTRES MEDICAMENTS UTILISES EN OPHTALMOLOGIE,Fluconazole,"0,30%",Ophtalmique,Collyre,AB,,False,39
Annexe 1 — Medicaments Essentiels,Liste Complementaire,20,MEDICAMENTS UTILISES EN OPHTALMOLOGIE,20.01,ANTIGLAUCOMATEUX AUTRES MEDICAMENTS UTILISES EN OPHTALMOLOGIE,Neomycine + Dexamethasone,3500UI + 1mg/ml,Ophtalmique,Collyre,ABCD,,False,39
Annexe 1 — Medicaments Essentiels,Liste Complementaire,20,MEDICAMENTS UTILISES EN OPHTALMOLOGIE,20.01,ANTIGLAUCOMATEUX AUTRES MEDICAMENTS UTILISES EN OPHTALMOLOGIE,Propacaine hydrochloride,"0,50%",Ophtalmique,Collyre,AB,,False,39
Annexe 1 — Medicaments Essentiels,Liste Complementaire,20,MEDICAMENTS UTILISES EN OPHTALMOLOGIE,20.01,ANTIGLAUCOMATEUX AUTRES MEDICAMENTS UTILISES EN OPHTALMOLOGIE,Tobramycine + Dexamethasone,3500UI + 1mg/ml,Ophtalmique,Collyre,ABCD,,False,39
Annexe 1 — Medicaments Essentiels,Liste Complementaire,21,MEDICAMENTS UTILISES EN OTORHINOLARYNGOLOGIE,21.01,ANESTHESIQUES LOCAUX,Lidocaïne,5%,Buccale,Solution pour pulvérisation buccale,ABC,,False,39
Annexe 1 — Medicaments Essentiels,Liste Complementaire,21,MEDICAMENTS UTILISES EN OTORHINOLARYNGOLOGIE,21.01,ANESTHESIQUES LOCAUX,Lidocaïne + Adrénaline,"1% + 0,0005%",Parentérale,Solution injectable,ABC,,False,39
Annexe 1 — Medicaments Essentiels,Liste Complementaire,21,MEDICAMENTS UTILISES EN OTORHINOLARYNGOLOGIE,21.01,ANESTHESIQUES LOCAUX,Lidocaïne + Naphazoline,"5% + 0,02%",Cutanée,Solution dermique,ABC,,False,39
Annexe 1 — Medicaments Essentiels,Liste Complementaire,21,MEDICAMENTS UTILISES EN OTORHINOLARYNGOLOGIE,21.02,MEDICAMENTS UTILISES EN RHINOLOGIE,Eau de mer,---,Nasale,Solution nasale,ABCD,,False,39
Annexe 1 — Medicaments Essentiels,Liste Complementaire,21,MEDICAMENTS UTILISES EN OTORHINOLARYNGOLOGIE,21.02,MEDICAMENTS UTILISES EN RHINOLOGIE,Framycétine,,Nasale,Goutte nasale,ABCD,,False,39
Annexe 1 — Medicaments Essentiels,Liste Complementaire,21,MEDICAMENTS UTILISES EN OTORHINOLARYNGOLOGIE,21.02,MEDICAMENTS UTILISES EN RHINOLOGIE,Goménol huileuse,2%,Nasale,Solution nasale,ABC,,False,39
Annexe 1 — Medicaments Essentiels,Liste Complementaire,21,MEDICAMENTS UTILISES EN OTORHINOLARYNGOLOGIE,21.02,MEDICAMENTS UTILISES EN RHINOLOGIE,Goménol huileuse,5%,Nasale,Solution nasale,ABC,,False,39
Annexe 1 — Medicaments Essentiels,Liste Complementaire,21,MEDICAMENTS UTILISES EN OTORHINOLARYNGOLOGIE,21.02,MEDICAMENTS UTILISES EN RHINOLOGIE,Goménol soluble,"82,5 mg/5 ml",Nasale,Solution pour inhalation,ABC,,False,39
Annexe 1 — Medicaments Essentiels,Liste Complementaire,21,MEDICAMENTS UTILISES EN OTORHINOLARYNGOLOGIE,21.02,MEDICAMENTS UTILISES EN RHINOLOGIE,Lysozyme + Propionate de sodium,"125 000 UI + 73,5 mg/10 ml",Nasale,Poudre et solution pour pulvérisation nasale,ABCD,,False,39
Annexe 1 — Medicaments Essentiels,Liste Complementaire,21,MEDICAMENTS UTILISES EN OTORHINOLARYNGOLOGIE,21.02,MEDICAMENTS UTILISES EN RHINOLOGIE,Polysorbate 80 + Benzododecinium,"10 mg + 0,2 mg/5 ml",Nasale,Solution nasale,ABCD,,False,40
Annexe 1 — Medicaments Essentiels,Liste Complementaire,21,MEDICAMENTS UTILISES EN OTORHINOLARYNGOLOGIE,21.02,MEDICAMENTS UTILISES EN RHINOLOGIE,Propionate de sodium + Framycétine,"2 g + 1,25 g/100 ml",Nasale,Solution nasale,ABCD,,False,40
Annexe 1 — Medicaments Essentiels,Liste Complementaire,21,MEDICAMENTS UTILISES EN OTORHINOLARYNGOLOGIE,21.02,MEDICAMENTS UTILISES EN RHINOLOGIE,Sérum physiologique,"0,90%",Nasale,Solution nasale,ABCD,,False,40
Annexe 1 — Medicaments Essentiels,Liste Complementaire,21,MEDICAMENTS UTILISES EN OTORHINOLARYNGOLOGIE,21.02,MEDICAMENTS UTILISES EN RHINOLOGIE,Sérum physiologique,,Nasale,Solution nasale,ABCD,,False,40
Annexe 1 — Medicaments Essentiels,Liste Complementaire,21,MEDICAMENTS UTILISES EN OTORHINOLARYNGOLOGIE,21.02,MEDICAMENTS UTILISES EN RHINOLOGIE,Tixocortol + Néomycine,1 g + 340 000 UI/100 g,Nasale,Suspension pour pulvérisation nasale,AB,,False,40
Annexe 1 — Medicaments Essentiels,Liste Complementaire,21,MEDICAMENTS UTILISES EN OTORHINOLARYNGOLOGIE,21.02,MEDICAMENTS UTILISES EN RHINOLOGIE,Xylomethazoline,"0,10%",Nasale,Goutte nasale,ABCD,,False,40
Annexe 1 — Medicaments Essentiels,Liste Complementaire,21,MEDICAMENTS UTILISES EN OTORHINOLARYNGOLOGIE,21.03,MEDICAMENTS UTILISES EN OTOLOGIE,Néomycine + Polymixine B + Dexaméthasone,"650 000 UI + 1 000 000UI + 0,1 g/100 ml",Auriculaire,Solution auriculaire,ABC,,False,40
Annexe 1 — Medicaments Essentiels,Liste Complementaire,21,MEDICAMENTS UTILISES EN OTORHINOLARYNGOLOGIE,21.03,MEDICAMENTS UTILISES EN OTOLOGIE,Phénazone + Lidocaïne,4 g + 1 g/100 g,Auriculaire,Solution auriculaire,ABCD,,False,40
Annexe 1 — Medicaments Essentiels,Liste Complementaire,21,MEDICAMENTS UTILISES EN OTORHINOLARYNGOLOGIE,21.03,MEDICAMENTS UTILISES EN OTOLOGIE,Xylène,5%,Auriculaire,Solution auriculaire,ABC,,False,40
Annexe 1 — Medicaments Essentiels,Liste Complementaire,21,MEDICAMENTS UTILISES EN OTORHINOLARYNGOLOGIE,21.04,COLLUTOIRES,Héxétidine,"0,1%",Buccale,Solution,ABCD,,False,40
Annexe 1 — Medicaments Essentiels,Liste Complementaire,21,MEDICAMENTS UTILISES EN OTORHINOLARYNGOLOGIE,21.04,COLLUTOIRES,Hexétidine + Acide propionique + Chlorobutanol hemidrate,182 mg + 118 mg + 500 mg /100 g,Buccale,Solution pour pulvérisation buccale,ABCD,,False,40
Annexe 1 — Medicaments Essentiels,Liste Complementaire,21,MEDICAMENTS UTILISES EN OTORHINOLARYNGOLOGIE,21.04,"COLLUTOIRES SOLUTIONS DE CORRECTION DES TROUBLES HYDROÉLECTROLYTIQUES CORRECTEURS HYDRO-ÉLECTROLYTIQUES, SOLUTIONS DE PERFUSION",Glucose phosphate,2508 mg/10 ml,Parentérale,Solution injectable,AB,,False,40
Annexe 1 — Medicaments Essentiels,Liste Complementaire,21,MEDICAMENTS UTILISES EN OTORHINOLARYNGOLOGIE,21.04,"COLLUTOIRES SOLUTIONS DE CORRECTION DES TROUBLES HYDROÉLECTROLYTIQUES CORRECTEURS HYDRO-ÉLECTROLYTIQUES, SOLUTIONS DE PERFUSION PREPARARATIONS POUR NUTRITIONS PARENTERALES",Acides aminés de la série L,1000 ml,Parentérale,Emulsion injectable,AB,,False,40
Annexe 1 — Medicaments Essentiels,Liste Complementaire,21,MEDICAMENTS UTILISES EN OTORHINOLARYNGOLOGIE,21.04,"COLLUTOIRES SOLUTIONS DE CORRECTION DES TROUBLES HYDROÉLECTROLYTIQUES CORRECTEURS HYDRO-ÉLECTROLYTIQUES, SOLUTIONS DE PERFUSION PREPARARATIONS POUR NUTRITIONS PARENTERALES",Acides aminés de la série L,250 ml,Parentérale,Solution injectable,AB,,False,40
Annexe 1 — Medicaments Essentiels,Liste Complementaire,21,MEDICAMENTS UTILISES EN OTORHINOLARYNGOLOGIE,21.04,"COLLUTOIRES SOLUTIONS DE CORRECTION DES TROUBLES HYDROÉLECTROLYTIQUES CORRECTEURS HYDRO-ÉLECTROLYTIQUES, SOLUTIONS DE PERFUSION PREPARARATIONS POUR NUTRITIONS PARENTERALES",Acides aminés de la série L,500 ml,Parentérale,Solution injectable,AB,,False,40
Annexe 1 — Medicaments Essentiels,Liste Complementaire,21,MEDICAMENTS UTILISES EN OTORHINOLARYNGOLOGIE,21.04,"COLLUTOIRES SOLUTIONS DE CORRECTION DES TROUBLES HYDROÉLECTROLYTIQUES CORRECTEURS HYDRO-ÉLECTROLYTIQUES, SOLUTIONS DE PERFUSION PREPARARATIONS POUR NUTRITIONS PARENTERALES","Vitamines liposolubles A, D2, E,",3300UI + 200UI +,Parentérale,Emulsion injectable,AB,,False,40
Annexe 1 — Medicaments Essentiels,Liste Complementaire,21,MEDICAMENTS UTILISES EN OTORHINOLARYNGOLOGIE,21.04,"COLLUTOIRES SOLUTIONS DE CORRECTION DES TROUBLES HYDROÉLECTROLYTIQUES CORRECTEURS HYDRO-ÉLECTROLYTIQUES, SOLUTIONS DE PERFUSION PREPARARATIONS POUR NUTRITIONS PARENTERALES K1 10UI + PREPARATIONS POUR LA NUTRITION ENTERALE",Aliment pour la malnutrition aiguë sévère,92 g,Orale,Pâte en sachet,ABCDE,,True,40
Annexe 1 — Medicaments Essentiels,Liste Complementaire,21,MEDICAMENTS UTILISES EN OTORHINOLARYNGOLOGIE,21.04,"COLLUTOIRES SOLUTIONS DE CORRECTION DES TROUBLES HYDROÉLECTROLYTIQUES CORRECTEURS HYDRO-ÉLECTROLYTIQUES, SOLUTIONS DE PERFUSION PREPARARATIONS POUR NUTRITIONS PARENTERALES K1 10UI + PREPARATIONS POUR LA NUTRITION ENTERALE",Aliment pour la malnutrition aiguë moderée,92 g,Orale,Pâte en sachet,ABCDE,,False,40
Annexe 1 — Medicaments Essentiels,Liste Complementaire,21,MEDICAMENTS UTILISES EN OTORHINOLARYNGOLOGIE,21.04,"COLLUTOIRES SOLUTIONS DE CORRECTION DES TROUBLES HYDROÉLECTROLYTIQUES CORRECTEURS HYDRO-ÉLECTROLYTIQUES, SOLUTIONS DE PERFUSION PREPARARATIONS POUR NUTRITIONS PARENTERALES K1 10UI + PREPARATIONS POUR LA NUTRITION ENTERALE",Lait thérapeutique F100,400 g,Orale,Poudre,AB,,True,40
Annexe 1 — Medicaments Essentiels,Liste Complementaire,21,MEDICAMENTS UTILISES EN OTORHINOLARYNGOLOGIE,21.04,"COLLUTOIRES SOLUTIONS DE CORRECTION DES TROUBLES HYDROÉLECTROLYTIQUES CORRECTEURS HYDRO-ÉLECTROLYTIQUES, SOLUTIONS DE PERFUSION PREPARARATIONS POUR NUTRITIONS PARENTERALES K1 10UI + PREPARATIONS POUR LA NUTRITION ENTERALE",Lait thérapeutique F75,400 g,Orale,Poudre,AB,,True,40
Annexe 1 — Medicaments Essentiels,Liste Complementaire,21,MEDICAMENTS UTILISES EN OTORHINOLARYNGOLOGIE,21.04,"COLLUTOIRES SOLUTIONS DE CORRECTION DES TROUBLES HYDROÉLECTROLYTIQUES CORRECTEURS HYDRO-ÉLECTROLYTIQUES, SOLUTIONS DE PERFUSION PREPARARATIONS POUR NUTRITIONS PARENTERALES K1 10UI + PREPARATIONS POUR LA NUTRITION ENTERALE",Micro-Nutriment,50 g,Orale,Pâte en sachet,ABCDE,,False,40
Annexe 1 — Medicaments Essentiels,Liste Complementaire,21,MEDICAMENTS UTILISES EN OTORHINOLARYNGOLOGIE,21.04,"COLLUTOIRES SOLUTIONS DE CORRECTION DES TROUBLES HYDROÉLECTROLYTIQUES CORRECTEURS HYDRO-ÉLECTROLYTIQUES, SOLUTIONS DE PERFUSION PREPARARATIONS POUR NUTRITIONS PARENTERALES K1 10UI + PREPARATIONS POUR LA NUTRITION ENTERALE MÉDICAMENTS DU SYSTÈME HORMONAL ET ENDOCRINIEN",Bromocryptine,"2,5 mg",Orale,Comprimé,ABC,,False,40
Annexe 1 — Medicaments Essentiels,Liste Complementaire,21,MEDICAMENTS UTILISES EN OTORHINOLARYNGOLOGIE,21.04,"COLLUTOIRES SOLUTIONS DE CORRECTION DES TROUBLES HYDROÉLECTROLYTIQUES CORRECTEURS HYDRO-ÉLECTROLYTIQUES, SOLUTIONS DE PERFUSION PREPARARATIONS POUR NUTRITIONS PARENTERALES K1 10UI + PREPARATIONS POUR LA NUTRITION ENTERALE MÉDICAMENTS DU SYSTÈME HORMONAL ET ENDOCRINIEN",Clomifène citrate,50 mg,Orale,Comprimé,AB,,False,40
Annexe 1 — Medicaments Essentiels,Liste Complementaire,21,MEDICAMENTS UTILISES EN OTORHINOLARYNGOLOGIE,21.04,"COLLUTOIRES SOLUTIONS DE CORRECTION DES TROUBLES HYDROÉLECTROLYTIQUES CORRECTEURS HYDRO-ÉLECTROLYTIQUES, SOLUTIONS DE PERFUSION PREPARARATIONS POUR NUTRITIONS PARENTERALES K1 10UI + PREPARATIONS POUR LA NUTRITION ENTERALE MÉDICAMENTS DU SYSTÈME HORMONAL ET ENDOCRINIEN",Diénestrol,5 mg,Orale,Comprimé,A,,False,40
Annexe 1 — Medicaments Essentiels,Liste Complementaire,21,MEDICAMENTS UTILISES EN OTORHINOLARYNGOLOGIE,21.04,"COLLUTOIRES SOLUTIONS DE CORRECTION DES TROUBLES HYDROÉLECTROLYTIQUES CORRECTEURS HYDRO-ÉLECTROLYTIQUES, SOLUTIONS DE PERFUSION PREPARARATIONS POUR NUTRITIONS PARENTERALES K1 10UI + PREPARATIONS POUR LA NUTRITION ENTERALE MÉDICAMENTS DU SYSTÈME HORMONAL ET ENDOCRINIEN",Ethinylestradiol,50 µg,Orale,Comprimé,AB,,False,40
Annexe 1 — Medicaments Essentiels,Liste Complementaire,21,MEDICAMENTS UTILISES EN OTORHINOLARYNGOLOGIE,21.04,"COLLUTOIRES SOLUTIONS DE CORRECTION DES TROUBLES HYDROÉLECTROLYTIQUES CORRECTEURS HYDRO-ÉLECTROLYTIQUES, SOLUTIONS DE PERFUSION PREPARARATIONS POUR NUTRITIONS PARENTERALES K1 10UI + PREPARATIONS POUR LA NUTRITION ENTERALE MÉDICAMENTS DU SYSTÈME HORMONAL ET ENDOCRINIEN",Hydroxyprogestérone retard,250 mg/ml,Parentérale,Solution injectable,ABC,,False,40
Annexe 1 — Medicaments Essentiels,Liste Complementaire,21,MEDICAMENTS UTILISES EN OTORHINOLARYNGOLOGIE,21.04,"COLLUTOIRES SOLUTIONS DE CORRECTION DES TROUBLES HYDROÉLECTROLYTIQUES CORRECTEURS HYDRO-ÉLECTROLYTIQUES, SOLUTIONS DE PERFUSION PREPARARATIONS POUR NUTRITIONS PARENTERALES K1 10UI + PREPARATIONS POUR LA NUTRITION ENTERALE MÉDICAMENTS DU SYSTÈME HORMONAL ET ENDOCRINIEN",Hydroxyprogestérone retard,500 mg/2 ml,Parentérale,Solution injectable,ABC,,False,40
Annexe 1 — Medicaments Essentiels,Liste Complementaire,21,MEDICAMENTS UTILISES EN OTORHINOLARYNGOLOGIE,21.04,"COLLUTOIRES SOLUTIONS DE CORRECTION DES TROUBLES HYDROÉLECTROLYTIQUES CORRECTEURS HYDRO-ÉLECTROLYTIQUES, SOLUTIONS DE PERFUSION PREPARARATIONS POUR NUTRITIONS PARENTERALES K1 10UI + PREPARATIONS POUR LA NUTRITION ENTERALE MÉDICAMENTS DU SYSTÈME HORMONAL ET ENDOCRINIEN",Lynestrénol,5 mg,Orale,Comprimé,A,,False,40
Annexe 1 — Medicaments Essentiels,Liste Complementaire,24,PRODUITS POUR TRAITER LES ADDICTIONS,24.01,ALCOOLISME,Acamprosate,333 mg,Orale,Comprimé,AB,,False,40
Annexe 1 — Medicaments Essentiels,Liste Complementaire,24,PRODUITS POUR TRAITER LES ADDICTIONS,24.01,ALCOOLISME,Naltrexone,50 mg,Orale,Comprimé,AB,,False,40
Annexe 1 — Medicaments Essentiels,Liste Complementaire,24,PRODUITS POUR TRAITER LES ADDICTIONS,24.02,TOXICOMANIE,Buprénorphine,4 mg,Orale,Comprimé,AB,,False,40
Annexe 1 — Medicaments Essentiels,Liste Complementaire,24,PRODUITS POUR TRAITER LES ADDICTIONS,24.02,TOXICOMANIE,Buprénorphine,8 mg,Orale,Comprimé,AB,,False,40
Annexe 1 — Medicaments Essentiels,Liste Complementaire,24,PRODUITS POUR TRAITER LES ADDICTIONS,24.02,TOXICOMANIE,Buprénorphine,16 mg,Orale,Comprimé,AB,,False,40
Annexe 1 — Medicaments Essentiels,Liste Complementaire,24,PRODUITS POUR TRAITER LES ADDICTIONS,24.02,TOXICOMANIE,Buprénorphine + Naloxone,8 mg + 2 mg,Orale,Comprimé,AB,,False,40
Annexe 1 — Medicaments Essentiels,Liste Complementaire,24,PRODUITS POUR TRAITER LES ADDICTIONS,24.02,TOXICOMANIE,Clonidine,"0,15 mg/ml",Parentérale,Solution injectable,AB,,False,41
Annexe 1 — Medicaments Essentiels,Liste Complementaire,24,PRODUITS POUR TRAITER LES ADDICTIONS,24.02,TOXICOMANIE,Naloxone,"0,4 mg/ml",Parentérale,Solution injectable,AB,,False,41
Annexe 1 — Medicaments Essentiels,Liste Complementaire,24,PRODUITS POUR TRAITER LES ADDICTIONS,24.02,TOXICOMANIE,Naloxone,"4 mg/0,1 ml",Nasale,Solution pour pulvérisation nasale,AB,,False,41
Annexe 1 — Medicaments Essentiels,Liste Complementaire,24,PRODUITS POUR TRAITER LES ADDICTIONS,24.03,TABAGISME,Bupropion,150 mg,Orale,Comprimé,AB,,False,41
Annexe 1 — Medicaments Essentiels,Liste Complementaire,24,PRODUITS POUR TRAITER LES ADDICTIONS,24.03,TABAGISME,Nicotine,2 mg,Orale,Gomme,AB,,False,41
Annexe 1 — Medicaments Essentiels,Liste Complementaire,24,PRODUITS POUR TRAITER LES ADDICTIONS,24.03,TABAGISME,Nicotine,4 mg,Orale,Gomme,AB,,False,41
Annexe 1 — Medicaments Essentiels,Liste Complementaire,24,PRODUITS POUR TRAITER LES ADDICTIONS,24.03,TABAGISME,Nicotine,2 mg,Orale,Comprimé,AB,,False,41
Annexe 1 — Medicaments Essentiels,Liste Complementaire,24,PRODUITS POUR TRAITER LES ADDICTIONS,24.03,TABAGISME,Nicotine,"1,5 mg",Orale,Pastille,AB,,False,41
Annexe 1 — Medicaments Essentiels,Liste Complementaire,24,PRODUITS POUR TRAITER LES ADDICTIONS,24.03,TABAGISME,Nicotine,1 mg/dose,Orale,Solution pour pulvérisation buccale,AB,,False,41
Annexe 1 — Medicaments Essentiels,Liste Complementaire,24,PRODUITS POUR TRAITER LES ADDICTIONS,24.03,TABAGISME,Nicotine,10 mg,Orale,Tampon en cartouche pour inhalation buccale,AB,,False,41
Annexe 1 — Medicaments Essentiels,Liste Complementaire,24,PRODUITS POUR TRAITER LES ADDICTIONS,24.03,TABAGISME,Nicotine,7 mg/24 H,Transdermique,Patch,AB,,False,41
Annexe 1 — Medicaments Essentiels,Liste Complementaire,24,PRODUITS POUR TRAITER LES ADDICTIONS,24.03,TABAGISME,Nicotine,14 mg/24 H,Transdermique,Patch,AB,,False,41
Annexe 1 — Medicaments Essentiels,Liste Complementaire,24,PRODUITS POUR TRAITER LES ADDICTIONS,24.03,TABAGISME,Nicotine,21 mg/24 H,Transdermique,Patch,AB,,False,41
Annexe 1 — Medicaments Essentiels,Liste Complementaire,24,PRODUITS POUR TRAITER LES ADDICTIONS,24.03,TABAGISME,Nicotine,10 mg/16 H,Transdermique,Patch,AB,,False,41
Annexe 1 — Medicaments Essentiels,Liste Complementaire,24,PRODUITS POUR TRAITER LES ADDICTIONS,24.03,TABAGISME,Nicotine,15 mg/16 H,Transdermique,Patch,AB,,False,41
Annexe 1 — Medicaments Essentiels,Liste Complementaire,24,PRODUITS POUR TRAITER LES ADDICTIONS,24.03,TABAGISME,Nicotine,25 mg/16 H,Transdermique,Patch,AB,,False,41
Annexe 1 — Medicaments Essentiels,Liste Complementaire,24,PRODUITS POUR TRAITER LES ADDICTIONS,24.03,TABAGISME,Varénicline,1 mg,Orale,Comprimé,AB,,False,41
Annexe 2 — Materiel Bio-Medical,Liste Principale,01,CONSOMMABLES DE RADIOLOGIE,,,Aiguille PL 18G 86mm 13/10,---,---,Unité,AB,,False,42
Annexe 2 — Materiel Bio-Medical,Liste Principale,01,CONSOMMABLES DE RADIOLOGIE,,,Aiguille PL 18G 90mm 12/10,---,---,Unité,AB,,False,42
Annexe 2 — Materiel Bio-Medical,Liste Principale,01,CONSOMMABLES DE RADIOLOGIE,,,Aiguille PL 20G 90mm 12/10,---,---,Unité,AB,,False,42
Annexe 2 — Materiel Bio-Medical,Liste Principale,01,CONSOMMABLES DE RADIOLOGIE,,,Aiguille PL 22G 90mm 12/11,---,---,Unité,AB,,False,42
Annexe 2 — Materiel Bio-Medical,Liste Principale,01,CONSOMMABLES DE RADIOLOGIE,,,Aiguille PL 23G 90mm 12/12,---,---,Unité,AB,,False,42
Annexe 2 — Materiel Bio-Medical,Liste Principale,01,CONSOMMABLES DE RADIOLOGIE,,,Aiguille PL 24G 90mm 12/13,---,---,Unité,AB,,False,42
Annexe 2 — Materiel Bio-Medical,Liste Principale,01,CONSOMMABLES DE RADIOLOGIE,,,Cache gonade enfant,---,---,Unité,AB,,False,42
Annexe 2 — Materiel Bio-Medical,Liste Principale,01,CONSOMMABLES DE RADIOLOGIE,,,Cache thyroide à feuille de plomb,---,---,Unité,ABC,,False,42
Annexe 2 — Materiel Bio-Medical,Liste Principale,01,CONSOMMABLES DE RADIOLOGIE,,,Canule de Novack,---,---,Unité,ABC,,False,42
Annexe 2 — Materiel Bio-Medical,Liste Principale,01,CONSOMMABLES DE RADIOLOGIE,,,Canule pour hysterographie 30,---,---,Unité,AB,,False,42
Annexe 2 — Materiel Bio-Medical,Liste Principale,01,CONSOMMABLES DE RADIOLOGIE,,,Canule pour hysterographie 34,---,---,Unité,AB,,False,42
Annexe 2 — Materiel Bio-Medical,Liste Principale,01,CONSOMMABLES DE RADIOLOGIE,,,Canules de contraste,---,---,Unité,AB,,False,42
Annexe 2 — Materiel Bio-Medical,Liste Principale,01,CONSOMMABLES DE RADIOLOGIE,,,Cassette mamographie 18/24,---,---,Unité,ABC,,False,42
Annexe 2 — Materiel Bio-Medical,Liste Principale,01,CONSOMMABLES DE RADIOLOGIE,,,"Cassette porte film, 35/43",---,---,Unité,ABC,,False,42
Annexe 2 — Materiel Bio-Medical,Liste Principale,01,CONSOMMABLES DE RADIOLOGIE,,,"Cassette porte-film, 18/24",---,---,Unité,ABC,,False,42
Annexe 2 — Materiel Bio-Medical,Liste Principale,01,CONSOMMABLES DE RADIOLOGIE,,,"Cassette porte-film, 24/30",---,---,Unité,ABC,,False,42
Annexe 2 — Materiel Bio-Medical,Liste Principale,01,CONSOMMABLES DE RADIOLOGIE,,,"Cassette porte-film, 30/120",---,---,Unité,ABC,,False,42
Annexe 2 — Materiel Bio-Medical,Liste Principale,01,CONSOMMABLES DE RADIOLOGIE,,,"Cassette porte-film, 30/40",---,---,Unité,ABC,,False,42
Annexe 2 — Materiel Bio-Medical,Liste Principale,01,CONSOMMABLES DE RADIOLOGIE,,,"Cassette porte-film, 30/50",---,---,Unité,ABC,,False,42
Annexe 2 — Materiel Bio-Medical,Liste Principale,01,CONSOMMABLES DE RADIOLOGIE,,,"Cassette porte-film, 35/35",---,---,Unité,ABC,,False,42
Annexe 2 — Materiel Bio-Medical,Liste Principale,01,CONSOMMABLES DE RADIOLOGIE,,,Dosimètre,---,---,Unité,ABC,,False,42
Annexe 2 — Materiel Bio-Medical,Liste Principale,01,CONSOMMABLES DE RADIOLOGIE,,,Ecran renforçateur 18/24,---,---,Unité,ABC,,False,42
Annexe 2 — Materiel Bio-Medical,Liste Principale,01,CONSOMMABLES DE RADIOLOGIE,,,Ecran renforçateur 24/30,---,---,Unité,ABC,,False,42
Annexe 2 — Materiel Bio-Medical,Liste Principale,01,CONSOMMABLES DE RADIOLOGIE,,,Ecran renforçateur 30/40,---,---,Unité,ABC,,False,42
Annexe 2 — Materiel Bio-Medical,Liste Principale,01,CONSOMMABLES DE RADIOLOGIE,,,Ecran renforçateur 35/35,---,---,Unité,ABC,,False,42
Annexe 2 — Materiel Bio-Medical,Liste Principale,01,CONSOMMABLES DE RADIOLOGIE,,,Ecran renforçateur 35/43,---,---,Unité,ABC,,False,42
Annexe 2 — Materiel Bio-Medical,Liste Principale,01,CONSOMMABLES DE RADIOLOGIE,,,Ecran renforçateur pour mamographie 18/24,---,---,Unité,ABC,,False,42
Annexe 2 — Materiel Bio-Medical,Liste Principale,01,CONSOMMABLES DE RADIOLOGIE,,,Ecran renforçateur pour mamographie 24/30,---,---,Unité,ABC,,False,42
Annexe 2 — Materiel Bio-Medical,Liste Principale,01,CONSOMMABLES DE RADIOLOGIE,,,Films de radio 18/24,---,---,Unité,ABC,,False,42
Annexe 2 — Materiel Bio-Medical,Liste Principale,01,CONSOMMABLES DE RADIOLOGIE,,,Films de radio 24/30,---,---,Unité,ABC,,False,42
Annexe 2 — Materiel Bio-Medical,Liste Principale,01,CONSOMMABLES DE RADIOLOGIE,,,Films de radio 30/40,---,---,Unité,ABC,,False,42
Annexe 2 — Materiel Bio-Medical,Liste Principale,01,CONSOMMABLES DE RADIOLOGIE,,,Films de radio 35/35,---,---,Unité,ABC,,False,42
Annexe 2 — Materiel Bio-Medical,Liste Principale,01,CONSOMMABLES DE RADIOLOGIE,,,Films de radio 36/43,---,---,Unité,ABC,,False,42
Annexe 2 — Materiel Bio-Medical,Liste Principale,01,CONSOMMABLES DE RADIOLOGIE,,,Films de radio df58 3.1/4.1,---,---,Unité,ABC,,False,42
Annexe 2 — Materiel Bio-Medical,Liste Principale,01,CONSOMMABLES DE RADIOLOGIE,,,Films de radio mamographie 18/24,---,---,Unité,ABC,,False,42
Annexe 2 — Materiel Bio-Medical,Liste Principale,01,CONSOMMABLES DE RADIOLOGIE,,,Films de radio mamographie 24/30,---,---,Unité,ABC,,False,42
Annexe 2 — Materiel Bio-Medical,Liste Principale,01,CONSOMMABLES DE RADIOLOGIE,,,Fixateur (automatique + manuel) bidon,---,---,Unité,ABC,,False,42
Annexe 2 — Materiel Bio-Medical,Liste Principale,01,CONSOMMABLES DE RADIOLOGIE,,,Gant plombé,---,---,Unité,ABC,,False,42
Annexe 2 — Materiel Bio-Medical,Liste Principale,01,CONSOMMABLES DE RADIOLOGIE,,,Lunettes plombées,---,---,Unité,ABC,,False,42
Annexe 2 — Materiel Bio-Medical,Liste Principale,01,CONSOMMABLES DE RADIOLOGIE,,,Microfilm 10/10 100 vues,---,---,Unité,ABC,,False,42
Annexe 2 — Materiel Bio-Medical,Liste Principale,01,CONSOMMABLES DE RADIOLOGIE,,,Microfilm 7/7 400 vues,---,---,Unité,ABC,,False,42
Annexe 2 — Materiel Bio-Medical,Liste Principale,01,CONSOMMABLES DE RADIOLOGIE,,,Produit de contraste baryté,---,---,Unité,AB,,False,42
Annexe 2 — Materiel Bio-Medical,Liste Principale,01,CONSOMMABLES DE RADIOLOGIE,,,Produit de contraste gadoliné,---,---,Unité,AB,,False,42
Annexe 2 — Materiel Bio-Medical,Liste Principale,01,CONSOMMABLES DE RADIOLOGIE,,,Produit de contraste hydrosoluble,---,---,Unité,AB,,False,42
Annexe 2 — Materiel Bio-Medical,Liste Principale,01,CONSOMMABLES DE RADIOLOGIE,,,Produit de contraste iodé non ionique,---,---,Unité,AB,,False,42
Annexe 2 — Materiel Bio-Medical,Liste Principale,01,CONSOMMABLES DE RADIOLOGIE,,,Révélateur (automatique + manuel) bidon,---,---,Unité,ABC,,False,42
Annexe 2 — Materiel Bio-Medical,Liste Principale,01,CONSOMMABLES DE RADIOLOGIE,,,Seringue 100 cc pour injecteur automatique scanner,---,---,Unité,AB,,False,42
Annexe 2 — Materiel Bio-Medical,Liste Principale,01,CONSOMMABLES DE RADIOLOGIE,,,Seringue Novack 20 cc,---,---,Unité,AB,,False,42
Annexe 2 — Materiel Bio-Medical,Liste Principale,01,CONSOMMABLES DE RADIOLOGIE,,,Seringue UU 60cc embout conique,---,---,Unité,AB,,False,42
Annexe 2 — Materiel Bio-Medical,Liste Principale,01,CONSOMMABLES DE RADIOLOGIE,,,Seringue UU 60cc embout vissable,---,---,Unité,AB,,False,43
Annexe 2 — Materiel Bio-Medical,Liste Principale,01,CONSOMMABLES DE RADIOLOGIE,,,"Tablier en feuille de plomb L 110 CR Epissette 0,3 AA",---,---,Unité,ABC,,False,43
Annexe 2 — Materiel Bio-Medical,Liste Principale,02,CONSOMMABLES D'HEMODIALYSE,,,Acide citrique 50%,---,---,Unité,AB,,False,43
Annexe 2 — Materiel Bio-Medical,Liste Principale,02,CONSOMMABLES D'HEMODIALYSE,,,"Aiguille à fistule biponction artério/veineuse - 16 G, 17 G et 18 G- Tubulure = 150 à 280 mm - Long aig = 20 à 25 mm - Stérilisation : Etylène oxyde, vapeur ou rayon gamma",---,---,Unité,AB,,False,43
Annexe 2 — Materiel Bio-Medical,Liste Principale,02,CONSOMMABLES D'HEMODIALYSE,,,Cartouches de bicarbonate 650 G (hémodialyse),---,---,Cartouche,AB,,False,43
Annexe 2 — Materiel Bio-Medical,Liste Principale,02,CONSOMMABLES D'HEMODIALYSE,,,Cartouches de bicarbonate 750 G (hémodialyse),---,---,Cartouche,AB,,False,43
Annexe 2 — Materiel Bio-Medical,Liste Principale,02,CONSOMMABLES D'HEMODIALYSE,,,"Cathéter de dialyse en polyurétral diamètre 11,5 F/15 cm",---,---,Unité,AB,,False,43
Annexe 2 — Materiel Bio-Medical,Liste Principale,02,CONSOMMABLES D'HEMODIALYSE,,,Cathéter de dialyse en polyurétral diamètre 12 F/20 cm,---,---,Unité,AB,,False,43
Annexe 2 — Materiel Bio-Medical,Liste Principale,02,CONSOMMABLES D'HEMODIALYSE,,,"Concentré acide 1,5 mmol/l 10 L (hémodialyse)",---,---,Bidon,AB,,False,43
Annexe 2 — Materiel Bio-Medical,Liste Principale,02,CONSOMMABLES D'HEMODIALYSE,,,"Concentré acide 1,75 mmol/l 10 L (hémodialyse)",---,---,Bidon,AB,,False,43
Annexe 2 — Materiel Bio-Medical,Liste Principale,02,CONSOMMABLES D'HEMODIALYSE,,,"Hémodialyseur capillaire à plaques triacétate de cellulose et polysulphone Surface = 1,10 à1,30m² - Max PTM 450 à 500 mm Hg - Long = 200 mm Stérilisation : vapeur, rayon gamma ou oxyde d'éthylène Présentation capillaire",---,---,Hemodial,AB,,False,43
Annexe 2 — Materiel Bio-Medical,Liste Principale,02,CONSOMMABLES D'HEMODIALYSE,,,"Hémodialyseur capillaire à plaques triacétate de cellulose et polysulphone Surface = 1,50m² - Max PTM 450 à 500 mm Hg - Long = 200 mm Stérilisation: Etylène oxyde, vapeur ou rayon gamma Présentation capillaire",---,---,Hemodial,AB,,False,43
Annexe 2 — Materiel Bio-Medical,Liste Principale,02,CONSOMMABLES D'HEMODIALYSE,,,"Hémodialyseur capillaire à plaques triacétate de cellulose et polysulphone Surface = 1,8 m², 2 m² et 2,1 m²- Max PTM 450 à 500 mm Hg - Long = 200 mm Stérilisation : Etylène oxyde, vapeur ou rayon gamma Présentation capillaire",---,---,Hemodial,AB,,False,43
Annexe 2 — Materiel Bio-Medical,Liste Principale,02,CONSOMMABLES D'HEMODIALYSE,,,"Ligne artério/veineuse biponction pour hémodialyse compatible avec des générateurs HOSPAL (MONITRAL SC) ; GAMBRO(AK100) Long = 280 mm -Larg = 25 mm - Diamètre = 1,6 mm - Long de corps de pompe de la ligne artérielle = 340 mm - Diamètre corps de pompe-B BRAUN NIPPRO HOSPAL (Integrafusion) Longueur du piège à bulle=7 à 8 mm",---,---,Ligne,AB,,False,43
Annexe 2 — Materiel Bio-Medical,Liste Principale,03,CONSOMMABLES ET REACTIFS DE LABORATOIRE,03.01,CONSOMMABLES DE LABORATOIRE,Aiguille à ailettes pour prélevement sanguin sous vide 21G,---,---,Unité,ABCD,,False,43
Annexe 2 — Materiel Bio-Medical,Liste Principale,03,CONSOMMABLES ET REACTIFS DE LABORATOIRE,03.01,CONSOMMABLES DE LABORATOIRE,Aiguille à ailettes pour prélevement sanguin sous vide 23G,---,---,Unité,ABCD,,False,43
Annexe 2 — Materiel Bio-Medical,Liste Principale,03,CONSOMMABLES ET REACTIFS DE LABORATOIRE,03.01,CONSOMMABLES DE LABORATOIRE,Aiguille pour prélevement sanguin sous vide 21G,---,---,Unité,ABCD,,False,43
Annexe 2 — Materiel Bio-Medical,Liste Principale,03,CONSOMMABLES ET REACTIFS DE LABORATOIRE,03.01,CONSOMMABLES DE LABORATOIRE,Aiguille pour prélevement sanguin sous vide 23G,---,---,Unité,ABCD,,False,43
Annexe 2 — Materiel Bio-Medical,Liste Principale,03,CONSOMMABLES ET REACTIFS DE LABORATOIRE,03.01,CONSOMMABLES DE LABORATOIRE,Bac en plastique pour les déchets,---,---,Unité,ABCD,,False,43
Annexe 2 — Materiel Bio-Medical,Liste Principale,03,CONSOMMABLES ET REACTIFS DE LABORATOIRE,03.01,CONSOMMABLES DE LABORATOIRE,Bandelette réactive urine (10 PARAMETRES),---,---,Unité,AB,,False,43
Annexe 2 — Materiel Bio-Medical,Liste Principale,03,CONSOMMABLES ET REACTIFS DE LABORATOIRE,03.01,CONSOMMABLES DE LABORATOIRE,Boîte de Petri carré 120 mm,---,---,Unité,AB,,False,43
Annexe 2 — Materiel Bio-Medical,Liste Principale,03,CONSOMMABLES ET REACTIFS DE LABORATOIRE,03.01,CONSOMMABLES DE LABORATOIRE,Boîte de Pétri stérile 90 mm,---,---,Unité,AB,,False,43
Annexe 2 — Materiel Bio-Medical,Liste Principale,03,CONSOMMABLES ET REACTIFS DE LABORATOIRE,03.01,CONSOMMABLES DE LABORATOIRE,"Collecteur pour objets tranchants souillés (2,5 litres)",---,---,Unité,ABCD,,False,43
Annexe 2 — Materiel Bio-Medical,Liste Principale,03,CONSOMMABLES ET REACTIFS DE LABORATOIRE,03.01,CONSOMMABLES DE LABORATOIRE,Collecteur pour objets tranchants souillés (5 litres),---,---,Unité,ABCD,,False,43
Annexe 2 — Materiel Bio-Medical,Liste Principale,03,CONSOMMABLES ET REACTIFS DE LABORATOIRE,03.01,CONSOMMABLES DE LABORATOIRE,Corps pour prélèvement sanguin,---,---,Unité,ABC,,False,43
Annexe 2 — Materiel Bio-Medical,Liste Principale,03,CONSOMMABLES ET REACTIFS DE LABORATOIRE,03.01,CONSOMMABLES DE LABORATOIRE,"Cryotube 0,5 ml",---,---,Unité,A,,False,43
Annexe 2 — Materiel Bio-Medical,Liste Principale,03,CONSOMMABLES ET REACTIFS DE LABORATOIRE,03.01,CONSOMMABLES DE LABORATOIRE,Cryotube 2 ml,---,---,Unité,ABC,,False,43
Annexe 2 — Materiel Bio-Medical,Liste Principale,03,CONSOMMABLES ET REACTIFS DE LABORATOIRE,03.01,CONSOMMABLES DE LABORATOIRE,D-Plate microplate,---,---,Unité,ABC,,False,43
Annexe 2 — Materiel Bio-Medical,Liste Principale,03,CONSOMMABLES ET REACTIFS DE LABORATOIRE,03.01,CONSOMMABLES DE LABORATOIRE,Embouts bleus pour micropipette,---,---,Unité,ABC,,False,43
Annexe 2 — Materiel Bio-Medical,Liste Principale,03,CONSOMMABLES ET REACTIFS DE LABORATOIRE,03.01,CONSOMMABLES DE LABORATOIRE,Embouts jaunes pour micropipette,---,---,Unité,ABC,,False,43
Annexe 2 — Materiel Bio-Medical,Liste Principale,03,CONSOMMABLES ET REACTIFS DE LABORATOIRE,03.01,CONSOMMABLES DE LABORATOIRE,Embouts jaunes pour micropipette 10-20 ul,---,---,Unité,ABC,,False,43
Annexe 2 — Materiel Bio-Medical,Liste Principale,03,CONSOMMABLES ET REACTIFS DE LABORATOIRE,03.01,CONSOMMABLES DE LABORATOIRE,Embouts jaunes pour micropipette 1-10 ul,---,---,Unité,ABC,,False,43
Annexe 2 — Materiel Bio-Medical,Liste Principale,03,CONSOMMABLES ET REACTIFS DE LABORATOIRE,03.01,CONSOMMABLES DE LABORATOIRE,Embouts jaunes pour micropipette 20-200 ul,---,---,Unité,ABC,,False,43
Annexe 2 — Materiel Bio-Medical,Liste Principale,03,CONSOMMABLES ET REACTIFS DE LABORATOIRE,03.01,CONSOMMABLES DE LABORATOIRE,Eprouvette graduée 1000ml,---,---,Unité,ABC,,False,43
Annexe 2 — Materiel Bio-Medical,Liste Principale,03,CONSOMMABLES ET REACTIFS DE LABORATOIRE,03.01,CONSOMMABLES DE LABORATOIRE,Eprouvette graduée 100ml,---,---,Unité,ABC,,False,43
Annexe 2 — Materiel Bio-Medical,Liste Principale,03,CONSOMMABLES ET REACTIFS DE LABORATOIRE,03.01,CONSOMMABLES DE LABORATOIRE,Eprouvette graduée 2000ml,---,---,Unité,ABC,,False,43
Annexe 2 — Materiel Bio-Medical,Liste Principale,03,CONSOMMABLES ET REACTIFS DE LABORATOIRE,03.01,CONSOMMABLES DE LABORATOIRE,Eprouvette graduée 500ml,---,---,Unité,ABC,,False,44
Annexe 2 — Materiel Bio-Medical,Liste Principale,03,CONSOMMABLES ET REACTIFS DE LABORATOIRE,03.01,CONSOMMABLES DE LABORATOIRE,Eprouvette graduée 500ml en verre classe A,---,---,Unité,ABC,,False,44
Annexe 2 — Materiel Bio-Medical,Liste Principale,03,CONSOMMABLES ET REACTIFS DE LABORATOIRE,03.01,CONSOMMABLES DE LABORATOIRE,"Filtres à membrane cellulosique 0,22",---,---,Unité,ABC,,False,44
Annexe 2 — Materiel Bio-Medical,Liste Principale,03,CONSOMMABLES ET REACTIFS DE LABORATOIRE,03.01,CONSOMMABLES DE LABORATOIRE,"Filtres à membrane cellulosique 0,45",---,---,Unité,ABC,,False,44
Annexe 2 — Materiel Bio-Medical,Liste Principale,03,CONSOMMABLES ET REACTIFS DE LABORATOIRE,03.01,CONSOMMABLES DE LABORATOIRE,"Filtres à seringue 0,22",---,---,Unité,ABC,,False,44
Annexe 2 — Materiel Bio-Medical,Liste Principale,03,CONSOMMABLES ET REACTIFS DE LABORATOIRE,03.01,CONSOMMABLES DE LABORATOIRE,Flacons pour prélèvement de crachats (vissables et larges ouvertures),---,---,Unité,ABC,,False,44
Annexe 2 — Materiel Bio-Medical,Liste Principale,03,CONSOMMABLES ET REACTIFS DE LABORATOIRE,03.01,CONSOMMABLES DE LABORATOIRE,Gant d'examen latex,---,---,Unité,ABC,,False,44
Annexe 2 — Materiel Bio-Medical,Liste Principale,03,CONSOMMABLES ET REACTIFS DE LABORATOIRE,03.01,CONSOMMABLES DE LABORATOIRE,Garrot à tourniquet,---,---,Unité,ABC,,False,44
Annexe 2 — Materiel Bio-Medical,Liste Principale,03,CONSOMMABLES ET REACTIFS DE LABORATOIRE,03.01,CONSOMMABLES DE LABORATOIRE,Garrot en plastique,---,---,Unité,ABC,,False,44
Annexe 2 — Materiel Bio-Medical,Liste Principale,03,CONSOMMABLES ET REACTIFS DE LABORATOIRE,03.01,CONSOMMABLES DE LABORATOIRE,Huile de vaseline,,,Unité,ABC,,False,44
Annexe 2 — Materiel Bio-Medical,Liste Principale,03,CONSOMMABLES ET REACTIFS DE LABORATOIRE,03.01,CONSOMMABLES DE LABORATOIRE,Kit pour prélèvement d'urine,---,---,Unité,ABC,,False,44
Annexe 2 — Materiel Bio-Medical,Liste Principale,03,CONSOMMABLES ET REACTIFS DE LABORATOIRE,03.01,CONSOMMABLES DE LABORATOIRE,Lame propre dégraissée et dépolie,---,---,Boîte,ABC,,False,44
Annexe 2 — Materiel Bio-Medical,Liste Principale,03,CONSOMMABLES ET REACTIFS DE LABORATOIRE,03.01,CONSOMMABLES DE LABORATOIRE,Lame propre et dégraissée 76x26,---,---,Boîte,ABC,,False,44
Annexe 2 — Materiel Bio-Medical,Liste Principale,03,CONSOMMABLES ET REACTIFS DE LABORATOIRE,03.01,CONSOMMABLES DE LABORATOIRE,Lames porte objets lavées et dégraissées (76x24mm),---,---,Boîte,ABC,,False,44
Annexe 2 — Materiel Bio-Medical,Liste Principale,03,CONSOMMABLES ET REACTIFS DE LABORATOIRE,03.01,CONSOMMABLES DE LABORATOIRE,Lancette/Vaccinostyle autoretractable 2mm,---,---,Unité,ABCD,,False,44
Annexe 2 — Materiel Bio-Medical,Liste Principale,03,CONSOMMABLES ET REACTIFS DE LABORATOIRE,03.01,CONSOMMABLES DE LABORATOIRE,Matériel de KATO,---,---,Unité,ABC,,False,44
Annexe 2 — Materiel Bio-Medical,Liste Principale,03,CONSOMMABLES ET REACTIFS DE LABORATOIRE,03.01,CONSOMMABLES DE LABORATOIRE,MICROCUVETTE,---,---,Unité,AB,,False,44
Annexe 2 — Materiel Bio-Medical,Liste Principale,03,CONSOMMABLES ET REACTIFS DE LABORATOIRE,03.01,CONSOMMABLES DE LABORATOIRE,Micropipette fixe 1ML,---,---,Unité,AB,,False,44
Annexe 2 — Materiel Bio-Medical,Liste Principale,03,CONSOMMABLES ET REACTIFS DE LABORATOIRE,03.01,CONSOMMABLES DE LABORATOIRE,Micropipette multicanaux (200-1000ul),---,---,Unité,AB,,False,44
Annexe 2 — Materiel Bio-Medical,Liste Principale,03,CONSOMMABLES ET REACTIFS DE LABORATOIRE,03.01,CONSOMMABLES DE LABORATOIRE,Micropipette multicanaux (50-200ul),---,---,Unité,AB,,False,44
Annexe 2 — Materiel Bio-Medical,Liste Principale,03,CONSOMMABLES ET REACTIFS DE LABORATOIRE,03.01,CONSOMMABLES DE LABORATOIRE,Micropipette P10 à volume variable (1-10ul),---,---,Unité,ABC,,False,44
Annexe 2 — Materiel Bio-Medical,Liste Principale,03,CONSOMMABLES ET REACTIFS DE LABORATOIRE,03.01,CONSOMMABLES DE LABORATOIRE,Micropipette P1000 à volume variable (1000ul),---,---,Unité,ABC,,False,44
Annexe 2 — Materiel Bio-Medical,Liste Principale,03,CONSOMMABLES ET REACTIFS DE LABORATOIRE,03.01,CONSOMMABLES DE LABORATOIRE,Micropipette P20 (05-20ul),---,---,Unité,ABC,,False,44
Annexe 2 — Materiel Bio-Medical,Liste Principale,03,CONSOMMABLES ET REACTIFS DE LABORATOIRE,03.01,CONSOMMABLES DE LABORATOIRE,Micropipette P200 à volume variable (100-200ul),---,---,Unité,ABC,,False,44
Annexe 2 — Materiel Bio-Medical,Liste Principale,03,CONSOMMABLES ET REACTIFS DE LABORATOIRE,03.01,CONSOMMABLES DE LABORATOIRE,Micropipette P50 à volume variable,---,---,Unité,ABC,,False,44
Annexe 2 — Materiel Bio-Medical,Liste Principale,03,CONSOMMABLES ET REACTIFS DE LABORATOIRE,03.01,CONSOMMABLES DE LABORATOIRE,Micropipette P5000 à volume variable (5000ul),,,Unité,AB,,False,44
Annexe 2 — Materiel Bio-Medical,Liste Principale,03,CONSOMMABLES ET REACTIFS DE LABORATOIRE,03.01,CONSOMMABLES DE LABORATOIRE,"Microtube 0,5ml",---,---,Unité,A,,False,44
Annexe 2 — Materiel Bio-Medical,Liste Principale,03,CONSOMMABLES ET REACTIFS DE LABORATOIRE,03.01,CONSOMMABLES DE LABORATOIRE,Microtube 2ml,---,---,Unité,ABC,,False,44
Annexe 2 — Materiel Bio-Medical,Liste Principale,03,CONSOMMABLES ET REACTIFS DE LABORATOIRE,03.01,CONSOMMABLES DE LABORATOIRE,Pipette de transfert graduée 3 ml non stérile,---,---,Unité,ABC,,False,44
Annexe 2 — Materiel Bio-Medical,Liste Principale,03,CONSOMMABLES ET REACTIFS DE LABORATOIRE,03.01,CONSOMMABLES DE LABORATOIRE,Pipette de transfert graduée 3 ml stérile,---,---,Unité,ABC,,False,44
Annexe 2 — Materiel Bio-Medical,Liste Principale,03,CONSOMMABLES ET REACTIFS DE LABORATOIRE,03.01,CONSOMMABLES DE LABORATOIRE,Pipette pasteur stérile,---,---,Unité,ABC,,False,44
Annexe 2 — Materiel Bio-Medical,Liste Principale,03,CONSOMMABLES ET REACTIFS DE LABORATOIRE,03.01,CONSOMMABLES DE LABORATOIRE,Poche à urine pédiatrique,---,---,Unité,ABC,,False,44
Annexe 2 — Materiel Bio-Medical,Liste Principale,03,CONSOMMABLES ET REACTIFS DE LABORATOIRE,03.01,CONSOMMABLES DE LABORATOIRE,Poches à sang double 450 ml +300 ml +300 ml,---,---,Unité,AB,,False,44
Annexe 2 — Materiel Bio-Medical,Liste Principale,03,CONSOMMABLES ET REACTIFS DE LABORATOIRE,03.01,CONSOMMABLES DE LABORATOIRE,Poches à sang tripe 450 ml +300 ml +300 ml,---,---,Unité,AB,,False,44
Annexe 2 — Materiel Bio-Medical,Liste Principale,03,CONSOMMABLES ET REACTIFS DE LABORATOIRE,03.01,CONSOMMABLES DE LABORATOIRE,Pots à urines non stériles,---,---,Unité,ABC,,False,44
Annexe 2 — Materiel Bio-Medical,Liste Principale,03,CONSOMMABLES ET REACTIFS DE LABORATOIRE,03.01,CONSOMMABLES DE LABORATOIRE,Pots à urines non stériles gradué à 5L,---,---,Unité,AB,,False,44
Annexe 2 — Materiel Bio-Medical,Liste Principale,03,CONSOMMABLES ET REACTIFS DE LABORATOIRE,03.01,CONSOMMABLES DE LABORATOIRE,Pots stériles 60ml pour ECBU,---,---,Unité,ABC,,False,44
Annexe 2 — Materiel Bio-Medical,Liste Principale,03,CONSOMMABLES ET REACTIFS DE LABORATOIRE,03.01,CONSOMMABLES DE LABORATOIRE,Pots stériles150ml pour coproculture,---,---,Unité,ABC,,False,44
Annexe 2 — Materiel Bio-Medical,Liste Principale,03,CONSOMMABLES ET REACTIFS DE LABORATOIRE,03.01,CONSOMMABLES DE LABORATOIRE,Réactifs de KATO,---,---,Unité,ABC,,False,44
Annexe 2 — Materiel Bio-Medical,Liste Principale,03,CONSOMMABLES ET REACTIFS DE LABORATOIRE,03.01,CONSOMMABLES DE LABORATOIRE,Transfuseur de poche de sang,---,---,Unité,ABC,,False,44
Annexe 2 — Materiel Bio-Medical,Liste Principale,03,CONSOMMABLES ET REACTIFS DE LABORATOIRE,03.01,CONSOMMABLES DE LABORATOIRE,Tube à centrifuger 15 ml stérile à fond conique,---,---,Unité,AB,,False,44
Annexe 2 — Materiel Bio-Medical,Liste Principale,03,CONSOMMABLES ET REACTIFS DE LABORATOIRE,03.01,CONSOMMABLES DE LABORATOIRE,Tube à centrifuger 50 ml stérile à fond conique en plastique,---,---,Unité,AB,,False,44
Annexe 2 — Materiel Bio-Medical,Liste Principale,03,CONSOMMABLES ET REACTIFS DE LABORATOIRE,03.01,CONSOMMABLES DE LABORATOIRE,Tube à hémolyse en plastique 5ml avec bouchon 12x86 mm,---,---,Unité,ABC,,False,44
Annexe 2 — Materiel Bio-Medical,Liste Principale,03,CONSOMMABLES ET REACTIFS DE LABORATOIRE,03.01,CONSOMMABLES DE LABORATOIRE,Tube à hémolyse en plastique 5ml sans bouchon 12x75 mm,---,---,Unité,ABC,,False,44
Annexe 2 — Materiel Bio-Medical,Liste Principale,03,CONSOMMABLES ET REACTIFS DE LABORATOIRE,03.01,CONSOMMABLES DE LABORATOIRE,"Tube de prélèvement sanguin bleu (citraté) 3,6%",---,---,Unité,ABC,,False,44
Annexe 2 — Materiel Bio-Medical,Liste Principale,03,CONSOMMABLES ET REACTIFS DE LABORATOIRE,03.01,CONSOMMABLES DE LABORATOIRE,"Tube de prélèvement sanguin bleu (citraté), coagulation pour nourrisson",---,---,Unité,ABC,,False,44
Annexe 2 — Materiel Bio-Medical,Liste Principale,03,CONSOMMABLES ET REACTIFS DE LABORATOIRE,03.01,CONSOMMABLES DE LABORATOIRE,"Tube de prélèvement sanguin gris (fluorure/oxalate), glycémie",---,---,Unité,ABC,,False,44
Annexe 2 — Materiel Bio-Medical,Liste Principale,03,CONSOMMABLES ET REACTIFS DE LABORATOIRE,03.01,CONSOMMABLES DE LABORATOIRE,"Tube de prélèvement sanguin noir (citraté), vitesse de sédimentation",---,---,Unité,ABC,,False,44
Annexe 2 — Materiel Bio-Medical,Liste Principale,03,CONSOMMABLES ET REACTIFS DE LABORATOIRE,03.01,CONSOMMABLES DE LABORATOIRE,Tube de prélèvement sanguin rouge (sec),---,---,Unité,ABC,,False,44
Annexe 2 — Materiel Bio-Medical,Liste Principale,03,CONSOMMABLES ET REACTIFS DE LABORATOIRE,03.01,CONSOMMABLES DE LABORATOIRE,Tube de prélèvement sanguin rouge (sec) avec activation de coagulation,---,---,Unité,ABC,,False,44
Annexe 2 — Materiel Bio-Medical,Liste Principale,03,CONSOMMABLES ET REACTIFS DE LABORATOIRE,03.01,CONSOMMABLES DE LABORATOIRE,Tube de prélèvement sanguin rouge (sec) avec activation de coagulation pour nourrisson,---,---,Unité,ABC,,False,44
Annexe 2 — Materiel Bio-Medical,Liste Principale,03,CONSOMMABLES ET REACTIFS DE LABORATOIRE,03.01,CONSOMMABLES DE LABORATOIRE,"Tube de prélèvement sanguin vert (héparine), ionogramme",---,---,Unité,ABC,,False,44
Annexe 2 — Materiel Bio-Medical,Liste Principale,03,CONSOMMABLES ET REACTIFS DE LABORATOIRE,03.01,CONSOMMABLES DE LABORATOIRE,Tube de prélèvement sanguin violet (EDTA),---,---,Unité,ABC,,False,44
Annexe 2 — Materiel Bio-Medical,Liste Principale,03,CONSOMMABLES ET REACTIFS DE LABORATOIRE,03.01,CONSOMMABLES DE LABORATOIRE,Tube de prélèvement sanguin violet (EDTA) pour nourrisson,---,---,Unité,ABC,,False,45
Annexe 2 — Materiel Bio-Medical,Liste Principale,03,CONSOMMABLES ET REACTIFS DE LABORATOIRE,03.02,REACTIFS DE LABORATOIRE,"ABD-LYS, Microplaques",---,---,Unité,ABC,,False,45
Annexe 2 — Materiel Bio-Medical,Liste Principale,03,CONSOMMABLES ET REACTIFS DE LABORATOIRE,03.02,REACTIFS DE LABORATOIRE,Bandelette de glycémie,---,---,Unité,ABC,,False,45
Annexe 2 — Materiel Bio-Medical,Liste Principale,03,CONSOMMABLES ET REACTIFS DE LABORATOIRE,03.02,REACTIFS DE LABORATOIRE,Bandelette réactive urine (glucose + protéine),---,---,Boîte,ABCDE,,False,45
Annexe 2 — Materiel Bio-Medical,Liste Principale,03,CONSOMMABLES ET REACTIFS DE LABORATOIRE,03.02,REACTIFS DE LABORATOIRE,Bétadine gel,---,---,Unité,AB,,False,45
Annexe 2 — Materiel Bio-Medical,Liste Principale,03,CONSOMMABLES ET REACTIFS DE LABORATOIRE,03.02,REACTIFS DE LABORATOIRE,Bilirubine conjuguée,---,---,Unité,ABC,,False,45
Annexe 2 — Materiel Bio-Medical,Liste Principale,03,CONSOMMABLES ET REACTIFS DE LABORATOIRE,03.02,REACTIFS DE LABORATOIRE,Bilirubine totale,---,---,Unité,ABC,,False,45
Annexe 2 — Materiel Bio-Medical,Liste Principale,03,CONSOMMABLES ET REACTIFS DE LABORATOIRE,03.02,REACTIFS DE LABORATOIRE,Bilitrol,---,---,Unité,ABC,,False,45
Annexe 2 — Materiel Bio-Medical,Liste Principale,03,CONSOMMABLES ET REACTIFS DE LABORATOIRE,03.02,REACTIFS DE LABORATOIRE,"Bromeline ,kit de 5X100 ml",---,---,Unité,ABC,,False,45
Annexe 2 — Materiel Bio-Medical,Liste Principale,03,CONSOMMABLES ET REACTIFS DE LABORATOIRE,03.02,REACTIFS DE LABORATOIRE,DG GEL Coombs,---,---,Unité,ABC,,False,45
Annexe 2 — Materiel Bio-Medical,Liste Principale,03,CONSOMMABLES ET REACTIFS DE LABORATOIRE,03.02,REACTIFS DE LABORATOIRE,Hema CQI,---,---,Unité,ABC,,False,45
Annexe 2 — Materiel Bio-Medical,Liste Principale,03,CONSOMMABLES ET REACTIFS DE LABORATOIRE,03.02,REACTIFS DE LABORATOIRE,"Hemalys A1 et B, kit de 2X5ml",---,---,Unité,ABC,,False,45
Annexe 2 — Materiel Bio-Medical,Liste Principale,03,CONSOMMABLES ET REACTIFS DE LABORATOIRE,03.02,REACTIFS DE LABORATOIRE,"Ionogramme sanguin (réactifs): K,Na,Cl+solution de contrôle",---,---,Unité,ABCD,,False,45
Annexe 2 — Materiel Bio-Medical,Liste Principale,03,CONSOMMABLES ET REACTIFS DE LABORATOIRE,03.02,REACTIFS DE LABORATOIRE,KIT Isoton+solution lyse+detergent,---,---,Unité,ABC,,False,45
Annexe 2 — Materiel Bio-Medical,Liste Principale,03,CONSOMMABLES ET REACTIFS DE LABORATOIRE,03.02,REACTIFS DE LABORATOIRE,Réactif de dosage de la créatininémie (JAFFE),---,---,Unité,ABCD,,False,45
Annexe 2 — Materiel Bio-Medical,Liste Principale,03,CONSOMMABLES ET REACTIFS DE LABORATOIRE,03.02,REACTIFS DE LABORATOIRE,Réactif de dosage de la glycémie GOD/POD,---,---,Unité,ABC,,False,45
Annexe 2 — Materiel Bio-Medical,Liste Principale,03,CONSOMMABLES ET REACTIFS DE LABORATOIRE,03.02,REACTIFS DE LABORATOIRE,Réactif de dosage de la transaminase (TGO),---,---,Unité,ABC,,False,45
Annexe 2 — Materiel Bio-Medical,Liste Principale,03,CONSOMMABLES ET REACTIFS DE LABORATOIRE,03.02,REACTIFS DE LABORATOIRE,Réactif de dosage de la transaminase (TGP),---,---,Unité,ABC,,False,45
Annexe 2 — Materiel Bio-Medical,Liste Principale,03,CONSOMMABLES ET REACTIFS DE LABORATOIRE,03.02,REACTIFS DE LABORATOIRE,Réactif de dosage de l'Urée,---,---,Unité,ABC,,False,45
Annexe 2 — Materiel Bio-Medical,Liste Principale,03,CONSOMMABLES ET REACTIFS DE LABORATOIRE,03.02,REACTIFS DE LABORATOIRE,Reactif de dosage du fibrinonogène,---,---,Unité,AB,,False,45
Annexe 2 — Materiel Bio-Medical,Liste Principale,03,CONSOMMABLES ET REACTIFS DE LABORATOIRE,03.02,REACTIFS DE LABORATOIRE,Réactif VDRL,---,---,Unité,ABC,,False,45
Annexe 2 — Materiel Bio-Medical,Liste Principale,03,CONSOMMABLES ET REACTIFS DE LABORATOIRE,03.02,REACTIFS DE LABORATOIRE,Rubéole Ac Ig G ELISA,---,---,Unité,AB,,False,45
Annexe 2 — Materiel Bio-Medical,Liste Principale,03,CONSOMMABLES ET REACTIFS DE LABORATOIRE,03.02,REACTIFS DE LABORATOIRE,Rubéole Ac Ig M ELISA,---,---,Unité,AB,,False,45
Annexe 2 — Materiel Bio-Medical,Liste Principale,03,CONSOMMABLES ET REACTIFS DE LABORATOIRE,03.02,REACTIFS DE LABORATOIRE,Serum Anti A + B monoclonal (groupe sanguin),---,---,Unité,ABC,,False,45
Annexe 2 — Materiel Bio-Medical,Liste Principale,03,CONSOMMABLES ET REACTIFS DE LABORATOIRE,03.02,REACTIFS DE LABORATOIRE,Serum Anti A monoclonal (groupe sanguin),---,---,Unité,ABC,,False,45
Annexe 2 — Materiel Bio-Medical,Liste Principale,03,CONSOMMABLES ET REACTIFS DE LABORATOIRE,03.02,REACTIFS DE LABORATOIRE,Serum Anti B monoclonal (groupe sanguin),---,---,Unité,ABC,,False,45
Annexe 2 — Materiel Bio-Medical,Liste Principale,03,CONSOMMABLES ET REACTIFS DE LABORATOIRE,03.02,REACTIFS DE LABORATOIRE,Serum Anti D monoclonal (groupe sanguin),---,---,Unité,ABC,,False,45
Annexe 2 — Materiel Bio-Medical,Liste Principale,03,CONSOMMABLES ET REACTIFS DE LABORATOIRE,03.02,REACTIFS DE LABORATOIRE,Serum Antiglobuline polyspécifique,---,---,Unité,ABC,,False,45
Annexe 2 — Materiel Bio-Medical,Liste Principale,03,CONSOMMABLES ET REACTIFS DE LABORATOIRE,03.02,REACTIFS DE LABORATOIRE,Serum de contrôle de biochimie (NP),---,---,Unité,ABC,,False,45
Annexe 2 — Materiel Bio-Medical,Liste Principale,03,CONSOMMABLES ET REACTIFS DE LABORATOIRE,03.02,REACTIFS DE LABORATOIRE,"Suspensions de Salmonella O ; H/ ( T,A,B,C, ENH,tryphimurium) non coloré",---,---,Unité,AB,,False,45
Annexe 2 — Materiel Bio-Medical,Liste Principale,03,CONSOMMABLES ET REACTIFS DE LABORATOIRE,03.02,REACTIFS DE LABORATOIRE,Test rapide de diagnostic du paludisme,---,---,Unité,ABCD,,False,45
Annexe 2 — Materiel Bio-Medical,Liste Principale,03,CONSOMMABLES ET REACTIFS DE LABORATOIRE,03.02,REACTIFS DE LABORATOIRE,TOXOPLASMOSE Ac Ig G ELISA,---,---,Unité,AB,,False,45
Annexe 2 — Materiel Bio-Medical,Liste Principale,03,CONSOMMABLES ET REACTIFS DE LABORATOIRE,03.02,REACTIFS DE LABORATOIRE,TOXOPLASMOSE Ac Ig M ELISA,---,---,Unité,AB,,False,45
Annexe 2 — Materiel Bio-Medical,Liste Principale,03,CONSOMMABLES ET REACTIFS DE LABORATOIRE,03.02,REACTIFS DE LABORATOIRE,TPHA-Kit,---,---,Unité,ABC,,False,45
Annexe 2 — Materiel Bio-Medical,Liste Principale,03,CONSOMMABLES ET REACTIFS DE LABORATOIRE,03.03,AUTRES REACTIFS DE LABORATOIRE,Auramine poudre,---,---,Unité,AB,,False,45
Annexe 2 — Materiel Bio-Medical,Liste Principale,03,CONSOMMABLES ET REACTIFS DE LABORATOIRE,03.03,AUTRES REACTIFS DE LABORATOIRE,Ethanol 96°,---,---,Unité,ABC,,False,45
Annexe 2 — Materiel Bio-Medical,Liste Principale,03,CONSOMMABLES ET REACTIFS DE LABORATOIRE,03.03,AUTRES REACTIFS DE LABORATOIRE,Formaldéhyde 37% (Formol),---,---,Unité,ABC,,False,45
Annexe 2 — Materiel Bio-Medical,Liste Principale,03,CONSOMMABLES ET REACTIFS DE LABORATOIRE,03.03,AUTRES REACTIFS DE LABORATOIRE,Fuschine basique poudre,---,---,Unité,ABC,,False,45
Annexe 2 — Materiel Bio-Medical,Liste Principale,03,CONSOMMABLES ET REACTIFS DE LABORATOIRE,03.03,AUTRES REACTIFS DE LABORATOIRE,Giemsa en solution 1000 ml,---,---,Unité,ABC,,False,45
Annexe 2 — Materiel Bio-Medical,Liste Principale,03,CONSOMMABLES ET REACTIFS DE LABORATOIRE,03.03,AUTRES REACTIFS DE LABORATOIRE,Giemsa en solution 500 ml,---,---,Unité,ABC,,False,45
Annexe 2 — Materiel Bio-Medical,Liste Principale,03,CONSOMMABLES ET REACTIFS DE LABORATOIRE,03.03,AUTRES REACTIFS DE LABORATOIRE,Huile à immersion,---,---,Unité,ABC,,False,45
Annexe 2 — Materiel Bio-Medical,Liste Principale,03,CONSOMMABLES ET REACTIFS DE LABORATOIRE,03.03,AUTRES REACTIFS DE LABORATOIRE,Iode bisublimé,---,---,Unité,ABC,,False,45
Annexe 2 — Materiel Bio-Medical,Liste Principale,03,CONSOMMABLES ET REACTIFS DE LABORATOIRE,03.03,AUTRES REACTIFS DE LABORATOIRE,Iode poudre,---,---,Unité,ABC,,False,45
Annexe 2 — Materiel Bio-Medical,Liste Principale,03,CONSOMMABLES ET REACTIFS DE LABORATOIRE,03.03,AUTRES REACTIFS DE LABORATOIRE,Iodure de potassium,---,---,Unité,ABC,,False,45
Annexe 2 — Materiel Bio-Medical,Liste Principale,03,CONSOMMABLES ET REACTIFS DE LABORATOIRE,03.03,AUTRES REACTIFS DE LABORATOIRE,Lugol 1l,---,---,Unité,ABC,,False,45
Annexe 2 — Materiel Bio-Medical,Liste Principale,03,CONSOMMABLES ET REACTIFS DE LABORATOIRE,03.03,AUTRES REACTIFS DE LABORATOIRE,MAY-GRUMWALD en poudre,---,---,Unité,ABC,,False,45
Annexe 2 — Materiel Bio-Medical,Liste Principale,03,CONSOMMABLES ET REACTIFS DE LABORATOIRE,03.03,AUTRES REACTIFS DE LABORATOIRE,MAY-GRUMWALD solution,---,---,Unité,ABC,,False,45
Annexe 2 — Materiel Bio-Medical,Liste Principale,03,CONSOMMABLES ET REACTIFS DE LABORATOIRE,03.03,AUTRES REACTIFS DE LABORATOIRE,Metabisulfite de sodium,---,---,Unité,ABC,,False,45
Annexe 2 — Materiel Bio-Medical,Liste Principale,03,CONSOMMABLES ET REACTIFS DE LABORATOIRE,03.03,AUTRES REACTIFS DE LABORATOIRE,Méthanol,---,---,Unité,ABC,,False,45
Annexe 2 — Materiel Bio-Medical,Liste Principale,03,CONSOMMABLES ET REACTIFS DE LABORATOIRE,03.03,AUTRES REACTIFS DE LABORATOIRE,Réactif de TCA (Cephaline/activateur),---,---,Unité,AB,,False,45
Annexe 2 — Materiel Bio-Medical,Liste Principale,03,CONSOMMABLES ET REACTIFS DE LABORATOIRE,03.03,AUTRES REACTIFS DE LABORATOIRE,Thiazine (rouge),---,---,Unité,A,,False,45
Annexe 2 — Materiel Bio-Medical,Liste Principale,03,CONSOMMABLES ET REACTIFS DE LABORATOIRE,03.03,AUTRES REACTIFS DE LABORATOIRE,Thromboplastine,---,---,Unité,AB,,False,45
Annexe 2 — Materiel Bio-Medical,Liste Principale,03,CONSOMMABLES ET REACTIFS DE LABORATOIRE,03.03,AUTRES REACTIFS DE LABORATOIRE,Tube conique à centrifuger à usage unique 50 ml,---,---,Unité,ABC,,False,46
Annexe 2 — Materiel Bio-Medical,Liste Principale,03,CONSOMMABLES ET REACTIFS DE LABORATOIRE,03.03,AUTRES REACTIFS DE LABORATOIRE,Violet de gentiane 1% 60 ml,---,---,Unité,ABC,,False,46
Annexe 2 — Materiel Bio-Medical,Liste Principale,03,CONSOMMABLES ET REACTIFS DE LABORATOIRE,03.03,AUTRES REACTIFS DE LABORATOIRE CONSOMMABLES ET REACTIFS UTILISES POUR LE DEPISTAGE ET LE SUIVI BIOLOGIQUE VIH CONSOMMABLES ET REACTIFS D'AUTOMATE/ANALYSEUR POUR SUIVI BIOLOGIQUE VIH,Aiguille de dispensation pour automate/analyseur de biochimie,---,---,Unité,ABC,,False,46
Annexe 2 — Materiel Bio-Medical,Liste Principale,03,CONSOMMABLES ET REACTIFS DE LABORATOIRE,03.03,AUTRES REACTIFS DE LABORATOIRE CONSOMMABLES ET REACTIFS UTILISES POUR LE DEPISTAGE ET LE SUIVI BIOLOGIQUE VIH CONSOMMABLES ET REACTIFS D'AUTOMATE/ANALYSEUR POUR SUIVI BIOLOGIQUE VIH,Cuvette réactionnelle pour automate/analyseur de biochimie,---,---,Unité,ABC,,False,46
Annexe 2 — Materiel Bio-Medical,Liste Principale,03,CONSOMMABLES ET REACTIFS DE LABORATOIRE,03.03,AUTRES REACTIFS DE LABORATOIRE CONSOMMABLES ET REACTIFS UTILISES POUR LE DEPISTAGE ET LE SUIVI BIOLOGIQUE VIH CONSOMMABLES ET REACTIFS D'AUTOMATE/ANALYSEUR POUR SUIVI BIOLOGIQUE VIH,Diluant pour numération des CD4,---,---,Unité,ABC,,False,46
Annexe 2 — Materiel Bio-Medical,Liste Principale,03,CONSOMMABLES ET REACTIFS DE LABORATOIRE,03.03,AUTRES REACTIFS DE LABORATOIRE CONSOMMABLES ET REACTIFS UTILISES POUR LE DEPISTAGE ET LE SUIVI BIOLOGIQUE VIH CONSOMMABLES ET REACTIFS D'AUTOMATE/ANALYSEUR POUR SUIVI BIOLOGIQUE VIH,Godet (cupule) pour échantillon,---,---,Unité,ABC,,False,46
Annexe 2 — Materiel Bio-Medical,Liste Principale,03,CONSOMMABLES ET REACTIFS DE LABORATOIRE,03.03,AUTRES REACTIFS DE LABORATOIRE CONSOMMABLES ET REACTIFS UTILISES POUR LE DEPISTAGE ET LE SUIVI BIOLOGIQUE VIH CONSOMMABLES ET REACTIFS D'AUTOMATE/ANALYSEUR POUR SUIVI BIOLOGIQUE VIH,Lampe pour automate/analyseur de biochimie,---,---,Unité,ABC,,False,46
Annexe 2 — Materiel Bio-Medical,Liste Principale,03,CONSOMMABLES ET REACTIFS DE LABORATOIRE,03.03,AUTRES REACTIFS DE LABORATOIRE CONSOMMABLES ET REACTIFS UTILISES POUR LE DEPISTAGE ET LE SUIVI BIOLOGIQUE VIH CONSOMMABLES ET REACTIFS D'AUTOMATE/ANALYSEUR POUR SUIVI BIOLOGIQUE VIH,"Microtube 1,5 ml à fond conique + bouchon",---,---,Unité,ABC,,False,46
Annexe 2 — Materiel Bio-Medical,Liste Principale,03,CONSOMMABLES ET REACTIFS DE LABORATOIRE,03.03,AUTRES REACTIFS DE LABORATOIRE CONSOMMABLES ET REACTIFS UTILISES POUR LE DEPISTAGE ET LE SUIVI BIOLOGIQUE VIH CONSOMMABLES ET REACTIFS D'AUTOMATE/ANALYSEUR POUR SUIVI BIOLOGIQUE VIH,Papier thermique pour imprimante d'hématologie,---,---,Unité,ABC,,False,46
Annexe 2 — Materiel Bio-Medical,Liste Principale,03,CONSOMMABLES ET REACTIFS DE LABORATOIRE,03.03,AUTRES REACTIFS DE LABORATOIRE CONSOMMABLES ET REACTIFS UTILISES POUR LE DEPISTAGE ET LE SUIVI BIOLOGIQUE VIH CONSOMMABLES ET REACTIFS D'AUTOMATE/ANALYSEUR POUR SUIVI BIOLOGIQUE VIH,Papier thermique pour imprimante numérateur de CD4,---,---,Unité,ABC,,False,46
Annexe 2 — Materiel Bio-Medical,Liste Principale,03,CONSOMMABLES ET REACTIFS DE LABORATOIRE,03.03,AUTRES REACTIFS DE LABORATOIRE CONSOMMABLES ET REACTIFS UTILISES POUR LE DEPISTAGE ET LE SUIVI BIOLOGIQUE VIH CONSOMMABLES ET REACTIFS D'AUTOMATE/ANALYSEUR POUR SUIVI BIOLOGIQUE VIH,Réactif de calibration pour numération des CD4,---,---,Unité,ABC,,False,46
Annexe 2 — Materiel Bio-Medical,Liste Principale,03,CONSOMMABLES ET REACTIFS DE LABORATOIRE,03.03,AUTRES REACTIFS DE LABORATOIRE CONSOMMABLES ET REACTIFS UTILISES POUR LE DEPISTAGE ET LE SUIVI BIOLOGIQUE VIH CONSOMMABLES ET REACTIFS D'AUTOMATE/ANALYSEUR POUR SUIVI BIOLOGIQUE VIH,Réactif de dosage de la charge virale,---,---,Unité,ABC,,False,46
Annexe 2 — Materiel Bio-Medical,Liste Principale,03,CONSOMMABLES ET REACTIFS DE LABORATOIRE,03.03,AUTRES REACTIFS DE LABORATOIRE CONSOMMABLES ET REACTIFS UTILISES POUR LE DEPISTAGE ET LE SUIVI BIOLOGIQUE VIH CONSOMMABLES ET REACTIFS D'AUTOMATE/ANALYSEUR POUR SUIVI BIOLOGIQUE VIH,Réactif de dosage de la créatininémie,---,---,Unité,ABC,,False,46
Annexe 2 — Materiel Bio-Medical,Liste Principale,03,CONSOMMABLES ET REACTIFS DE LABORATOIRE,03.03,AUTRES REACTIFS DE LABORATOIRE CONSOMMABLES ET REACTIFS UTILISES POUR LE DEPISTAGE ET LE SUIVI BIOLOGIQUE VIH CONSOMMABLES ET REACTIFS D'AUTOMATE/ANALYSEUR POUR SUIVI BIOLOGIQUE VIH,Réactif de dosage de la glycémie,---,---,Unité,ABC,,False,46
Annexe 2 — Materiel Bio-Medical,Liste Principale,03,CONSOMMABLES ET REACTIFS DE LABORATOIRE,03.03,AUTRES REACTIFS DE LABORATOIRE CONSOMMABLES ET REACTIFS UTILISES POUR LE DEPISTAGE ET LE SUIVI BIOLOGIQUE VIH CONSOMMABLES ET REACTIFS D'AUTOMATE/ANALYSEUR POUR SUIVI BIOLOGIQUE VIH,Réactif de numération des CD4,---,---,Unité,ABC,,False,46
Annexe 2 — Materiel Bio-Medical,Liste Principale,03,CONSOMMABLES ET REACTIFS DE LABORATOIRE,03.03,AUTRES REACTIFS DE LABORATOIRE CONSOMMABLES ET REACTIFS UTILISES POUR LE DEPISTAGE ET LE SUIVI BIOLOGIQUE VIH CONSOMMABLES ET REACTIFS D'AUTOMATE/ANALYSEUR POUR SUIVI BIOLOGIQUE VIH,Sang de contrôle (hématologie),---,---,Unité,ABC,,False,46
Annexe 2 — Materiel Bio-Medical,Liste Principale,03,CONSOMMABLES ET REACTIFS DE LABORATOIRE,03.03,AUTRES REACTIFS DE LABORATOIRE CONSOMMABLES ET REACTIFS UTILISES POUR LE DEPISTAGE ET LE SUIVI BIOLOGIQUE VIH CONSOMMABLES ET REACTIFS D'AUTOMATE/ANALYSEUR POUR SUIVI BIOLOGIQUE VIH,Serum de calibration de biochimie,---,---,Unité,ABC,,False,46
Annexe 2 — Materiel Bio-Medical,Liste Principale,03,CONSOMMABLES ET REACTIFS DE LABORATOIRE,03.03,AUTRES REACTIFS DE LABORATOIRE CONSOMMABLES ET REACTIFS UTILISES POUR LE DEPISTAGE ET LE SUIVI BIOLOGIQUE VIH CONSOMMABLES ET REACTIFS D'AUTOMATE/ANALYSEUR POUR SUIVI BIOLOGIQUE VIH,Serum de contrôle normal de biochimie,---,---,Unité,ABC,,False,46
Annexe 2 — Materiel Bio-Medical,Liste Principale,03,CONSOMMABLES ET REACTIFS DE LABORATOIRE,03.03,AUTRES REACTIFS DE LABORATOIRE CONSOMMABLES ET REACTIFS UTILISES POUR LE DEPISTAGE ET LE SUIVI BIOLOGIQUE VIH CONSOMMABLES ET REACTIFS D'AUTOMATE/ANALYSEUR POUR SUIVI BIOLOGIQUE VIH,Serum de contrôle pathologique de biochimie,---,---,Unité,ABC,,False,46
Annexe 2 — Materiel Bio-Medical,Liste Principale,03,CONSOMMABLES ET REACTIFS DE LABORATOIRE,03.03,AUTRES REACTIFS DE LABORATOIRE CONSOMMABLES ET REACTIFS UTILISES POUR LE DEPISTAGE ET LE SUIVI BIOLOGIQUE VIH CONSOMMABLES ET REACTIFS D'AUTOMATE/ANALYSEUR POUR SUIVI BIOLOGIQUE VIH,Solution d'activation pour la charge virale,---,---,Unité,ABC,,False,46
Annexe 2 — Materiel Bio-Medical,Liste Principale,03,CONSOMMABLES ET REACTIFS DE LABORATOIRE,03.03,AUTRES REACTIFS DE LABORATOIRE CONSOMMABLES ET REACTIFS UTILISES POUR LE DEPISTAGE ET LE SUIVI BIOLOGIQUE VIH CONSOMMABLES ET REACTIFS D'AUTOMATE/ANALYSEUR POUR SUIVI BIOLOGIQUE VIH,Solution de contrôle normal pour numération des CD4,---,---,Unité,ABC,,False,46
Annexe 2 — Materiel Bio-Medical,Liste Principale,03,CONSOMMABLES ET REACTIFS DE LABORATOIRE,03.03,AUTRES REACTIFS DE LABORATOIRE CONSOMMABLES ET REACTIFS UTILISES POUR LE DEPISTAGE ET LE SUIVI BIOLOGIQUE VIH CONSOMMABLES ET REACTIFS D'AUTOMATE/ANALYSEUR POUR SUIVI BIOLOGIQUE VIH,Solution de contrôle pathologique pour numération des CD4,---,---,Unité,ABC,,False,46
Annexe 2 — Materiel Bio-Medical,Liste Principale,03,CONSOMMABLES ET REACTIFS DE LABORATOIRE,03.03,AUTRES REACTIFS DE LABORATOIRE CONSOMMABLES ET REACTIFS UTILISES POUR LE DEPISTAGE ET LE SUIVI BIOLOGIQUE VIH CONSOMMABLES ET REACTIFS D'AUTOMATE/ANALYSEUR POUR SUIVI BIOLOGIQUE VIH,Solution de décontamination pour numération des CD4,---,---,Unité,ABC,,False,46
Annexe 2 — Materiel Bio-Medical,Liste Principale,03,CONSOMMABLES ET REACTIFS DE LABORATOIRE,03.03,AUTRES REACTIFS DE LABORATOIRE CONSOMMABLES ET REACTIFS UTILISES POUR LE DEPISTAGE ET LE SUIVI BIOLOGIQUE VIH CONSOMMABLES ET REACTIFS D'AUTOMATE/ANALYSEUR POUR SUIVI BIOLOGIQUE VIH,Solution de lavage basique pour automate/analyseur de biochimie c311 Cell wash solution I Naoh,---,---,Unité,ABC,,False,46
Annexe 2 — Materiel Bio-Medical,Liste Principale,03,CONSOMMABLES ET REACTIFS DE LABORATOIRE,03.03,AUTRES REACTIFS DE LABORATOIRE CONSOMMABLES ET REACTIFS UTILISES POUR LE DEPISTAGE ET LE SUIVI BIOLOGIQUE VIH CONSOMMABLES ET REACTIFS D'AUTOMATE/ANALYSEUR POUR SUIVI BIOLOGIQUE VIH,Solution de lavage pour automate/analyseur de biochimie,---,---,Unité,ABC,,False,46
Annexe 2 — Materiel Bio-Medical,Liste Principale,03,CONSOMMABLES ET REACTIFS DE LABORATOIRE,03.03,AUTRES REACTIFS DE LABORATOIRE CONSOMMABLES ET REACTIFS UTILISES POUR LE DEPISTAGE ET LE SUIVI BIOLOGIQUE VIH CONSOMMABLES ET REACTIFS D'AUTOMATE/ANALYSEUR POUR SUIVI BIOLOGIQUE VIH,Solution de lavage pour numération des CD4,---,---,Unité,ABC,,False,46
Annexe 2 — Materiel Bio-Medical,Liste Principale,03,CONSOMMABLES ET REACTIFS DE LABORATOIRE,03.03,AUTRES REACTIFS DE LABORATOIRE CONSOMMABLES ET REACTIFS UTILISES POUR LE DEPISTAGE ET LE SUIVI BIOLOGIQUE VIH CONSOMMABLES ET REACTIFS D'AUTOMATE/ANALYSEUR POUR SUIVI BIOLOGIQUE VIH,Solution de lyse,---,---,Unité,ABC,,False,46
Annexe 2 — Materiel Bio-Medical,Liste Principale,03,CONSOMMABLES ET REACTIFS DE LABORATOIRE,03.03,AUTRES REACTIFS DE LABORATOIRE CONSOMMABLES ET REACTIFS UTILISES POUR LE DEPISTAGE ET LE SUIVI BIOLOGIQUE VIH CONSOMMABLES ET REACTIFS D'AUTOMATE/ANALYSEUR POUR SUIVI BIOLOGIQUE VIH,Solution de lyse pour numérateur de CD4,---,---,Unité,ABC,,False,46
Annexe 2 — Materiel Bio-Medical,Liste Principale,03,CONSOMMABLES ET REACTIFS DE LABORATOIRE,03.03,AUTRES REACTIFS DE LABORATOIRE CONSOMMABLES ET REACTIFS UTILISES POUR LE DEPISTAGE ET LE SUIVI BIOLOGIQUE VIH CONSOMMABLES ET REACTIFS D'AUTOMATE/ANALYSEUR POUR SUIVI BIOLOGIQUE VIH,Solution de rinçage pour numération des CD4,---,---,Unité,ABC,,False,46
Annexe 2 — Materiel Bio-Medical,Liste Principale,03,CONSOMMABLES ET REACTIFS DE LABORATOIRE,03.03,AUTRES REACTIFS DE LABORATOIRE CONSOMMABLES ET REACTIFS UTILISES POUR LE DEPISTAGE ET LE SUIVI BIOLOGIQUE VIH CONSOMMABLES ET REACTIFS D'AUTOMATE/ANALYSEUR POUR SUIVI BIOLOGIQUE VIH,Solution déprotéinisante pour automate/analyseur de biochimie,---,---,Unité,ABC,,False,46
Annexe 2 — Materiel Bio-Medical,Liste Principale,03,CONSOMMABLES ET REACTIFS DE LABORATOIRE,03.03,AUTRES REACTIFS DE LABORATOIRE CONSOMMABLES ET REACTIFS UTILISES POUR LE DEPISTAGE ET LE SUIVI BIOLOGIQUE VIH CONSOMMABLES ET REACTIFS D'AUTOMATE/ANALYSEUR POUR SUIVI BIOLOGIQUE VIH,Solution détergente pour automate/analyseur d'hématologie,---,---,Unité,ABC,,False,46
Annexe 2 — Materiel Bio-Medical,Liste Principale,03,CONSOMMABLES ET REACTIFS DE LABORATOIRE,03.03,AUTRES REACTIFS DE LABORATOIRE CONSOMMABLES ET REACTIFS UTILISES POUR LE DEPISTAGE ET LE SUIVI BIOLOGIQUE VIH CONSOMMABLES ET REACTIFS D'AUTOMATE/ANALYSEUR POUR SUIVI BIOLOGIQUE VIH,Solution isotonique pour automate/analyseur d'hématologie (isoton),---,---,Unité,ABC,,False,46
Annexe 2 — Materiel Bio-Medical,Liste Principale,03,CONSOMMABLES ET REACTIFS DE LABORATOIRE,03.03,AUTRES REACTIFS DE LABORATOIRE CONSOMMABLES ET REACTIFS UTILISES POUR LE DEPISTAGE ET LE SUIVI BIOLOGIQUE VIH CONSOMMABLES ET REACTIFS D'AUTOMATE/ANALYSEUR POUR SUIVI BIOLOGIQUE VIH,Tube polystyrène 5ml,---,---,Unité,ABC,,False,46
Annexe 2 — Materiel Bio-Medical,Liste Principale,03,CONSOMMABLES ET REACTIFS DE LABORATOIRE,04.02,CONSOMMABLES ET REACTIFS DE DEPISTAGE VIH,Boite de rangement pour cryotubes 2 ml Cryoboites (Box of 81 positions),---,---,Unité,ABCD,,False,46
Annexe 2 — Materiel Bio-Medical,Liste Principale,03,CONSOMMABLES ET REACTIFS DE LABORATOIRE,04.02,CONSOMMABLES ET REACTIFS DE DEPISTAGE VIH,Chronomètre 3 canaux,---,---,Unité,ABCD,,False,46
Annexe 2 — Materiel Bio-Medical,Liste Principale,03,CONSOMMABLES ET REACTIFS DE LABORATOIRE,04.02,CONSOMMABLES ET REACTIFS DE DEPISTAGE VIH,Corps standard pour prelèvement sous vide,---,---,Unité,ABCD,,False,46
Annexe 2 — Materiel Bio-Medical,Liste Principale,03,CONSOMMABLES ET REACTIFS DE LABORATOIRE,04.02,CONSOMMABLES ET REACTIFS DE DEPISTAGE VIH,Cryotubes à vis externe 2 ml,---,---,Unité,ABCD,,False,46
Annexe 2 — Materiel Bio-Medical,Liste Principale,03,CONSOMMABLES ET REACTIFS DE LABORATOIRE,04.02,CONSOMMABLES ET REACTIFS DE DEPISTAGE VIH,Dessicant (gel de silice) sachet,---,---,Unité,ABCD,,False,46
Annexe 2 — Materiel Bio-Medical,Liste Principale,03,CONSOMMABLES ET REACTIFS DE LABORATOIRE,04.02,CONSOMMABLES ET REACTIFS DE DEPISTAGE VIH,Embout pour micropipette 100-1000 µl,---,---,Unité,ABCD,,False,46
Annexe 2 — Materiel Bio-Medical,Liste Principale,03,CONSOMMABLES ET REACTIFS DE LABORATOIRE,04.02,CONSOMMABLES ET REACTIFS DE DEPISTAGE VIH,Embout pour micropipette 20-200 µl,---,---,Unité,ABCD,,False,46
Annexe 2 — Materiel Bio-Medical,Liste Principale,03,CONSOMMABLES ET REACTIFS DE LABORATOIRE,04.02,CONSOMMABLES ET REACTIFS DE DEPISTAGE VIH,Embout stérile avec filtre 10-20 ul,---,---,Unité,ABCD,,False,46
Annexe 2 — Materiel Bio-Medical,Liste Principale,03,CONSOMMABLES ET REACTIFS DE LABORATOIRE,04.02,CONSOMMABLES ET REACTIFS DE DEPISTAGE VIH,Embout stérile avec filtre 1-10 ul,---,---,Unité,ABCD,,False,46
Annexe 2 — Materiel Bio-Medical,Liste Principale,03,CONSOMMABLES ET REACTIFS DE LABORATOIRE,04.02,CONSOMMABLES ET REACTIFS DE DEPISTAGE VIH,Ethanol 70° (1 litre) / 96°,---,---,Unité,ABCD,,False,46
Annexe 2 — Materiel Bio-Medical,Liste Principale,03,CONSOMMABLES ET REACTIFS DE LABORATOIRE,04.02,CONSOMMABLES ET REACTIFS DE DEPISTAGE VIH,Gant en nitrile P/100,---,---,Unité,ABCD,,False,46
Annexe 2 — Materiel Bio-Medical,Liste Principale,03,CONSOMMABLES ET REACTIFS DE LABORATOIRE,04.02,CONSOMMABLES ET REACTIFS DE DEPISTAGE VIH,Gant nitryl,---,---,Unité,ABCD,,False,46
Annexe 2 — Materiel Bio-Medical,Liste Principale,03,CONSOMMABLES ET REACTIFS DE LABORATOIRE,04.02,CONSOMMABLES ET REACTIFS DE DEPISTAGE VIH,Indicateur d'humidité,---,---,Unité,ABCD,,False,46
Annexe 2 — Materiel Bio-Medical,Liste Principale,03,CONSOMMABLES ET REACTIFS DE LABORATOIRE,04.02,CONSOMMABLES ET REACTIFS DE DEPISTAGE VIH,Kit unitaire Dried Blood Spot (DBS),---,---,Unité,ABCD,,False,46
Annexe 2 — Materiel Bio-Medical,Liste Principale,03,CONSOMMABLES ET REACTIFS DE LABORATOIRE,04.02,CONSOMMABLES ET REACTIFS DE DEPISTAGE VIH,Maglumi Ag HBS KIT DE 100 tests,---,---,Unité,ABCD,,False,46
Annexe 2 — Materiel Bio-Medical,Liste Principale,03,CONSOMMABLES ET REACTIFS DE LABORATOIRE,04.02,CONSOMMABLES ET REACTIFS DE DEPISTAGE VIH,Maglumi HIV 1/2 Ag/AC KIT DE 100 TESTS,---,---,Unité,ABCD,,False,46
Annexe 2 — Materiel Bio-Medical,Liste Principale,03,CONSOMMABLES ET REACTIFS DE LABORATOIRE,04.02,CONSOMMABLES ET REACTIFS DE DEPISTAGE VIH,MaglumiI Ac Anti HCV KIT DE 100 TESTS,---,---,Unité,ABCD,,False,46
Annexe 2 — Materiel Bio-Medical,Liste Principale,03,CONSOMMABLES ET REACTIFS DE LABORATOIRE,04.02,CONSOMMABLES ET REACTIFS DE DEPISTAGE VIH,Microtubes à vis externe 2 ml,---,---,Unité,ABCD,,False,47
Annexe 2 — Materiel Bio-Medical,Liste Principale,03,CONSOMMABLES ET REACTIFS DE LABORATOIRE,04.02,CONSOMMABLES ET REACTIFS DE DEPISTAGE VIH,Pastille de Chloramine (pasti-chlor),---,---,Boîte,ABCD,,False,47
Annexe 2 — Materiel Bio-Medical,Liste Principale,03,CONSOMMABLES ET REACTIFS DE LABORATOIRE,04.02,CONSOMMABLES ET REACTIFS DE DEPISTAGE VIH,Pipette échanitllon c311,---,---,Unité,ABCD,,False,47
Annexe 2 — Materiel Bio-Medical,Liste Principale,03,CONSOMMABLES ET REACTIFS DE LABORATOIRE,04.02,CONSOMMABLES ET REACTIFS DE DEPISTAGE VIH,Pippette réactif c311,---,---,Unité,ABCD,,False,47
Annexe 2 — Materiel Bio-Medical,Liste Principale,03,CONSOMMABLES ET REACTIFS DE LABORATOIRE,04.02,CONSOMMABLES ET REACTIFS DE DEPISTAGE VIH,Rack de sechage de papier DBS,---,---,Unité,ABCD,,False,47
Annexe 2 — Materiel Bio-Medical,Liste Principale,03,CONSOMMABLES ET REACTIFS DE LABORATOIRE,04.02,CONSOMMABLES ET REACTIFS DE DEPISTAGE VIH,RPR Carbon ; Kit de 500 tests Manuel,---,---,Unité,ABCD,,False,47
Annexe 2 — Materiel Bio-Medical,Liste Principale,03,CONSOMMABLES ET REACTIFS DE LABORATOIRE,04.02,CONSOMMABLES ET REACTIFS DE DEPISTAGE VIH,"Sachet plastique Ziplock 24,5 cm x 16 cm",---,---,Unité,ABCD,,False,47
Annexe 2 — Materiel Bio-Medical,Liste Principale,03,CONSOMMABLES ET REACTIFS DE LABORATOIRE,04.02,CONSOMMABLES ET REACTIFS DE DEPISTAGE VIH,Sachet poubelle noir 50 l,---,---,Unité,ABCD,,False,47
Annexe 2 — Materiel Bio-Medical,Liste Principale,03,CONSOMMABLES ET REACTIFS DE LABORATOIRE,04.02,CONSOMMABLES ET REACTIFS DE DEPISTAGE VIH,Solution antiseptique pour lavage des mains 1000 ml,---,---,Unité,ABCD,,False,47
Annexe 2 — Materiel Bio-Medical,Liste Principale,03,CONSOMMABLES ET REACTIFS DE LABORATOIRE,04.02,CONSOMMABLES ET REACTIFS DE DEPISTAGE VIH,Test de dépistage rapide de confirmation HIV,---,---,Unité,ABCD,,False,47
Annexe 2 — Materiel Bio-Medical,Liste Principale,03,CONSOMMABLES ET REACTIFS DE LABORATOIRE,04.02,CONSOMMABLES ET REACTIFS DE DEPISTAGE VIH,Test de dépistage rapide discriminant HIV,---,---,Unité,ABCD,,False,47
Annexe 2 — Materiel Bio-Medical,Liste Principale,03,CONSOMMABLES ET REACTIFS DE LABORATOIRE,04.02,CONSOMMABLES ET REACTIFS DE DEPISTAGE VIH,Test de dépistage rapide non discriminant HIV,---,---,Unité,ABCD,,False,47
Annexe 2 — Materiel Bio-Medical,Liste Principale,03,CONSOMMABLES ET REACTIFS DE LABORATOIRE,04.02,CONSOMMABLES ET REACTIFS DE DEPISTAGE VIH,Tube de prélèvement sanguin gris (fluorure oxalate),---,---,Unité,ABCD,,False,47
Annexe 2 — Materiel Bio-Medical,Liste Principale,05,CONSOMMABLES UTILISES EN ANESTHESIE/REANIMATION,,,Aiguile de neurostimulation T100 mm,---,---,Unité,AB,,False,47
Annexe 2 — Materiel Bio-Medical,Liste Principale,05,CONSOMMABLES UTILISES EN ANESTHESIE/REANIMATION,,,Aiguile de neurostimulation T25mm,---,---,Unité,AB,,False,47
Annexe 2 — Materiel Bio-Medical,Liste Principale,05,CONSOMMABLES UTILISES EN ANESTHESIE/REANIMATION,,,Aiguile de neurostimulation T50 mm,---,---,Unité,AB,,False,47
Annexe 2 — Materiel Bio-Medical,Liste Principale,05,CONSOMMABLES UTILISES EN ANESTHESIE/REANIMATION,,,Aiguille guide PL 20G 45mm,---,---,Unité,AB,,False,47
Annexe 2 — Materiel Bio-Medical,Liste Principale,05,CONSOMMABLES UTILISES EN ANESTHESIE/REANIMATION,,,Aiguille rachi anesthesie + introducteur G 25,---,---,Unité,AB,,False,47
Annexe 2 — Materiel Bio-Medical,Liste Principale,05,CONSOMMABLES UTILISES EN ANESTHESIE/REANIMATION,,,Aiguille rachi anesthesie + introducteur G 26,---,---,Unité,AB,,False,47
Annexe 2 — Materiel Bio-Medical,Liste Principale,05,CONSOMMABLES UTILISES EN ANESTHESIE/REANIMATION,,,Aiguille rachi anesthesie + introducteur G 27,---,---,Unité,AB,,False,47
Annexe 2 — Materiel Bio-Medical,Liste Principale,05,CONSOMMABLES UTILISES EN ANESTHESIE/REANIMATION,,,Aiguille a caudale G 20,---,---,Unité,AB,,False,47
Annexe 2 — Materiel Bio-Medical,Liste Principale,05,CONSOMMABLES UTILISES EN ANESTHESIE/REANIMATION,,,Aiguille a caudale G 22,---,---,Unité,AB,,False,47
Annexe 2 — Materiel Bio-Medical,Liste Principale,05,CONSOMMABLES UTILISES EN ANESTHESIE/REANIMATION,,,Aiguille a caudale G 25,---,---,Unité,AB,,False,47
Annexe 2 — Materiel Bio-Medical,Liste Principale,05,CONSOMMABLES UTILISES EN ANESTHESIE/REANIMATION,,,"Ballon d'anesthesie 0,5 litre",---,---,Unité,AB,,False,47
Annexe 2 — Materiel Bio-Medical,Liste Principale,05,CONSOMMABLES UTILISES EN ANESTHESIE/REANIMATION,,,Ballon d'anesthesie 1 litre,---,---,Unité,AB,,False,47
Annexe 2 — Materiel Bio-Medical,Liste Principale,05,CONSOMMABLES UTILISES EN ANESTHESIE/REANIMATION,,,Ballon d'anesthesie 2 litres ( Bavu),---,---,Unité,AB,,False,47
Annexe 2 — Materiel Bio-Medical,Liste Principale,05,CONSOMMABLES UTILISES EN ANESTHESIE/REANIMATION,,,"Ballon d'anesthesie 1,5 litres",---,---,Unité,AB,,False,47
Annexe 2 — Materiel Bio-Medical,Liste Principale,05,CONSOMMABLES UTILISES EN ANESTHESIE/REANIMATION,,,Canule de Guedel 0 UU,---,---,Unité,AB,,False,47
Annexe 2 — Materiel Bio-Medical,Liste Principale,05,CONSOMMABLES UTILISES EN ANESTHESIE/REANIMATION,,,Canule de Guedel 6 UU,---,---,Unité,AB,,False,47
Annexe 2 — Materiel Bio-Medical,Liste Principale,05,CONSOMMABLES UTILISES EN ANESTHESIE/REANIMATION,,,Canule de trachéotomie N°000 support,---,---,Unité,AB,,False,47
Annexe 2 — Materiel Bio-Medical,Liste Principale,05,CONSOMMABLES UTILISES EN ANESTHESIE/REANIMATION,,,Canule de trachéotomie N°00 support,---,---,Unité,AB,,False,47
Annexe 2 — Materiel Bio-Medical,Liste Principale,05,CONSOMMABLES UTILISES EN ANESTHESIE/REANIMATION,,,Canule de trachéotomie N°0 support,---,---,Unité,AB,,False,47
Annexe 2 — Materiel Bio-Medical,Liste Principale,05,CONSOMMABLES UTILISES EN ANESTHESIE/REANIMATION,,,Canule de trachéotomie N°1 support,---,---,Unité,AB,,False,47
Annexe 2 — Materiel Bio-Medical,Liste Principale,05,CONSOMMABLES UTILISES EN ANESTHESIE/REANIMATION,,,Canule de trachéotomie N°2 support,---,---,Unité,AB,,False,47
Annexe 2 — Materiel Bio-Medical,Liste Principale,05,CONSOMMABLES UTILISES EN ANESTHESIE/REANIMATION,,,Canule de trachéotomie N°3 support,---,---,Unité,AB,,False,47
Annexe 2 — Materiel Bio-Medical,Liste Principale,05,CONSOMMABLES UTILISES EN ANESTHESIE/REANIMATION,,,Canule de trachéotomie N°4 support,---,---,Unité,AB,,False,47
Annexe 2 — Materiel Bio-Medical,Liste Principale,05,CONSOMMABLES UTILISES EN ANESTHESIE/REANIMATION,,,Canule de trachéotomie N°6 support,---,---,Unité,AB,,False,47
Annexe 2 — Materiel Bio-Medical,Liste Principale,05,CONSOMMABLES UTILISES EN ANESTHESIE/REANIMATION,,,Canule de Guedel 00 UU,---,---,Unité,AB,,False,47
Annexe 2 — Materiel Bio-Medical,Liste Principale,05,CONSOMMABLES UTILISES EN ANESTHESIE/REANIMATION,,,Canule de Guedel 000 UU,---,---,Unité,AB,,False,47
Annexe 2 — Materiel Bio-Medical,Liste Principale,05,CONSOMMABLES UTILISES EN ANESTHESIE/REANIMATION,,,Canule de Guedel 1 UU,---,---,Unité,AB,,False,47
Annexe 2 — Materiel Bio-Medical,Liste Principale,05,CONSOMMABLES UTILISES EN ANESTHESIE/REANIMATION,,,Canule de Guedel 2 UU,---,---,Unité,AB,,False,47
Annexe 2 — Materiel Bio-Medical,Liste Principale,05,CONSOMMABLES UTILISES EN ANESTHESIE/REANIMATION,,,Canule de Guedel 3 UU,---,---,Unité,AB,,False,47
Annexe 2 — Materiel Bio-Medical,Liste Principale,05,CONSOMMABLES UTILISES EN ANESTHESIE/REANIMATION,,,Canule de Guedel 4 UU,---,---,Unité,AB,,False,47
Annexe 2 — Materiel Bio-Medical,Liste Principale,05,CONSOMMABLES UTILISES EN ANESTHESIE/REANIMATION,,,Canule de Guedel 5 UU,---,---,Unité,AB,,False,47
Annexe 2 — Materiel Bio-Medical,Liste Principale,05,CONSOMMABLES UTILISES EN ANESTHESIE/REANIMATION,,,Canule de trachéotomie N°5 support,---,---,Unité,AB,,False,47
Annexe 2 — Materiel Bio-Medical,Liste Principale,05,CONSOMMABLES UTILISES EN ANESTHESIE/REANIMATION,,,Canule de trachéotomie N°7 support,---,---,Unité,AB,,False,47
Annexe 2 — Materiel Bio-Medical,Liste Principale,05,CONSOMMABLES UTILISES EN ANESTHESIE/REANIMATION,,,Canule de trachéotomie N°8 support,---,---,Unité,AB,,False,47
Annexe 2 — Materiel Bio-Medical,Liste Principale,05,CONSOMMABLES UTILISES EN ANESTHESIE/REANIMATION,,,Cathéter central 14G l30,---,---,Unité,AB,,False,47
Annexe 2 — Materiel Bio-Medical,Liste Principale,05,CONSOMMABLES UTILISES EN ANESTHESIE/REANIMATION,,,Cathéter central 20G l30,---,---,Unité,AB,,False,47
Annexe 2 — Materiel Bio-Medical,Liste Principale,05,CONSOMMABLES UTILISES EN ANESTHESIE/REANIMATION,,,Cathéter central 20G l30 Double lumiere,---,---,Unité,AB,,False,47
Annexe 2 — Materiel Bio-Medical,Liste Principale,05,CONSOMMABLES UTILISES EN ANESTHESIE/REANIMATION,,,Cathéter central 22G l30,---,---,Unité,AB,,False,47
Annexe 2 — Materiel Bio-Medical,Liste Principale,05,CONSOMMABLES UTILISES EN ANESTHESIE/REANIMATION,,,Cathéter central 22G l30 Double lumiere,---,---,Unité,AB,,False,47
Annexe 2 — Materiel Bio-Medical,Liste Principale,05,CONSOMMABLES UTILISES EN ANESTHESIE/REANIMATION,,,Cathéter central triple lumiere G20,---,---,Unité,AB,,False,47
Annexe 2 — Materiel Bio-Medical,Liste Principale,05,CONSOMMABLES UTILISES EN ANESTHESIE/REANIMATION,,,Cathéter central 14G l30 Double lumiere,---,---,Unité,AB,,False,48
Annexe 2 — Materiel Bio-Medical,Liste Principale,05,CONSOMMABLES UTILISES EN ANESTHESIE/REANIMATION,,,Cathéter central 16G l30,---,---,Unité,AB,,False,48
Annexe 2 — Materiel Bio-Medical,Liste Principale,05,CONSOMMABLES UTILISES EN ANESTHESIE/REANIMATION,,,Cathéter central 16G l30 Double lumiere,---,---,Unité,AB,,False,48
Annexe 2 — Materiel Bio-Medical,Liste Principale,05,CONSOMMABLES UTILISES EN ANESTHESIE/REANIMATION,,,Cathéter central 18G l30,---,---,Unité,AB,,False,48
Annexe 2 — Materiel Bio-Medical,Liste Principale,05,CONSOMMABLES UTILISES EN ANESTHESIE/REANIMATION,,,Cathéter central 18G l30 Double lumiere,---,---,Unité,AB,,False,48
Annexe 2 — Materiel Bio-Medical,Liste Principale,05,CONSOMMABLES UTILISES EN ANESTHESIE/REANIMATION,,,Cathéter central 24G l30,---,---,Unité,AB,,False,48
Annexe 2 — Materiel Bio-Medical,Liste Principale,05,CONSOMMABLES UTILISES EN ANESTHESIE/REANIMATION,,,Cathéter central 24G l30 Double lumiere,---,---,Unité,AB,,False,48
Annexe 2 — Materiel Bio-Medical,Liste Principale,05,CONSOMMABLES UTILISES EN ANESTHESIE/REANIMATION,,,Cathéter central triple lumiere G16,---,---,Unité,AB,,False,48
Annexe 2 — Materiel Bio-Medical,Liste Principale,05,CONSOMMABLES UTILISES EN ANESTHESIE/REANIMATION,,,"Cathéter veineux ombilicaux 3,5",---,---,Unité,AB,,False,48
Annexe 2 — Materiel Bio-Medical,Liste Principale,05,CONSOMMABLES UTILISES EN ANESTHESIE/REANIMATION,,,Cathéter veineux ombilicaux 3,---,---,Unité,AB,,False,48
Annexe 2 — Materiel Bio-Medical,Liste Principale,05,CONSOMMABLES UTILISES EN ANESTHESIE/REANIMATION,,,"Cathéter veineux ombilicaux 2,5",---,---,Unité,AB,,False,48
Annexe 2 — Materiel Bio-Medical,Liste Principale,05,CONSOMMABLES UTILISES EN ANESTHESIE/REANIMATION,,,Circuit auxilliaire respiratoire Adulte,---,---,Unité,AB,,False,48
Annexe 2 — Materiel Bio-Medical,Liste Principale,05,CONSOMMABLES UTILISES EN ANESTHESIE/REANIMATION,,,Drain pleural de Joly CH 18,---,---,Unité,AB,,False,48
Annexe 2 — Materiel Bio-Medical,Liste Principale,05,CONSOMMABLES UTILISES EN ANESTHESIE/REANIMATION,,,Drain pleural de Joly CH 12,---,---,Unité,AB,,False,48
Annexe 2 — Materiel Bio-Medical,Liste Principale,05,CONSOMMABLES UTILISES EN ANESTHESIE/REANIMATION,,,Drain pleural de Joly CH 14,---,---,Unité,AB,,False,48
Annexe 2 — Materiel Bio-Medical,Liste Principale,05,CONSOMMABLES UTILISES EN ANESTHESIE/REANIMATION,,,Drain pleural de Joly CH 22,---,---,Unité,AB,,False,48
Annexe 2 — Materiel Bio-Medical,Liste Principale,05,CONSOMMABLES UTILISES EN ANESTHESIE/REANIMATION,,,Drain pleural de Joly CH 24,---,---,Unité,AB,,False,48
Annexe 2 — Materiel Bio-Medical,Liste Principale,05,CONSOMMABLES UTILISES EN ANESTHESIE/REANIMATION,,,Drain pleural de Joly CH 28,---,---,Unité,AB,,False,48
Annexe 2 — Materiel Bio-Medical,Liste Principale,05,CONSOMMABLES UTILISES EN ANESTHESIE/REANIMATION,,,Drain pleural de Joly CH 32,---,---,Unité,AB,,False,48
Annexe 2 — Materiel Bio-Medical,Liste Principale,05,CONSOMMABLES UTILISES EN ANESTHESIE/REANIMATION,,,Drain pleural de Joly NN,---,---,Unité,AB,,False,48
Annexe 2 — Materiel Bio-Medical,Liste Principale,05,CONSOMMABLES UTILISES EN ANESTHESIE/REANIMATION,,,Drain thoracique avec mandrin 7,---,---,Unité,AB,,False,48
Annexe 2 — Materiel Bio-Medical,Liste Principale,05,CONSOMMABLES UTILISES EN ANESTHESIE/REANIMATION,,,Drain thoracique CH 16,---,---,Unité,AB,,False,48
Annexe 2 — Materiel Bio-Medical,Liste Principale,05,CONSOMMABLES UTILISES EN ANESTHESIE/REANIMATION,,,Drain trocart orx CH 8 pleural,---,---,Unité,AB,,False,48
Annexe 2 — Materiel Bio-Medical,Liste Principale,05,CONSOMMABLES UTILISES EN ANESTHESIE/REANIMATION,,,Electrode adute,---,---,Unité,AB,,False,48
Annexe 2 — Materiel Bio-Medical,Liste Principale,05,CONSOMMABLES UTILISES EN ANESTHESIE/REANIMATION,,,Electrode enfant,---,---,Unité,AB,,False,48
Annexe 2 — Materiel Bio-Medical,Liste Principale,05,CONSOMMABLES UTILISES EN ANESTHESIE/REANIMATION,,,Filtre antibacterien enfant,---,---,Unité,AB,,False,48
Annexe 2 — Materiel Bio-Medical,Liste Principale,05,CONSOMMABLES UTILISES EN ANESTHESIE/REANIMATION,,,Filtre antibacterien adulte,---,---,Unité,AB,,False,48
Annexe 2 — Materiel Bio-Medical,Liste Principale,05,CONSOMMABLES UTILISES EN ANESTHESIE/REANIMATION,,,Filtre antibacterien Nouveau né,---,---,Unité,AB,,False,48
Annexe 2 — Materiel Bio-Medical,Liste Principale,05,CONSOMMABLES UTILISES EN ANESTHESIE/REANIMATION,,,Insuflateur manuel Adulte,---,---,Unité,AB,,False,48
Annexe 2 — Materiel Bio-Medical,Liste Principale,05,CONSOMMABLES UTILISES EN ANESTHESIE/REANIMATION,,,Insuflateur manuel Enfant,---,---,Unité,AB,,False,48
Annexe 2 — Materiel Bio-Medical,Liste Principale,05,CONSOMMABLES UTILISES EN ANESTHESIE/REANIMATION,,,Kit péridural,---,---,Unité,AB,,False,48
Annexe 2 — Materiel Bio-Medical,Liste Principale,05,CONSOMMABLES UTILISES EN ANESTHESIE/REANIMATION,,,Lunette chirurgical jetable à usage unique,---,---,Unité,AB,,False,48
Annexe 2 — Materiel Bio-Medical,Liste Principale,05,CONSOMMABLES UTILISES EN ANESTHESIE/REANIMATION,,,Lunette nasal à oxygène adulte,---,---,Unité,ABC,,False,48
Annexe 2 — Materiel Bio-Medical,Liste Principale,05,CONSOMMABLES UTILISES EN ANESTHESIE/REANIMATION,,,Lunette nasal à oxygène nourrisson,---,---,Unité,ABC,,False,48
Annexe 2 — Materiel Bio-Medical,Liste Principale,05,CONSOMMABLES UTILISES EN ANESTHESIE/REANIMATION,,,Mandrin D'eschmann,---,---,Unité,AB,,False,48
Annexe 2 — Materiel Bio-Medical,Liste Principale,05,CONSOMMABLES UTILISES EN ANESTHESIE/REANIMATION,,,Masque à oxygène à haute concentration adulte,---,---,Unité,ABC,,False,48
Annexe 2 — Materiel Bio-Medical,Liste Principale,05,CONSOMMABLES UTILISES EN ANESTHESIE/REANIMATION,,,Masque à oxygène à haute concentration pediatrique,---,---,Unité,ABC,,False,48
Annexe 2 — Materiel Bio-Medical,Liste Principale,05,CONSOMMABLES UTILISES EN ANESTHESIE/REANIMATION,,,Masque à oxygène avec tube,---,---,Unité,ABC,,False,48
Annexe 2 — Materiel Bio-Medical,Liste Principale,05,CONSOMMABLES UTILISES EN ANESTHESIE/REANIMATION,,,Masque à oxygène pédiatrique GM,---,---,Unité,ABC,,False,48
Annexe 2 — Materiel Bio-Medical,Liste Principale,05,CONSOMMABLES UTILISES EN ANESTHESIE/REANIMATION,,,Masque à oxygène pédiatrique MM,---,---,Unité,ABC,,False,48
Annexe 2 — Materiel Bio-Medical,Liste Principale,05,CONSOMMABLES UTILISES EN ANESTHESIE/REANIMATION,,,Masque à oxygène pédiatrique PM,---,---,Unité,ABC,,False,48
Annexe 2 — Materiel Bio-Medical,Liste Principale,05,CONSOMMABLES UTILISES EN ANESTHESIE/REANIMATION,,,Perfuseur avec regulateur de debit,---,---,Unité,ABC,,False,48
Annexe 2 — Materiel Bio-Medical,Liste Principale,05,CONSOMMABLES UTILISES EN ANESTHESIE/REANIMATION,,,Prolongateur 1 voie,---,---,Unité,AB,,False,48
Annexe 2 — Materiel Bio-Medical,Liste Principale,05,CONSOMMABLES UTILISES EN ANESTHESIE/REANIMATION,,,Prolongateur 2 voies,---,---,Unité,AB,,False,48
Annexe 2 — Materiel Bio-Medical,Liste Principale,05,CONSOMMABLES UTILISES EN ANESTHESIE/REANIMATION,,,Prolongateur 3 voies,---,---,Unité,AB,,False,48
Annexe 2 — Materiel Bio-Medical,Liste Principale,05,CONSOMMABLES UTILISES EN ANESTHESIE/REANIMATION,,,Prolongateur avec robinet LG 25cm,---,---,Unité,ABC,,False,48
Annexe 2 — Materiel Bio-Medical,Liste Principale,05,CONSOMMABLES UTILISES EN ANESTHESIE/REANIMATION,,,Prolongateur avec robinet LG 80cm,---,---,Unité,AB,,False,48
Annexe 2 — Materiel Bio-Medical,Liste Principale,05,CONSOMMABLES UTILISES EN ANESTHESIE/REANIMATION,,,Robinet à 3 voies,---,---,Unité,AB,,False,48
Annexe 2 — Materiel Bio-Medical,Liste Principale,05,CONSOMMABLES UTILISES EN ANESTHESIE/REANIMATION,,,Robinet 3 vois,---,---,Unité,AB,,False,48
Annexe 2 — Materiel Bio-Medical,Liste Principale,05,CONSOMMABLES UTILISES EN ANESTHESIE/REANIMATION,,,Robinet à 5 voies,---,---,Unité,AB,,False,48
Annexe 2 — Materiel Bio-Medical,Liste Principale,05,CONSOMMABLES UTILISES EN ANESTHESIE/REANIMATION,,,Serre-nuque adulte,---,---,Unité,AB,,False,48
Annexe 2 — Materiel Bio-Medical,Liste Principale,05,CONSOMMABLES UTILISES EN ANESTHESIE/REANIMATION,,,Set de perfusion intra-osseuse,---,---,Unité,AB,,False,48
Annexe 2 — Materiel Bio-Medical,Liste Principale,05,CONSOMMABLES UTILISES EN ANESTHESIE/REANIMATION,,,Sonde à oxygène non stérile CH 10,---,---,Unité,ABC,,False,48
Annexe 2 — Materiel Bio-Medical,Liste Principale,05,CONSOMMABLES UTILISES EN ANESTHESIE/REANIMATION,,,Sonde à oxygène non stérile CH 14,---,---,Unité,ABC,,False,48
Annexe 2 — Materiel Bio-Medical,Liste Principale,05,CONSOMMABLES UTILISES EN ANESTHESIE/REANIMATION,,,Sonde à oxygène non stérile CH 16,---,---,Unité,ABC,,False,49
Annexe 2 — Materiel Bio-Medical,Liste Principale,05,CONSOMMABLES UTILISES EN ANESTHESIE/REANIMATION,,,Sonde à oxygène non stérile CH 18,---,---,Unité,ABC,,False,49
Annexe 2 — Materiel Bio-Medical,Liste Principale,05,CONSOMMABLES UTILISES EN ANESTHESIE/REANIMATION,,,Sonde à oxygène non stérile CH 20,---,---,Unité,ABC,,False,49
Annexe 2 — Materiel Bio-Medical,Liste Principale,05,CONSOMMABLES UTILISES EN ANESTHESIE/REANIMATION,,,Sonde à oxygène stérile CH 12,---,---,Unité,ABC,,False,49
Annexe 2 — Materiel Bio-Medical,Liste Principale,05,CONSOMMABLES UTILISES EN ANESTHESIE/REANIMATION,,,Sonde à oxygène stérile CH 16,---,---,Unité,ABC,,False,49
Annexe 2 — Materiel Bio-Medical,Liste Principale,05,CONSOMMABLES UTILISES EN ANESTHESIE/REANIMATION,,,Sonde à oxygène stérile CH 8,---,---,Unité,ABC,,False,49
Annexe 2 — Materiel Bio-Medical,Liste Principale,05,CONSOMMABLES UTILISES EN ANESTHESIE/REANIMATION,,,Sonde pour aspiration trachéale CH 10 30cm,---,---,Unité,ABC,,False,49
Annexe 2 — Materiel Bio-Medical,Liste Principale,05,CONSOMMABLES UTILISES EN ANESTHESIE/REANIMATION,,,Sonde pour aspiration trachéale CH 12 30cm,---,---,Unité,ABC,,False,49
Annexe 2 — Materiel Bio-Medical,Liste Principale,05,CONSOMMABLES UTILISES EN ANESTHESIE/REANIMATION,,,Sonde pour aspiration trachéale CH 12 50cm,---,---,Unité,ABC,,False,49
Annexe 2 — Materiel Bio-Medical,Liste Principale,05,CONSOMMABLES UTILISES EN ANESTHESIE/REANIMATION,,,Sonde pour aspiration trachéale CH 12 65cm,---,---,Unité,ABC,,False,49
Annexe 2 — Materiel Bio-Medical,Liste Principale,05,CONSOMMABLES UTILISES EN ANESTHESIE/REANIMATION,,,Sonde pour aspiration trachéale CH 14 30cm,---,---,Unité,ABC,,False,49
Annexe 2 — Materiel Bio-Medical,Liste Principale,05,CONSOMMABLES UTILISES EN ANESTHESIE/REANIMATION,,,Sonde pour aspiration trachéale CH 14 50cm,---,---,Unité,ABC,,False,49
Annexe 2 — Materiel Bio-Medical,Liste Principale,05,CONSOMMABLES UTILISES EN ANESTHESIE/REANIMATION,,,Sonde pour aspiration trachéale CH 14 65cm,---,---,Unité,ABC,,False,49
Annexe 2 — Materiel Bio-Medical,Liste Principale,05,CONSOMMABLES UTILISES EN ANESTHESIE/REANIMATION,,,Sonde pour aspiration trachéale CH 16 30cm,---,---,Unité,ABC,,False,49
Annexe 2 — Materiel Bio-Medical,Liste Principale,05,CONSOMMABLES UTILISES EN ANESTHESIE/REANIMATION,,,Sonde pour aspiration trachéale CH 16 50cm,---,---,Unité,AB,,False,49
Annexe 2 — Materiel Bio-Medical,Liste Principale,05,CONSOMMABLES UTILISES EN ANESTHESIE/REANIMATION,,,Sonde pour aspiration trachéale CH 16 65cm,---,---,Unité,AB,,False,49
Annexe 2 — Materiel Bio-Medical,Liste Principale,05,CONSOMMABLES UTILISES EN ANESTHESIE/REANIMATION,,,Sonde pour aspiration trachéale CH 18 30cm,---,---,Unité,AB,,False,49
Annexe 2 — Materiel Bio-Medical,Liste Principale,05,CONSOMMABLES UTILISES EN ANESTHESIE/REANIMATION,,,Sonde pour aspiration trachéale CH 18 50cm,---,---,Unité,AB,,False,49
Annexe 2 — Materiel Bio-Medical,Liste Principale,05,CONSOMMABLES UTILISES EN ANESTHESIE/REANIMATION,,,Sonde pour aspiration trachéale CH 18 65cm,---,---,Unité,ABC,,False,49
Annexe 2 — Materiel Bio-Medical,Liste Principale,05,CONSOMMABLES UTILISES EN ANESTHESIE/REANIMATION,,,Sonde pour aspiration trachéale CH 20 30cm,---,---,Unité,ABC,,False,49
Annexe 2 — Materiel Bio-Medical,Liste Principale,05,CONSOMMABLES UTILISES EN ANESTHESIE/REANIMATION,,,Sonde pour aspiration trachéale CH 20 65cm,---,---,Unité,ABC,,False,49
Annexe 2 — Materiel Bio-Medical,Liste Principale,05,CONSOMMABLES UTILISES EN ANESTHESIE/REANIMATION,,,Sonde pour aspiration trachéale CH 21 65cm,---,---,Unité,ABC,,False,49
Annexe 2 — Materiel Bio-Medical,Liste Principale,05,CONSOMMABLES UTILISES EN ANESTHESIE/REANIMATION,,,Sonde pour aspiration trachéale CH 26 65cm,---,---,Unité,ABC,,False,49
Annexe 2 — Materiel Bio-Medical,Liste Principale,05,CONSOMMABLES UTILISES EN ANESTHESIE/REANIMATION,,,Sonde pour aspiration trachéale CH 27 65cm,---,---,Unité,ABC,,False,49
Annexe 2 — Materiel Bio-Medical,Liste Principale,05,CONSOMMABLES UTILISES EN ANESTHESIE/REANIMATION,,,Sonde pour aspiration trachéale CH 30 65cm,---,---,Unité,ABC,,False,49
Annexe 2 — Materiel Bio-Medical,Liste Principale,05,CONSOMMABLES UTILISES EN ANESTHESIE/REANIMATION,,,Sonde pour aspiration trachéale CH 32 65cm,---,---,Unité,ABC,,False,49
Annexe 2 — Materiel Bio-Medical,Liste Principale,05,CONSOMMABLES UTILISES EN ANESTHESIE/REANIMATION,,,Sonde pour aspiration trachéale CH 6 30cm,---,---,Unité,ABC,,False,49
Annexe 2 — Materiel Bio-Medical,Liste Principale,05,CONSOMMABLES UTILISES EN ANESTHESIE/REANIMATION,,,Sonde pour aspiration trachéale CH 6 50cm,---,---,Unité,ABC,,False,49
Annexe 2 — Materiel Bio-Medical,Liste Principale,05,CONSOMMABLES UTILISES EN ANESTHESIE/REANIMATION,,,Sonde pour aspiration trachéale CH 6 65cm,---,---,Unité,ABC,,False,49
Annexe 2 — Materiel Bio-Medical,Liste Principale,05,CONSOMMABLES UTILISES EN ANESTHESIE/REANIMATION,,,Sonde pour aspiration trachéale CH 8 30cm,---,---,Unité,ABC,,False,49
Annexe 2 — Materiel Bio-Medical,Liste Principale,05,CONSOMMABLES UTILISES EN ANESTHESIE/REANIMATION,,,Sonde pour aspiration trachéale CH 8 40cm,---,---,Unité,ABC,,False,49
Annexe 2 — Materiel Bio-Medical,Liste Principale,05,CONSOMMABLES UTILISES EN ANESTHESIE/REANIMATION,,,Sonde pour aspiration trachéale CH 8 50cm,---,---,Unité,ABC,,False,49
Annexe 2 — Materiel Bio-Medical,Liste Principale,05,CONSOMMABLES UTILISES EN ANESTHESIE/REANIMATION,,,Sonde pour aspiration trachéale CH 8 65cm,---,---,Unité,ABC,,False,49
Annexe 2 — Materiel Bio-Medical,Liste Principale,05,CONSOMMABLES UTILISES EN ANESTHESIE/REANIMATION,,,Tube de faucher CH 18,---,---,Unité,AB,,False,49
Annexe 2 — Materiel Bio-Medical,Liste Principale,05,CONSOMMABLES UTILISES EN ANESTHESIE/REANIMATION,,,Tube de faucher CH 20,---,---,Unité,AB,,False,49
Annexe 2 — Materiel Bio-Medical,Liste Principale,05,CONSOMMABLES UTILISES EN ANESTHESIE/REANIMATION,,,Tube de faucher CH 22,---,---,Unité,AB,,False,49
Annexe 2 — Materiel Bio-Medical,Liste Principale,05,CONSOMMABLES UTILISES EN ANESTHESIE/REANIMATION,,,Tube de faucher CH 24,---,---,Unité,AB,,False,49
Annexe 2 — Materiel Bio-Medical,Liste Principale,05,CONSOMMABLES UTILISES EN ANESTHESIE/REANIMATION,,,Tube de faucher CH 26,---,---,Unité,AB,,False,49
Annexe 2 — Materiel Bio-Medical,Liste Principale,05,CONSOMMABLES UTILISES EN ANESTHESIE/REANIMATION,,,Tube de faucher CH 34,---,---,Unité,AB,,False,49
Annexe 2 — Materiel Bio-Medical,Liste Principale,05,CONSOMMABLES UTILISES EN ANESTHESIE/REANIMATION,,,Valve DE ruben,---,---,Unité,AB,,False,49
Annexe 2 — Materiel Bio-Medical,Liste Principale,05,CONSOMMABLES UTILISES EN ANESTHESIE/REANIMATION,,,Valve DE Digby-Leigh,---,---,Unité,AB,,False,49
Annexe 2 — Materiel Bio-Medical,Liste Principale,06,OBJETS DE PANSEMENT,,,"Bande adhésive élastique 2,5m/20cm",---,---,Rouleau,ABCD,,False,49
Annexe 2 — Materiel Bio-Medical,Liste Principale,06,OBJETS DE PANSEMENT,,,"Bande adhésive élastique 2,5m/8cm",---,---,Rouleau,ABCD,,False,49
Annexe 2 — Materiel Bio-Medical,Liste Principale,06,OBJETS DE PANSEMENT,,,"Bande adhésive hypoallergénique 2,5m/20cm",---,---,Rouleau,ABCDE,,False,49
Annexe 2 — Materiel Bio-Medical,Liste Principale,06,OBJETS DE PANSEMENT,,,"Bande adhésive hypoallergénique 2,5m/8cm",---,---,Rouleau,ABCDE,,False,49
Annexe 2 — Materiel Bio-Medical,Liste Principale,06,OBJETS DE PANSEMENT,,,"Bande adhésive hypoallergénique micropore 25mm/9,1m",---,---,Rouleau,ABCDE,,False,49
Annexe 2 — Materiel Bio-Medical,Liste Principale,06,OBJETS DE PANSEMENT,,,Bande adhésive non perforée 5m/5cm,---,---,Rouleau,ABCDE,,False,49
Annexe 2 — Materiel Bio-Medical,Liste Principale,06,OBJETS DE PANSEMENT,,,Bande adhésive perforée 5m/18cm,---,---,Rouleau,ABCDE,,False,49
Annexe 2 — Materiel Bio-Medical,Liste Principale,06,OBJETS DE PANSEMENT,,,Bande adhésive perforée hypoallergénique 5/10cm,---,---,Rouleau,ABCDE,,False,49
Annexe 2 — Materiel Bio-Medical,Liste Principale,06,OBJETS DE PANSEMENT,,,Bande de crêpe 4m/15cm,---,---,Bande,ABCDE,,False,49
Annexe 2 — Materiel Bio-Medical,Liste Principale,06,OBJETS DE PANSEMENT,,,Bande de crêpe 4m/20cm,---,---,Rouleau,ABCDE,,False,49
Annexe 2 — Materiel Bio-Medical,Liste Principale,06,OBJETS DE PANSEMENT,,,Bande de crêpe 4m/5cm,---,---,Bande,ABCDE,,False,49
Annexe 2 — Materiel Bio-Medical,Liste Principale,06,OBJETS DE PANSEMENT,,,Bande de crêpe 4m/8cm,---,---,Rouleau,ABCDE,,False,49
Annexe 2 — Materiel Bio-Medical,Liste Principale,06,OBJETS DE PANSEMENT,,,Bande de gaze 5m/10cm,---,---,Bande,ABCDE,,False,50
Annexe 2 — Materiel Bio-Medical,Liste Principale,06,OBJETS DE PANSEMENT,,,Bande de gaze 5m/5cm,---,---,Rouleau,ABCDE,,False,50
Annexe 2 — Materiel Bio-Medical,Liste Principale,06,OBJETS DE PANSEMENT,,,"Bande de gaze 7,5m/10cm",---,---,Bande,ABCDE,,False,50
Annexe 2 — Materiel Bio-Medical,Liste Principale,06,OBJETS DE PANSEMENT,,,Bande platrée 3m/10cm,---,---,Bande,ABC,,False,50
Annexe 2 — Materiel Bio-Medical,Liste Principale,06,OBJETS DE PANSEMENT,,,Bande platrée 3m/15cm,---,---,Bande,ABC,,False,50
Annexe 2 — Materiel Bio-Medical,Liste Principale,06,OBJETS DE PANSEMENT,,,Bande platrée 3m/20cm,---,---,Bande,ABC,,False,50
Annexe 2 — Materiel Bio-Medical,Liste Principale,06,OBJETS DE PANSEMENT,,,Bande platrée 3m/8cm,---,---,Bande,ABC,,False,50
Annexe 2 — Materiel Bio-Medical,Liste Principale,06,OBJETS DE PANSEMENT,,,Cire à os,---,---,Unité,AB,,False,50
Annexe 2 — Materiel Bio-Medical,Liste Principale,06,OBJETS DE PANSEMENT,,,Colle biologique,---,---,Unité,A,,False,50
Annexe 2 — Materiel Bio-Medical,Liste Principale,06,OBJETS DE PANSEMENT,,,Compresse absorbante stérile avec Alginate de Calcium,---,---,Compresse,ABC,,False,50
Annexe 2 — Materiel Bio-Medical,Liste Principale,06,OBJETS DE PANSEMENT,,,Compresse + corticoide,---,---,Compresse,ABC,,False,50
Annexe 2 — Materiel Bio-Medical,Liste Principale,06,OBJETS DE PANSEMENT,,,Compresse néomycine polymixine,---,---,Compresse,ABC,,False,50
Annexe 2 — Materiel Bio-Medical,Liste Principale,06,OBJETS DE PANSEMENT,,,Compresse non stérile 20/20cm,---,---,Compresse,ABCDE,,False,50
Annexe 2 — Materiel Bio-Medical,Liste Principale,06,OBJETS DE PANSEMENT,,,Compresse non stérile 30/30,---,---,Compresse,ABCDE,,False,50
Annexe 2 — Materiel Bio-Medical,Liste Principale,06,OBJETS DE PANSEMENT,,,Compresse non stérile 40/40cm,---,---,Compresse,ABCDE,,False,50
Annexe 2 — Materiel Bio-Medical,Liste Principale,06,OBJETS DE PANSEMENT,,,Compresse stérile 10/10,---,---,Compresse,ABCD,,False,50
Annexe 2 — Materiel Bio-Medical,Liste Principale,06,OBJETS DE PANSEMENT,,,Compresse stérile 20/20,---,---,Compresse,ABCD,,False,50
Annexe 2 — Materiel Bio-Medical,Liste Principale,06,OBJETS DE PANSEMENT,,,Compresse stérile 30/30,---,---,Compresse,ABCD,,False,50
Annexe 2 — Materiel Bio-Medical,Liste Principale,06,OBJETS DE PANSEMENT,,,Compresse stérile 40/40,---,---,Compresse,ABCD,,False,50
Annexe 2 — Materiel Bio-Medical,Liste Principale,06,OBJETS DE PANSEMENT,,,Compresse stérile 5/5,---,---,Compresse,ABCD,,False,50
Annexe 2 — Materiel Bio-Medical,Liste Principale,06,OBJETS DE PANSEMENT,,,Compresse stérile 7.5/7.5,---,---,Compresse,ABCD,,False,50
Annexe 2 — Materiel Bio-Medical,Liste Principale,06,OBJETS DE PANSEMENT,,,Compresse stérile non tissé 10x10,---,---,Compresse,ABCD,,False,50
Annexe 2 — Materiel Bio-Medical,Liste Principale,06,OBJETS DE PANSEMENT,,,Compresse stérile non tissé 20x20,---,---,Compresse,ABCD,,False,50
Annexe 2 — Materiel Bio-Medical,Liste Principale,06,OBJETS DE PANSEMENT,,,Compresse stérile non tissé 30x30,---,---,Compresse,ABCD,,False,50
Annexe 2 — Materiel Bio-Medical,Liste Principale,06,OBJETS DE PANSEMENT,,,Coton cardé,---,---,Unité,ABCD,,False,50
Annexe 2 — Materiel Bio-Medical,Liste Principale,06,OBJETS DE PANSEMENT,,,Coton hydrophile 100 g,---,---,Unité,ABCDE,,False,50
Annexe 2 — Materiel Bio-Medical,Liste Principale,06,OBJETS DE PANSEMENT,,,Coton hydrophile 1 Kg,---,---,Unité,ABCDE,,False,50
Annexe 2 — Materiel Bio-Medical,Liste Principale,06,OBJETS DE PANSEMENT,,,Coton hydrophile 500 g,---,---,Unité,ABCDE,,False,50
Annexe 2 — Materiel Bio-Medical,Liste Principale,06,OBJETS DE PANSEMENT,,,Cotonoide CODMAN 80/1454,---,---,Unité,A,,False,50
Annexe 2 — Materiel Bio-Medical,Liste Principale,06,OBJETS DE PANSEMENT,,,Cotonoide CODMAN 80/1455,---,---,Unité,A,,False,50
Annexe 2 — Materiel Bio-Medical,Liste Principale,06,OBJETS DE PANSEMENT,,,Cotonoide CODMAN 80/1456,---,---,Unité,A,,False,50
Annexe 2 — Materiel Bio-Medical,Liste Principale,06,OBJETS DE PANSEMENT,,,Cotonoide CODMAN 80/1457,---,---,Unité,A,,False,50
Annexe 2 — Materiel Bio-Medical,Liste Principale,06,OBJETS DE PANSEMENT,,,Drain VENTICULO PERITONEAL basse pression,---,---,Unité,A,,False,50
Annexe 2 — Materiel Bio-Medical,Liste Principale,06,OBJETS DE PANSEMENT,,,Drain VENTICULO PERITONEAL moyenne pression,---,---,Unité,A,,False,50
Annexe 2 — Materiel Bio-Medical,Liste Principale,06,OBJETS DE PANSEMENT,,,Drain VENTICULO PERITONEAL haute pression,---,---,Unité,A,,False,50
Annexe 2 — Materiel Bio-Medical,Liste Principale,06,OBJETS DE PANSEMENT,,,Jersey tubulaire 25m/10cm,---,---,Rouleau,ABCD,,False,50
Annexe 2 — Materiel Bio-Medical,Liste Principale,06,OBJETS DE PANSEMENT,,,Jersey tubulaire 25m/15cm,---,---,Rouleau,ABCD,,False,50
Annexe 2 — Materiel Bio-Medical,Liste Principale,06,OBJETS DE PANSEMENT,,,Jersey tubulaire 25m/20cm,---,---,Rouleau,ABCD,,False,50
Annexe 2 — Materiel Bio-Medical,Liste Principale,06,OBJETS DE PANSEMENT,,,Jersey tubulaire 25m/5cm,---,---,Rouleau,ABCD,,False,50
Annexe 2 — Materiel Bio-Medical,Liste Principale,06,OBJETS DE PANSEMENT,,,Jersey tubulaire 25m/7cm,---,---,Rouleau,ABCD,,False,50
Annexe 2 — Materiel Bio-Medical,Liste Principale,06,OBJETS DE PANSEMENT,,,Pansement prêt à l'emploi imprégné ou non d'antiseptique,---,---,Unité,ABCDE,,False,50
Annexe 2 — Materiel Bio-Medical,Liste Principale,06,OBJETS DE PANSEMENT,,,"Pièce de gaze 100 m/0,65m",---,---,Rouleau,ABCD,,False,50
Annexe 2 — Materiel Bio-Medical,Liste Principale,06,OBJETS DE PANSEMENT,,,Surgel,,,Unité,AB,,False,50
Annexe 2 — Materiel Bio-Medical,Liste Principale,06,OBJETS DE PANSEMENT,,,Tulle gras 10/10 tulles,---,---,Unité,ABCD,,False,50
Annexe 2 — Materiel Bio-Medical,Liste Principale,06,OBJETS DE PANSEMENT,,,Tulle gras 20/20 tulles,---,---,Unité,ABCD,,False,50
Annexe 2 — Materiel Bio-Medical,Liste Principale,06,OBJETS DE PANSEMENT,,,Tulle gras 40/40,---,---,Unité,ABCD,,False,50
Annexe 2 — Materiel Bio-Medical,Liste Principale,06,"OBJETS DE PANSEMENT CONSOMMABLES UTILISES EN CHIRURGIE GENERALE, EN TRAUMATOLOGIE ET EN ORTHOPEDIE",,,Aiguille de redon CH 12 courbe,---,---,Unité,AB,,False,50
Annexe 2 — Materiel Bio-Medical,Liste Principale,06,"OBJETS DE PANSEMENT CONSOMMABLES UTILISES EN CHIRURGIE GENERALE, EN TRAUMATOLOGIE ET EN ORTHOPEDIE",,,Aiguille de redon CH 9 courbe,---,---,Unité,AB,,False,50
Annexe 2 — Materiel Bio-Medical,Liste Principale,06,"OBJETS DE PANSEMENT CONSOMMABLES UTILISES EN CHIRURGIE GENERALE, EN TRAUMATOLOGIE ET EN ORTHOPEDIE",,,Alésoirs flexibles diamètre 7-16,---,---,Unité,AB,,False,50
Annexe 2 — Materiel Bio-Medical,Liste Principale,06,"OBJETS DE PANSEMENT CONSOMMABLES UTILISES EN CHIRURGIE GENERALE, EN TRAUMATOLOGIE ET EN ORTHOPEDIE",,,Appareil de redon complet UU 500 ml,---,---,Unité,AB,,False,50
Annexe 2 — Materiel Bio-Medical,Liste Principale,06,"OBJETS DE PANSEMENT CONSOMMABLES UTILISES EN CHIRURGIE GENERALE, EN TRAUMATOLOGIE ET EN ORTHOPEDIE",,,Arrache clou (KUNSTCHER),---,---,Unité,AB,,False,50
Annexe 2 — Materiel Bio-Medical,Liste Principale,06,"OBJETS DE PANSEMENT CONSOMMABLES UTILISES EN CHIRURGIE GENERALE, EN TRAUMATOLOGIE ET EN ORTHOPEDIE",,,Attèle de BOPPE,---,---,Unité,AB,,False,50
Annexe 2 — Materiel Bio-Medical,Liste Principale,06,"OBJETS DE PANSEMENT CONSOMMABLES UTILISES EN CHIRURGIE GENERALE, EN TRAUMATOLOGIE ET EN ORTHOPEDIE",,,"Attèle rigide d'immobilisation de ZIMMER (genou, poignet, jambe et cuisse)",---,---,Unité,AB,,False,50
Annexe 2 — Materiel Bio-Medical,Liste Principale,06,"OBJETS DE PANSEMENT CONSOMMABLES UTILISES EN CHIRURGIE GENERALE, EN TRAUMATOLOGIE ET EN ORTHOPEDIE CONSOMMABLES UTILISES EN CHIRURGIE GENERALE, EN TRAUMATOLOGIE ET EN ORTHOPEDIE",,,Bande de coton synthétique SOFT BAN ou bande de OUATE orthopédique 10 cm,---,---,Unité,AB,,False,51
Annexe 2 — Materiel Bio-Medical,Liste Principale,06,"OBJETS DE PANSEMENT CONSOMMABLES UTILISES EN CHIRURGIE GENERALE, EN TRAUMATOLOGIE ET EN ORTHOPEDIE CONSOMMABLES UTILISES EN CHIRURGIE GENERALE, EN TRAUMATOLOGIE ET EN ORTHOPEDIE",,,Bande de coton synthétique SOFT BAN ou bande de OUATE orthopédique 15 cm,---,---,Unité,AB,,False,51
Annexe 2 — Materiel Bio-Medical,Liste Principale,06,"OBJETS DE PANSEMENT CONSOMMABLES UTILISES EN CHIRURGIE GENERALE, EN TRAUMATOLOGIE ET EN ORTHOPEDIE CONSOMMABLES UTILISES EN CHIRURGIE GENERALE, EN TRAUMATOLOGIE ET EN ORTHOPEDIE",,,Bande de coton synthétique SOFT BAN ou bande de OUATE orthopédique 5 cm,---,---,Unité,AB,,False,51
Annexe 2 — Materiel Bio-Medical,Liste Principale,06,"OBJETS DE PANSEMENT CONSOMMABLES UTILISES EN CHIRURGIE GENERALE, EN TRAUMATOLOGIE ET EN ORTHOPEDIE CONSOMMABLES UTILISES EN CHIRURGIE GENERALE, EN TRAUMATOLOGIE ET EN ORTHOPEDIE",,,Bande D'ESMARCH 12cm,---,---,Unité,AB,,False,51
Annexe 2 — Materiel Bio-Medical,Liste Principale,06,"OBJETS DE PANSEMENT CONSOMMABLES UTILISES EN CHIRURGIE GENERALE, EN TRAUMATOLOGIE ET EN ORTHOPEDIE CONSOMMABLES UTILISES EN CHIRURGIE GENERALE, EN TRAUMATOLOGIE ET EN ORTHOPEDIE",,,Bande D'ESMARCH 10 cm,---,---,Unité,AB,,False,51
Annexe 2 — Materiel Bio-Medical,Liste Principale,06,"OBJETS DE PANSEMENT CONSOMMABLES UTILISES EN CHIRURGIE GENERALE, EN TRAUMATOLOGIE ET EN ORTHOPEDIE CONSOMMABLES UTILISES EN CHIRURGIE GENERALE, EN TRAUMATOLOGIE ET EN ORTHOPEDIE",,,Bande D'ESMARCH 7cm,---,---,Unité,AB,,False,51
Annexe 2 — Materiel Bio-Medical,Liste Principale,06,"OBJETS DE PANSEMENT CONSOMMABLES UTILISES EN CHIRURGIE GENERALE, EN TRAUMATOLOGIE ET EN ORTHOPEDIE CONSOMMABLES UTILISES EN CHIRURGIE GENERALE, EN TRAUMATOLOGIE ET EN ORTHOPEDIE",,,Broche de KIRSCHNER,---,---,Unité,AB,,False,51
Annexe 2 — Materiel Bio-Medical,Liste Principale,06,"OBJETS DE PANSEMENT CONSOMMABLES UTILISES EN CHIRURGIE GENERALE, EN TRAUMATOLOGIE ET EN ORTHOPEDIE CONSOMMABLES UTILISES EN CHIRURGIE GENERALE, EN TRAUMATOLOGIE ET EN ORTHOPEDIE",,,Casaque chirurgicale à usage unique M-XXL,---,---,Unité,AB,,False,51
Annexe 2 — Materiel Bio-Medical,Liste Principale,06,"OBJETS DE PANSEMENT CONSOMMABLES UTILISES EN CHIRURGIE GENERALE, EN TRAUMATOLOGIE ET EN ORTHOPEDIE CONSOMMABLES UTILISES EN CHIRURGIE GENERALE, EN TRAUMATOLOGIE ET EN ORTHOPEDIE",,,Casaque chirurgicale jetable renforcée XL,---,---,Unité,AB,,False,51
Annexe 2 — Materiel Bio-Medical,Liste Principale,06,"OBJETS DE PANSEMENT CONSOMMABLES UTILISES EN CHIRURGIE GENERALE, EN TRAUMATOLOGIE ET EN ORTHOPEDIE CONSOMMABLES UTILISES EN CHIRURGIE GENERALE, EN TRAUMATOLOGIE ET EN ORTHOPEDIE",,,Casaque chirurgicale standard XL HARTMAN,---,---,Unité,AB,,False,51
Annexe 2 — Materiel Bio-Medical,Liste Principale,06,"OBJETS DE PANSEMENT CONSOMMABLES UTILISES EN CHIRURGIE GENERALE, EN TRAUMATOLOGIE ET EN ORTHOPEDIE CONSOMMABLES UTILISES EN CHIRURGIE GENERALE, EN TRAUMATOLOGIE ET EN ORTHOPEDIE",,,Champ de soins stérile,---,---,Unité,AB,,False,51
Annexe 2 — Materiel Bio-Medical,Liste Principale,06,"OBJETS DE PANSEMENT CONSOMMABLES UTILISES EN CHIRURGIE GENERALE, EN TRAUMATOLOGIE ET EN ORTHOPEDIE CONSOMMABLES UTILISES EN CHIRURGIE GENERALE, EN TRAUMATOLOGIE ET EN ORTHOPEDIE",,,Champ opératoire stérile en tissu non tissu TNT hydrofuge jetable,---,---,Unité,AB,,False,51
Annexe 2 — Materiel Bio-Medical,Liste Principale,06,"OBJETS DE PANSEMENT CONSOMMABLES UTILISES EN CHIRURGIE GENERALE, EN TRAUMATOLOGIE ET EN ORTHOPEDIE CONSOMMABLES UTILISES EN CHIRURGIE GENERALE, EN TRAUMATOLOGIE ET EN ORTHOPEDIE",,,Chasse clou (KUNSTCHER),---,---,Unité,AB,,False,51
Annexe 2 — Materiel Bio-Medical,Liste Principale,06,"OBJETS DE PANSEMENT CONSOMMABLES UTILISES EN CHIRURGIE GENERALE, EN TRAUMATOLOGIE ET EN ORTHOPEDIE CONSOMMABLES UTILISES EN CHIRURGIE GENERALE, EN TRAUMATOLOGIE ET EN ORTHOPEDIE",,,Ciseaux à pansement Spatule,---,---,Unité,ABCD,,False,51
Annexe 2 — Materiel Bio-Medical,Liste Principale,06,"OBJETS DE PANSEMENT CONSOMMABLES UTILISES EN CHIRURGIE GENERALE, EN TRAUMATOLOGIE ET EN ORTHOPEDIE CONSOMMABLES UTILISES EN CHIRURGIE GENERALE, EN TRAUMATOLOGIE ET EN ORTHOPEDIE",,,Ciseaux Bengoléa courbe,---,---,Unité,ABCD,,False,51
Annexe 2 — Materiel Bio-Medical,Liste Principale,06,"OBJETS DE PANSEMENT CONSOMMABLES UTILISES EN CHIRURGIE GENERALE, EN TRAUMATOLOGIE ET EN ORTHOPEDIE CONSOMMABLES UTILISES EN CHIRURGIE GENERALE, EN TRAUMATOLOGIE ET EN ORTHOPEDIE",,,Ciseaux Bengoléa droit,---,---,Unité,ABCD,,False,51
Annexe 2 — Materiel Bio-Medical,Liste Principale,06,"OBJETS DE PANSEMENT CONSOMMABLES UTILISES EN CHIRURGIE GENERALE, EN TRAUMATOLOGIE ET EN ORTHOPEDIE CONSOMMABLES UTILISES EN CHIRURGIE GENERALE, EN TRAUMATOLOGIE ET EN ORTHOPEDIE",,,Ciseaux courbes plats mousses,---,---,Unité,ABCD,,False,51
Annexe 2 — Materiel Bio-Medical,Liste Principale,06,"OBJETS DE PANSEMENT CONSOMMABLES UTILISES EN CHIRURGIE GENERALE, EN TRAUMATOLOGIE ET EN ORTHOPEDIE CONSOMMABLES UTILISES EN CHIRURGIE GENERALE, EN TRAUMATOLOGIE ET EN ORTHOPEDIE",,,Ciseaux dauphin droits,---,---,Unité,ABCD,,False,51
Annexe 2 — Materiel Bio-Medical,Liste Principale,06,"OBJETS DE PANSEMENT CONSOMMABLES UTILISES EN CHIRURGIE GENERALE, EN TRAUMATOLOGIE ET EN ORTHOPEDIE CONSOMMABLES UTILISES EN CHIRURGIE GENERALE, EN TRAUMATOLOGIE ET EN ORTHOPEDIE",,,Ciseaux de couturiere,---,---,Unité,ABCD,,False,51
Annexe 2 — Materiel Bio-Medical,Liste Principale,06,"OBJETS DE PANSEMENT CONSOMMABLES UTILISES EN CHIRURGIE GENERALE, EN TRAUMATOLOGIE ET EN ORTHOPEDIE CONSOMMABLES UTILISES EN CHIRURGIE GENERALE, EN TRAUMATOLOGIE ET EN ORTHOPEDIE",,,Ciseaux de Veszien courbes 16cm,---,---,Unité,ABCD,,False,51
Annexe 2 — Materiel Bio-Medical,Liste Principale,06,"OBJETS DE PANSEMENT CONSOMMABLES UTILISES EN CHIRURGIE GENERALE, EN TRAUMATOLOGIE ET EN ORTHOPEDIE CONSOMMABLES UTILISES EN CHIRURGIE GENERALE, EN TRAUMATOLOGIE ET EN ORTHOPEDIE",,,Ciseaux de Veszien droits 16cm,---,---,Unité,ABCD,,False,51
Annexe 2 — Materiel Bio-Medical,Liste Principale,06,"OBJETS DE PANSEMENT CONSOMMABLES UTILISES EN CHIRURGIE GENERALE, EN TRAUMATOLOGIE ET EN ORTHOPEDIE CONSOMMABLES UTILISES EN CHIRURGIE GENERALE, EN TRAUMATOLOGIE ET EN ORTHOPEDIE",,,Ciseaux Metzenbaum courbes,---,---,Unité,ABCD,,False,51
Annexe 2 — Materiel Bio-Medical,Liste Principale,06,"OBJETS DE PANSEMENT CONSOMMABLES UTILISES EN CHIRURGIE GENERALE, EN TRAUMATOLOGIE ET EN ORTHOPEDIE CONSOMMABLES UTILISES EN CHIRURGIE GENERALE, EN TRAUMATOLOGIE ET EN ORTHOPEDIE",,,Ciseaux mousses droits 16cm,---,---,Unité,ABCD,,False,51
Annexe 2 — Materiel Bio-Medical,Liste Principale,06,"OBJETS DE PANSEMENT CONSOMMABLES UTILISES EN CHIRURGIE GENERALE, EN TRAUMATOLOGIE ET EN ORTHOPEDIE CONSOMMABLES UTILISES EN CHIRURGIE GENERALE, EN TRAUMATOLOGIE ET EN ORTHOPEDIE",,,Ciseaux osteotome mac even epais,---,---,Unité,AB,,False,51
Annexe 2 — Materiel Bio-Medical,Liste Principale,06,"OBJETS DE PANSEMENT CONSOMMABLES UTILISES EN CHIRURGIE GENERALE, EN TRAUMATOLOGIE ET EN ORTHOPEDIE CONSOMMABLES UTILISES EN CHIRURGIE GENERALE, EN TRAUMATOLOGIE ET EN ORTHOPEDIE",,,Ciseaux osteotome mac even fin,---,---,Unité,AB,,False,51
Annexe 2 — Materiel Bio-Medical,Liste Principale,06,"OBJETS DE PANSEMENT CONSOMMABLES UTILISES EN CHIRURGIE GENERALE, EN TRAUMATOLOGIE ET EN ORTHOPEDIE CONSOMMABLES UTILISES EN CHIRURGIE GENERALE, EN TRAUMATOLOGIE ET EN ORTHOPEDIE",,,Ciseaux pointus courbes 16cm,---,---,Unité,ABCD,,False,51
Annexe 2 — Materiel Bio-Medical,Liste Principale,06,"OBJETS DE PANSEMENT CONSOMMABLES UTILISES EN CHIRURGIE GENERALE, EN TRAUMATOLOGIE ET EN ORTHOPEDIE CONSOMMABLES UTILISES EN CHIRURGIE GENERALE, EN TRAUMATOLOGIE ET EN ORTHOPEDIE",,,Ciseaux pointus droits 12cm,---,---,Unité,ABCD,,False,51
Annexe 2 — Materiel Bio-Medical,Liste Principale,06,"OBJETS DE PANSEMENT CONSOMMABLES UTILISES EN CHIRURGIE GENERALE, EN TRAUMATOLOGIE ET EN ORTHOPEDIE CONSOMMABLES UTILISES EN CHIRURGIE GENERALE, EN TRAUMATOLOGIE ET EN ORTHOPEDIE",,,Clamp vasculaire de SATINSKY,---,---,Unité,AB,,False,51
Annexe 2 — Materiel Bio-Medical,Liste Principale,06,"OBJETS DE PANSEMENT CONSOMMABLES UTILISES EN CHIRURGIE GENERALE, EN TRAUMATOLOGIE ET EN ORTHOPEDIE CONSOMMABLES UTILISES EN CHIRURGIE GENERALE, EN TRAUMATOLOGIE ET EN ORTHOPEDIE",,,Coussin de décharge,---,---,Unité,AB,,False,51
Annexe 2 — Materiel Bio-Medical,Liste Principale,06,"OBJETS DE PANSEMENT CONSOMMABLES UTILISES EN CHIRURGIE GENERALE, EN TRAUMATOLOGIE ET EN ORTHOPEDIE CONSOMMABLES UTILISES EN CHIRURGIE GENERALE, EN TRAUMATOLOGIE ET EN ORTHOPEDIE",,,Davier de Faraboeuf GM,---,---,Unité,AB,,False,51
Annexe 2 — Materiel Bio-Medical,Liste Principale,06,"OBJETS DE PANSEMENT CONSOMMABLES UTILISES EN CHIRURGIE GENERALE, EN TRAUMATOLOGIE ET EN ORTHOPEDIE CONSOMMABLES UTILISES EN CHIRURGIE GENERALE, EN TRAUMATOLOGIE ET EN ORTHOPEDIE",,,Davier de Faraboeuf MM,---,---,Unité,AB,,False,51
Annexe 2 — Materiel Bio-Medical,Liste Principale,06,"OBJETS DE PANSEMENT CONSOMMABLES UTILISES EN CHIRURGIE GENERALE, EN TRAUMATOLOGIE ET EN ORTHOPEDIE CONSOMMABLES UTILISES EN CHIRURGIE GENERALE, EN TRAUMATOLOGIE ET EN ORTHOPEDIE",,,Davier de Müller GM,---,---,Unité,AB,,False,51
Annexe 2 — Materiel Bio-Medical,Liste Principale,06,"OBJETS DE PANSEMENT CONSOMMABLES UTILISES EN CHIRURGIE GENERALE, EN TRAUMATOLOGIE ET EN ORTHOPEDIE CONSOMMABLES UTILISES EN CHIRURGIE GENERALE, EN TRAUMATOLOGIE ET EN ORTHOPEDIE",,,Davier de Müller MM,---,---,Unité,AB,,False,51
Annexe 2 — Materiel Bio-Medical,Liste Principale,06,"OBJETS DE PANSEMENT CONSOMMABLES UTILISES EN CHIRURGIE GENERALE, EN TRAUMATOLOGIE ET EN ORTHOPEDIE CONSOMMABLES UTILISES EN CHIRURGIE GENERALE, EN TRAUMATOLOGIE ET EN ORTHOPEDIE",,,Davier de Müller PM,---,---,Unité,AB,,False,51
Annexe 2 — Materiel Bio-Medical,Liste Principale,06,"OBJETS DE PANSEMENT CONSOMMABLES UTILISES EN CHIRURGIE GENERALE, EN TRAUMATOLOGIE ET EN ORTHOPEDIE CONSOMMABLES UTILISES EN CHIRURGIE GENERALE, EN TRAUMATOLOGIE ET EN ORTHOPEDIE",,,Davier de VERBRUGE GM,---,---,Unité,AB,,False,51
Annexe 2 — Materiel Bio-Medical,Liste Principale,06,"OBJETS DE PANSEMENT CONSOMMABLES UTILISES EN CHIRURGIE GENERALE, EN TRAUMATOLOGIE ET EN ORTHOPEDIE CONSOMMABLES UTILISES EN CHIRURGIE GENERALE, EN TRAUMATOLOGIE ET EN ORTHOPEDIE",,,Davier de VERBRUGE MM,---,---,Unité,AB,,False,51
Annexe 2 — Materiel Bio-Medical,Liste Principale,06,"OBJETS DE PANSEMENT CONSOMMABLES UTILISES EN CHIRURGIE GENERALE, EN TRAUMATOLOGIE ET EN ORTHOPEDIE CONSOMMABLES UTILISES EN CHIRURGIE GENERALE, EN TRAUMATOLOGIE ET EN ORTHOPEDIE",,,Davier de VERBRUGE PM,---,---,Unité,AB,,False,51
Annexe 2 — Materiel Bio-Medical,Liste Principale,06,"OBJETS DE PANSEMENT CONSOMMABLES UTILISES EN CHIRURGIE GENERALE, EN TRAUMATOLOGIE ET EN ORTHOPEDIE CONSOMMABLES UTILISES EN CHIRURGIE GENERALE, EN TRAUMATOLOGIE ET EN ORTHOPEDIE",,,Davier reducteur GM,---,---,Unité,AB,,False,51
Annexe 2 — Materiel Bio-Medical,Liste Principale,06,"OBJETS DE PANSEMENT CONSOMMABLES UTILISES EN CHIRURGIE GENERALE, EN TRAUMATOLOGIE ET EN ORTHOPEDIE CONSOMMABLES UTILISES EN CHIRURGIE GENERALE, EN TRAUMATOLOGIE ET EN ORTHOPEDIE",,,Davier reducteur MM,---,---,Unité,AB,,False,51
Annexe 2 — Materiel Bio-Medical,Liste Principale,06,"OBJETS DE PANSEMENT CONSOMMABLES UTILISES EN CHIRURGIE GENERALE, EN TRAUMATOLOGIE ET EN ORTHOPEDIE CONSOMMABLES UTILISES EN CHIRURGIE GENERALE, EN TRAUMATOLOGIE ET EN ORTHOPEDIE",,,Davier reducteur PM,---,---,Unité,AB,,False,51
Annexe 2 — Materiel Bio-Medical,Liste Principale,06,"OBJETS DE PANSEMENT CONSOMMABLES UTILISES EN CHIRURGIE GENERALE, EN TRAUMATOLOGIE ET EN ORTHOPEDIE CONSOMMABLES UTILISES EN CHIRURGIE GENERALE, EN TRAUMATOLOGIE ET EN ORTHOPEDIE",,,Déambulateur,,,Unité,ABC,,False,51
Annexe 2 — Materiel Bio-Medical,Liste Principale,06,"OBJETS DE PANSEMENT CONSOMMABLES UTILISES EN CHIRURGIE GENERALE, EN TRAUMATOLOGIE ET EN ORTHOPEDIE CONSOMMABLES UTILISES EN CHIRURGIE GENERALE, EN TRAUMATOLOGIE ET EN ORTHOPEDIE",,,Drain de redon CH 10,---,---,Unité,AB,,False,51
Annexe 2 — Materiel Bio-Medical,Liste Principale,06,"OBJETS DE PANSEMENT CONSOMMABLES UTILISES EN CHIRURGIE GENERALE, EN TRAUMATOLOGIE ET EN ORTHOPEDIE CONSOMMABLES UTILISES EN CHIRURGIE GENERALE, EN TRAUMATOLOGIE ET EN ORTHOPEDIE",,,Drain de redon CH 12 7 cm,---,---,Unité,AB,,False,51
Annexe 2 — Materiel Bio-Medical,Liste Principale,06,"OBJETS DE PANSEMENT CONSOMMABLES UTILISES EN CHIRURGIE GENERALE, EN TRAUMATOLOGIE ET EN ORTHOPEDIE CONSOMMABLES UTILISES EN CHIRURGIE GENERALE, EN TRAUMATOLOGIE ET EN ORTHOPEDIE",,,Drain de redon CH 14 14 cm,---,---,Unité,AB,,False,51
Annexe 2 — Materiel Bio-Medical,Liste Principale,06,"OBJETS DE PANSEMENT CONSOMMABLES UTILISES EN CHIRURGIE GENERALE, EN TRAUMATOLOGIE ET EN ORTHOPEDIE CONSOMMABLES UTILISES EN CHIRURGIE GENERALE, EN TRAUMATOLOGIE ET EN ORTHOPEDIE",,,Drain de redon CH 16 14 cm,---,---,Unité,AB,,False,51
Annexe 2 — Materiel Bio-Medical,Liste Principale,06,"OBJETS DE PANSEMENT CONSOMMABLES UTILISES EN CHIRURGIE GENERALE, EN TRAUMATOLOGIE ET EN ORTHOPEDIE CONSOMMABLES UTILISES EN CHIRURGIE GENERALE, EN TRAUMATOLOGIE ET EN ORTHOPEDIE",,,Drain de redon CH 8,---,---,Unité,AB,,False,51
Annexe 2 — Materiel Bio-Medical,Liste Principale,06,"OBJETS DE PANSEMENT CONSOMMABLES UTILISES EN CHIRURGIE GENERALE, EN TRAUMATOLOGIE ET EN ORTHOPEDIE CONSOMMABLES UTILISES EN CHIRURGIE GENERALE, EN TRAUMATOLOGIE ET EN ORTHOPEDIE",,,ECARTEUR DE PERCY,,,Unité,AB,,False,51
Annexe 2 — Materiel Bio-Medical,Liste Principale,06,"OBJETS DE PANSEMENT CONSOMMABLES UTILISES EN CHIRURGIE GENERALE, EN TRAUMATOLOGIE ET EN ORTHOPEDIE CONSOMMABLES UTILISES EN CHIRURGIE GENERALE, EN TRAUMATOLOGIE ET EN ORTHOPEDIE",,,Ecarteur farabeuf 12cm,---,---,Unité,ABCD,,False,51
Annexe 2 — Materiel Bio-Medical,Liste Principale,06,"OBJETS DE PANSEMENT CONSOMMABLES UTILISES EN CHIRURGIE GENERALE, EN TRAUMATOLOGIE ET EN ORTHOPEDIE CONSOMMABLES UTILISES EN CHIRURGIE GENERALE, EN TRAUMATOLOGIE ET EN ORTHOPEDIE",,,Ecarteur GOSSET,---,---,Unité,AB,,False,51
Annexe 2 — Materiel Bio-Medical,Liste Principale,06,"OBJETS DE PANSEMENT CONSOMMABLES UTILISES EN CHIRURGIE GENERALE, EN TRAUMATOLOGIE ET EN ORTHOPEDIE CONSOMMABLES UTILISES EN CHIRURGIE GENERALE, EN TRAUMATOLOGIE ET EN ORTHOPEDIE",,,Ecarteur GRAY,---,---,Unité,AB,,False,51
Annexe 2 — Materiel Bio-Medical,Liste Principale,06,"OBJETS DE PANSEMENT CONSOMMABLES UTILISES EN CHIRURGIE GENERALE, EN TRAUMATOLOGIE ET EN ORTHOPEDIE CONSOMMABLES UTILISES EN CHIRURGIE GENERALE, EN TRAUMATOLOGIE ET EN ORTHOPEDIE",,,Ecarteur HARTMANN,---,---,Unité,AB,,False,51
Annexe 2 — Materiel Bio-Medical,Liste Principale,06,"OBJETS DE PANSEMENT CONSOMMABLES UTILISES EN CHIRURGIE GENERALE, EN TRAUMATOLOGIE ET EN ORTHOPEDIE CONSOMMABLES UTILISES EN CHIRURGIE GENERALE, EN TRAUMATOLOGIE ET EN ORTHOPEDIE CONSOMMABLES UTILISES EN CHIRURGIE GENERALE, EN TRAUMATOLOGIE ET EN ORTHOPEDIE",,,Ecarteur Merle D'aubigné,,,Unité,ABC,,False,52
Annexe 2 — Materiel Bio-Medical,Liste Principale,06,"OBJETS DE PANSEMENT CONSOMMABLES UTILISES EN CHIRURGIE GENERALE, EN TRAUMATOLOGIE ET EN ORTHOPEDIE CONSOMMABLES UTILISES EN CHIRURGIE GENERALE, EN TRAUMATOLOGIE ET EN ORTHOPEDIE CONSOMMABLES UTILISES EN CHIRURGIE GENERALE, EN TRAUMATOLOGIE ET EN ORTHOPEDIE",,,"Fil d'acier n°0,5",---,---,Unité,AB,,False,52
Annexe 2 — Materiel Bio-Medical,Liste Principale,06,"OBJETS DE PANSEMENT CONSOMMABLES UTILISES EN CHIRURGIE GENERALE, EN TRAUMATOLOGIE ET EN ORTHOPEDIE CONSOMMABLES UTILISES EN CHIRURGIE GENERALE, EN TRAUMATOLOGIE ET EN ORTHOPEDIE CONSOMMABLES UTILISES EN CHIRURGIE GENERALE, EN TRAUMATOLOGIE ET EN ORTHOPEDIE",,,Fil d'acier n°1,---,---,Unité,AB,,False,52
Annexe 2 — Materiel Bio-Medical,Liste Principale,06,"OBJETS DE PANSEMENT CONSOMMABLES UTILISES EN CHIRURGIE GENERALE, EN TRAUMATOLOGIE ET EN ORTHOPEDIE CONSOMMABLES UTILISES EN CHIRURGIE GENERALE, EN TRAUMATOLOGIE ET EN ORTHOPEDIE CONSOMMABLES UTILISES EN CHIRURGIE GENERALE, EN TRAUMATOLOGIE ET EN ORTHOPEDIE",,,"Fil d'acier n°1,5",---,---,Unité,AB,,False,52
Annexe 2 — Materiel Bio-Medical,Liste Principale,06,"OBJETS DE PANSEMENT CONSOMMABLES UTILISES EN CHIRURGIE GENERALE, EN TRAUMATOLOGIE ET EN ORTHOPEDIE CONSOMMABLES UTILISES EN CHIRURGIE GENERALE, EN TRAUMATOLOGIE ET EN ORTHOPEDIE CONSOMMABLES UTILISES EN CHIRURGIE GENERALE, EN TRAUMATOLOGIE ET EN ORTHOPEDIE",,,Fil d'acier n°1/2C,---,---,Unité,AB,,False,52
Annexe 2 — Materiel Bio-Medical,Liste Principale,06,"OBJETS DE PANSEMENT CONSOMMABLES UTILISES EN CHIRURGIE GENERALE, EN TRAUMATOLOGIE ET EN ORTHOPEDIE CONSOMMABLES UTILISES EN CHIRURGIE GENERALE, EN TRAUMATOLOGIE ET EN ORTHOPEDIE CONSOMMABLES UTILISES EN CHIRURGIE GENERALE, EN TRAUMATOLOGIE ET EN ORTHOPEDIE",,,Fil d'acier n°2,---,---,Unité,AB,,False,52
Annexe 2 — Materiel Bio-Medical,Liste Principale,06,"OBJETS DE PANSEMENT CONSOMMABLES UTILISES EN CHIRURGIE GENERALE, EN TRAUMATOLOGIE ET EN ORTHOPEDIE CONSOMMABLES UTILISES EN CHIRURGIE GENERALE, EN TRAUMATOLOGIE ET EN ORTHOPEDIE CONSOMMABLES UTILISES EN CHIRURGIE GENERALE, EN TRAUMATOLOGIE ET EN ORTHOPEDIE",,,Fixateur externe de judet,---,---,Unité,AB,,False,52
Annexe 2 — Materiel Bio-Medical,Liste Principale,06,"OBJETS DE PANSEMENT CONSOMMABLES UTILISES EN CHIRURGIE GENERALE, EN TRAUMATOLOGIE ET EN ORTHOPEDIE CONSOMMABLES UTILISES EN CHIRURGIE GENERALE, EN TRAUMATOLOGIE ET EN ORTHOPEDIE CONSOMMABLES UTILISES EN CHIRURGIE GENERALE, EN TRAUMATOLOGIE ET EN ORTHOPEDIE",,,Fixateur externe FESSA,---,---,Unité,AB,,False,52
Annexe 2 — Materiel Bio-Medical,Liste Principale,06,"OBJETS DE PANSEMENT CONSOMMABLES UTILISES EN CHIRURGIE GENERALE, EN TRAUMATOLOGIE ET EN ORTHOPEDIE CONSOMMABLES UTILISES EN CHIRURGIE GENERALE, EN TRAUMATOLOGIE ET EN ORTHOPEDIE CONSOMMABLES UTILISES EN CHIRURGIE GENERALE, EN TRAUMATOLOGIE ET EN ORTHOPEDIE",,,Fixateur externe HOFFMAN (mbr sup inf),---,---,Unité,AB,,False,52
Annexe 2 — Materiel Bio-Medical,Liste Principale,06,"OBJETS DE PANSEMENT CONSOMMABLES UTILISES EN CHIRURGIE GENERALE, EN TRAUMATOLOGIE ET EN ORTHOPEDIE CONSOMMABLES UTILISES EN CHIRURGIE GENERALE, EN TRAUMATOLOGIE ET EN ORTHOPEDIE CONSOMMABLES UTILISES EN CHIRURGIE GENERALE, EN TRAUMATOLOGIE ET EN ORTHOPEDIE",,,Fixateur externe ILIZAROV,---,---,Unité,AB,,False,52
Annexe 2 — Materiel Bio-Medical,Liste Principale,06,"OBJETS DE PANSEMENT CONSOMMABLES UTILISES EN CHIRURGIE GENERALE, EN TRAUMATOLOGIE ET EN ORTHOPEDIE CONSOMMABLES UTILISES EN CHIRURGIE GENERALE, EN TRAUMATOLOGIE ET EN ORTHOPEDIE CONSOMMABLES UTILISES EN CHIRURGIE GENERALE, EN TRAUMATOLOGIE ET EN ORTHOPEDIE",,,Fixateur externe ORTHOFIXE (mbr sup inf),---,---,Unité,AB,,False,52
Annexe 2 — Materiel Bio-Medical,Liste Principale,06,"OBJETS DE PANSEMENT CONSOMMABLES UTILISES EN CHIRURGIE GENERALE, EN TRAUMATOLOGIE ET EN ORTHOPEDIE CONSOMMABLES UTILISES EN CHIRURGIE GENERALE, EN TRAUMATOLOGIE ET EN ORTHOPEDIE CONSOMMABLES UTILISES EN CHIRURGIE GENERALE, EN TRAUMATOLOGIE ET EN ORTHOPEDIE",,,Kit de traction Adulte,---,---,Unité,AB,,False,52
Annexe 2 — Materiel Bio-Medical,Liste Principale,06,"OBJETS DE PANSEMENT CONSOMMABLES UTILISES EN CHIRURGIE GENERALE, EN TRAUMATOLOGIE ET EN ORTHOPEDIE CONSOMMABLES UTILISES EN CHIRURGIE GENERALE, EN TRAUMATOLOGIE ET EN ORTHOPEDIE CONSOMMABLES UTILISES EN CHIRURGIE GENERALE, EN TRAUMATOLOGIE ET EN ORTHOPEDIE",,,Kit de traction Pédiatrique,---,---,Unité,AB,,False,52
Annexe 2 — Materiel Bio-Medical,Liste Principale,06,"OBJETS DE PANSEMENT CONSOMMABLES UTILISES EN CHIRURGIE GENERALE, EN TRAUMATOLOGIE ET EN ORTHOPEDIE CONSOMMABLES UTILISES EN CHIRURGIE GENERALE, EN TRAUMATOLOGIE ET EN ORTHOPEDIE CONSOMMABLES UTILISES EN CHIRURGIE GENERALE, EN TRAUMATOLOGIE ET EN ORTHOPEDIE",,,Lame de bistouri 10,---,---,Unité,AB,,False,52
Annexe 2 — Materiel Bio-Medical,Liste Principale,06,"OBJETS DE PANSEMENT CONSOMMABLES UTILISES EN CHIRURGIE GENERALE, EN TRAUMATOLOGIE ET EN ORTHOPEDIE CONSOMMABLES UTILISES EN CHIRURGIE GENERALE, EN TRAUMATOLOGIE ET EN ORTHOPEDIE CONSOMMABLES UTILISES EN CHIRURGIE GENERALE, EN TRAUMATOLOGIE ET EN ORTHOPEDIE",,,Lame de bistouri 11,---,---,Unité,AB,,False,52
Annexe 2 — Materiel Bio-Medical,Liste Principale,06,"OBJETS DE PANSEMENT CONSOMMABLES UTILISES EN CHIRURGIE GENERALE, EN TRAUMATOLOGIE ET EN ORTHOPEDIE CONSOMMABLES UTILISES EN CHIRURGIE GENERALE, EN TRAUMATOLOGIE ET EN ORTHOPEDIE CONSOMMABLES UTILISES EN CHIRURGIE GENERALE, EN TRAUMATOLOGIE ET EN ORTHOPEDIE",,,Lame de bistouri 12,---,---,Unité,AB,,False,52
Annexe 2 — Materiel Bio-Medical,Liste Principale,06,"OBJETS DE PANSEMENT CONSOMMABLES UTILISES EN CHIRURGIE GENERALE, EN TRAUMATOLOGIE ET EN ORTHOPEDIE CONSOMMABLES UTILISES EN CHIRURGIE GENERALE, EN TRAUMATOLOGIE ET EN ORTHOPEDIE CONSOMMABLES UTILISES EN CHIRURGIE GENERALE, EN TRAUMATOLOGIE ET EN ORTHOPEDIE",,,Lame de bistouri 15,---,---,Unité,AB,,False,52
Annexe 2 — Materiel Bio-Medical,Liste Principale,06,"OBJETS DE PANSEMENT CONSOMMABLES UTILISES EN CHIRURGIE GENERALE, EN TRAUMATOLOGIE ET EN ORTHOPEDIE CONSOMMABLES UTILISES EN CHIRURGIE GENERALE, EN TRAUMATOLOGIE ET EN ORTHOPEDIE CONSOMMABLES UTILISES EN CHIRURGIE GENERALE, EN TRAUMATOLOGIE ET EN ORTHOPEDIE",,,Lame de bistouri 20,---,---,Unité,ABC,,False,52
Annexe 2 — Materiel Bio-Medical,Liste Principale,06,"OBJETS DE PANSEMENT CONSOMMABLES UTILISES EN CHIRURGIE GENERALE, EN TRAUMATOLOGIE ET EN ORTHOPEDIE CONSOMMABLES UTILISES EN CHIRURGIE GENERALE, EN TRAUMATOLOGIE ET EN ORTHOPEDIE CONSOMMABLES UTILISES EN CHIRURGIE GENERALE, EN TRAUMATOLOGIE ET EN ORTHOPEDIE",,,Lame de bistouri 21,---,---,Unité,ABC,,False,52
Annexe 2 — Materiel Bio-Medical,Liste Principale,06,"OBJETS DE PANSEMENT CONSOMMABLES UTILISES EN CHIRURGIE GENERALE, EN TRAUMATOLOGIE ET EN ORTHOPEDIE CONSOMMABLES UTILISES EN CHIRURGIE GENERALE, EN TRAUMATOLOGIE ET EN ORTHOPEDIE CONSOMMABLES UTILISES EN CHIRURGIE GENERALE, EN TRAUMATOLOGIE ET EN ORTHOPEDIE",,,Lame de bistouri 22,---,---,Unité,ABC,,False,52
Annexe 2 — Materiel Bio-Medical,Liste Principale,06,"OBJETS DE PANSEMENT CONSOMMABLES UTILISES EN CHIRURGIE GENERALE, EN TRAUMATOLOGIE ET EN ORTHOPEDIE CONSOMMABLES UTILISES EN CHIRURGIE GENERALE, EN TRAUMATOLOGIE ET EN ORTHOPEDIE CONSOMMABLES UTILISES EN CHIRURGIE GENERALE, EN TRAUMATOLOGIE ET EN ORTHOPEDIE",,,Lame de bistouri 23,---,---,Unité,ABC,,False,52
Annexe 2 — Materiel Bio-Medical,Liste Principale,06,"OBJETS DE PANSEMENT CONSOMMABLES UTILISES EN CHIRURGIE GENERALE, EN TRAUMATOLOGIE ET EN ORTHOPEDIE CONSOMMABLES UTILISES EN CHIRURGIE GENERALE, EN TRAUMATOLOGIE ET EN ORTHOPEDIE CONSOMMABLES UTILISES EN CHIRURGIE GENERALE, EN TRAUMATOLOGIE ET EN ORTHOPEDIE",,,Lame de bistouri 24,---,---,Unité,ABC,,False,52
Annexe 2 — Materiel Bio-Medical,Liste Principale,06,"OBJETS DE PANSEMENT CONSOMMABLES UTILISES EN CHIRURGIE GENERALE, EN TRAUMATOLOGIE ET EN ORTHOPEDIE CONSOMMABLES UTILISES EN CHIRURGIE GENERALE, EN TRAUMATOLOGIE ET EN ORTHOPEDIE CONSOMMABLES UTILISES EN CHIRURGIE GENERALE, EN TRAUMATOLOGIE ET EN ORTHOPEDIE",,,Lame de BLAKE,---,---,Unité,AB,,False,52
Annexe 2 — Materiel Bio-Medical,Liste Principale,06,"OBJETS DE PANSEMENT CONSOMMABLES UTILISES EN CHIRURGIE GENERALE, EN TRAUMATOLOGIE ET EN ORTHOPEDIE CONSOMMABLES UTILISES EN CHIRURGIE GENERALE, EN TRAUMATOLOGIE ET EN ORTHOPEDIE CONSOMMABLES UTILISES EN CHIRURGIE GENERALE, EN TRAUMATOLOGIE ET EN ORTHOPEDIE",,,Lame de Delbet non stérile,---,---,Unité,ABC,,False,52
Annexe 2 — Materiel Bio-Medical,Liste Principale,06,"OBJETS DE PANSEMENT CONSOMMABLES UTILISES EN CHIRURGIE GENERALE, EN TRAUMATOLOGIE ET EN ORTHOPEDIE CONSOMMABLES UTILISES EN CHIRURGIE GENERALE, EN TRAUMATOLOGIE ET EN ORTHOPEDIE CONSOMMABLES UTILISES EN CHIRURGIE GENERALE, EN TRAUMATOLOGIE ET EN ORTHOPEDIE",,,Lame de Delbet stérile,---,---,Unité,ABC,,False,52
Annexe 2 — Materiel Bio-Medical,Liste Principale,06,"OBJETS DE PANSEMENT CONSOMMABLES UTILISES EN CHIRURGIE GENERALE, EN TRAUMATOLOGIE ET EN ORTHOPEDIE CONSOMMABLES UTILISES EN CHIRURGIE GENERALE, EN TRAUMATOLOGIE ET EN ORTHOPEDIE CONSOMMABLES UTILISES EN CHIRURGIE GENERALE, EN TRAUMATOLOGIE ET EN ORTHOPEDIE",,,Lampe infrarouge 200 W,---,---,Unité,ABC,,False,52
Annexe 2 — Materiel Bio-Medical,Liste Principale,06,"OBJETS DE PANSEMENT CONSOMMABLES UTILISES EN CHIRURGIE GENERALE, EN TRAUMATOLOGIE ET EN ORTHOPEDIE CONSOMMABLES UTILISES EN CHIRURGIE GENERALE, EN TRAUMATOLOGIE ET EN ORTHOPEDIE CONSOMMABLES UTILISES EN CHIRURGIE GENERALE, EN TRAUMATOLOGIE ET EN ORTHOPEDIE",,,Manche de bistouri 3C,---,---,Unité,ABC,,False,52
Annexe 2 — Materiel Bio-Medical,Liste Principale,06,"OBJETS DE PANSEMENT CONSOMMABLES UTILISES EN CHIRURGIE GENERALE, EN TRAUMATOLOGIE ET EN ORTHOPEDIE CONSOMMABLES UTILISES EN CHIRURGIE GENERALE, EN TRAUMATOLOGIE ET EN ORTHOPEDIE CONSOMMABLES UTILISES EN CHIRURGIE GENERALE, EN TRAUMATOLOGIE ET EN ORTHOPEDIE",,,Manche de bistouri 3L,---,---,Unité,ABC,,False,52
Annexe 2 — Materiel Bio-Medical,Liste Principale,06,"OBJETS DE PANSEMENT CONSOMMABLES UTILISES EN CHIRURGIE GENERALE, EN TRAUMATOLOGIE ET EN ORTHOPEDIE CONSOMMABLES UTILISES EN CHIRURGIE GENERALE, EN TRAUMATOLOGIE ET EN ORTHOPEDIE CONSOMMABLES UTILISES EN CHIRURGIE GENERALE, EN TRAUMATOLOGIE ET EN ORTHOPEDIE",,,Manche de bistouri 4C,---,---,Unité,ABC,,False,52
Annexe 2 — Materiel Bio-Medical,Liste Principale,06,"OBJETS DE PANSEMENT CONSOMMABLES UTILISES EN CHIRURGIE GENERALE, EN TRAUMATOLOGIE ET EN ORTHOPEDIE CONSOMMABLES UTILISES EN CHIRURGIE GENERALE, EN TRAUMATOLOGIE ET EN ORTHOPEDIE CONSOMMABLES UTILISES EN CHIRURGIE GENERALE, EN TRAUMATOLOGIE ET EN ORTHOPEDIE",,,Manche de bistouri 4L,---,---,Unité,ABC,,False,52
Annexe 2 — Materiel Bio-Medical,Liste Principale,06,"OBJETS DE PANSEMENT CONSOMMABLES UTILISES EN CHIRURGIE GENERALE, EN TRAUMATOLOGIE ET EN ORTHOPEDIE CONSOMMABLES UTILISES EN CHIRURGIE GENERALE, EN TRAUMATOLOGIE ET EN ORTHOPEDIE CONSOMMABLES UTILISES EN CHIRURGIE GENERALE, EN TRAUMATOLOGIE ET EN ORTHOPEDIE",,,Marteau (masse) grande taille,---,---,Unité,AB,,False,52
Annexe 2 — Materiel Bio-Medical,Liste Principale,06,"OBJETS DE PANSEMENT CONSOMMABLES UTILISES EN CHIRURGIE GENERALE, EN TRAUMATOLOGIE ET EN ORTHOPEDIE CONSOMMABLES UTILISES EN CHIRURGIE GENERALE, EN TRAUMATOLOGIE ET EN ORTHOPEDIE CONSOMMABLES UTILISES EN CHIRURGIE GENERALE, EN TRAUMATOLOGIE ET EN ORTHOPEDIE",,,Marteau (masse) moyenne taille,---,---,Unité,AB,,False,52
Annexe 2 — Materiel Bio-Medical,Liste Principale,06,"OBJETS DE PANSEMENT CONSOMMABLES UTILISES EN CHIRURGIE GENERALE, EN TRAUMATOLOGIE ET EN ORTHOPEDIE CONSOMMABLES UTILISES EN CHIRURGIE GENERALE, EN TRAUMATOLOGIE ET EN ORTHOPEDIE CONSOMMABLES UTILISES EN CHIRURGIE GENERALE, EN TRAUMATOLOGIE ET EN ORTHOPEDIE",,,Marteau (masse) petite taille,---,---,Unité,AB,,False,52
Annexe 2 — Materiel Bio-Medical,Liste Principale,06,"OBJETS DE PANSEMENT CONSOMMABLES UTILISES EN CHIRURGIE GENERALE, EN TRAUMATOLOGIE ET EN ORTHOPEDIE CONSOMMABLES UTILISES EN CHIRURGIE GENERALE, EN TRAUMATOLOGIE ET EN ORTHOPEDIE CONSOMMABLES UTILISES EN CHIRURGIE GENERALE, EN TRAUMATOLOGIE ET EN ORTHOPEDIE",,,Matériel de poulie thérapie (poulie et filin),---,---,Unité,AB,,False,52
Annexe 2 — Materiel Bio-Medical,Liste Principale,06,"OBJETS DE PANSEMENT CONSOMMABLES UTILISES EN CHIRURGIE GENERALE, EN TRAUMATOLOGIE ET EN ORTHOPEDIE CONSOMMABLES UTILISES EN CHIRURGIE GENERALE, EN TRAUMATOLOGIE ET EN ORTHOPEDIE CONSOMMABLES UTILISES EN CHIRURGIE GENERALE, EN TRAUMATOLOGIE ET EN ORTHOPEDIE",,,"Mèches diamètre 1,2",---,---,Unité,AB,,False,52
Annexe 2 — Materiel Bio-Medical,Liste Principale,06,"OBJETS DE PANSEMENT CONSOMMABLES UTILISES EN CHIRURGIE GENERALE, EN TRAUMATOLOGIE ET EN ORTHOPEDIE CONSOMMABLES UTILISES EN CHIRURGIE GENERALE, EN TRAUMATOLOGIE ET EN ORTHOPEDIE CONSOMMABLES UTILISES EN CHIRURGIE GENERALE, EN TRAUMATOLOGIE ET EN ORTHOPEDIE",,,"Mèches diamètre 1,5",---,---,Unité,AB,,False,52
Annexe 2 — Materiel Bio-Medical,Liste Principale,06,"OBJETS DE PANSEMENT CONSOMMABLES UTILISES EN CHIRURGIE GENERALE, EN TRAUMATOLOGIE ET EN ORTHOPEDIE CONSOMMABLES UTILISES EN CHIRURGIE GENERALE, EN TRAUMATOLOGIE ET EN ORTHOPEDIE CONSOMMABLES UTILISES EN CHIRURGIE GENERALE, EN TRAUMATOLOGIE ET EN ORTHOPEDIE",,,Mèches diamètre 10,---,---,Unité,AB,,False,52
Annexe 2 — Materiel Bio-Medical,Liste Principale,06,"OBJETS DE PANSEMENT CONSOMMABLES UTILISES EN CHIRURGIE GENERALE, EN TRAUMATOLOGIE ET EN ORTHOPEDIE CONSOMMABLES UTILISES EN CHIRURGIE GENERALE, EN TRAUMATOLOGIE ET EN ORTHOPEDIE CONSOMMABLES UTILISES EN CHIRURGIE GENERALE, EN TRAUMATOLOGIE ET EN ORTHOPEDIE",,,"Mèches diamètre 2,2",---,---,Unité,AB,,False,52
Annexe 2 — Materiel Bio-Medical,Liste Principale,06,"OBJETS DE PANSEMENT CONSOMMABLES UTILISES EN CHIRURGIE GENERALE, EN TRAUMATOLOGIE ET EN ORTHOPEDIE CONSOMMABLES UTILISES EN CHIRURGIE GENERALE, EN TRAUMATOLOGIE ET EN ORTHOPEDIE CONSOMMABLES UTILISES EN CHIRURGIE GENERALE, EN TRAUMATOLOGIE ET EN ORTHOPEDIE",,,"Mèches diamètre 2,5",---,---,Unité,AB,,False,52
Annexe 2 — Materiel Bio-Medical,Liste Principale,06,"OBJETS DE PANSEMENT CONSOMMABLES UTILISES EN CHIRURGIE GENERALE, EN TRAUMATOLOGIE ET EN ORTHOPEDIE CONSOMMABLES UTILISES EN CHIRURGIE GENERALE, EN TRAUMATOLOGIE ET EN ORTHOPEDIE CONSOMMABLES UTILISES EN CHIRURGIE GENERALE, EN TRAUMATOLOGIE ET EN ORTHOPEDIE",,,"Mèches diamètre 2,7",---,---,Unité,AB,,False,52
Annexe 2 — Materiel Bio-Medical,Liste Principale,06,"OBJETS DE PANSEMENT CONSOMMABLES UTILISES EN CHIRURGIE GENERALE, EN TRAUMATOLOGIE ET EN ORTHOPEDIE CONSOMMABLES UTILISES EN CHIRURGIE GENERALE, EN TRAUMATOLOGIE ET EN ORTHOPEDIE CONSOMMABLES UTILISES EN CHIRURGIE GENERALE, EN TRAUMATOLOGIE ET EN ORTHOPEDIE",,,"Mèches diamètre 3,2",---,---,Unité,AB,,False,52
Annexe 2 — Materiel Bio-Medical,Liste Principale,06,"OBJETS DE PANSEMENT CONSOMMABLES UTILISES EN CHIRURGIE GENERALE, EN TRAUMATOLOGIE ET EN ORTHOPEDIE CONSOMMABLES UTILISES EN CHIRURGIE GENERALE, EN TRAUMATOLOGIE ET EN ORTHOPEDIE CONSOMMABLES UTILISES EN CHIRURGIE GENERALE, EN TRAUMATOLOGIE ET EN ORTHOPEDIE",,,"Mèches diamètre 3,5",---,---,Unité,AB,,False,52
Annexe 2 — Materiel Bio-Medical,Liste Principale,06,"OBJETS DE PANSEMENT CONSOMMABLES UTILISES EN CHIRURGIE GENERALE, EN TRAUMATOLOGIE ET EN ORTHOPEDIE CONSOMMABLES UTILISES EN CHIRURGIE GENERALE, EN TRAUMATOLOGIE ET EN ORTHOPEDIE CONSOMMABLES UTILISES EN CHIRURGIE GENERALE, EN TRAUMATOLOGIE ET EN ORTHOPEDIE",,,Mèches diamètre 4,---,---,Unité,AB,,False,52
Annexe 2 — Materiel Bio-Medical,Liste Principale,06,"OBJETS DE PANSEMENT CONSOMMABLES UTILISES EN CHIRURGIE GENERALE, EN TRAUMATOLOGIE ET EN ORTHOPEDIE CONSOMMABLES UTILISES EN CHIRURGIE GENERALE, EN TRAUMATOLOGIE ET EN ORTHOPEDIE CONSOMMABLES UTILISES EN CHIRURGIE GENERALE, EN TRAUMATOLOGIE ET EN ORTHOPEDIE",,,"Mèches diamètre 4,5",---,---,Unité,AB,,False,52
Annexe 2 — Materiel Bio-Medical,Liste Principale,06,"OBJETS DE PANSEMENT CONSOMMABLES UTILISES EN CHIRURGIE GENERALE, EN TRAUMATOLOGIE ET EN ORTHOPEDIE CONSOMMABLES UTILISES EN CHIRURGIE GENERALE, EN TRAUMATOLOGIE ET EN ORTHOPEDIE CONSOMMABLES UTILISES EN CHIRURGIE GENERALE, EN TRAUMATOLOGIE ET EN ORTHOPEDIE",,,"Mèches diamètre 5,5",---,---,Unité,AB,,False,52
Annexe 2 — Materiel Bio-Medical,Liste Principale,06,"OBJETS DE PANSEMENT CONSOMMABLES UTILISES EN CHIRURGIE GENERALE, EN TRAUMATOLOGIE ET EN ORTHOPEDIE CONSOMMABLES UTILISES EN CHIRURGIE GENERALE, EN TRAUMATOLOGIE ET EN ORTHOPEDIE CONSOMMABLES UTILISES EN CHIRURGIE GENERALE, EN TRAUMATOLOGIE ET EN ORTHOPEDIE",,,Mèches diamètre 6,---,---,Unité,AB,,False,52
Annexe 2 — Materiel Bio-Medical,Liste Principale,06,"OBJETS DE PANSEMENT CONSOMMABLES UTILISES EN CHIRURGIE GENERALE, EN TRAUMATOLOGIE ET EN ORTHOPEDIE CONSOMMABLES UTILISES EN CHIRURGIE GENERALE, EN TRAUMATOLOGIE ET EN ORTHOPEDIE CONSOMMABLES UTILISES EN CHIRURGIE GENERALE, EN TRAUMATOLOGIE ET EN ORTHOPEDIE",,,"Mèches diamètre 6,5",---,---,Unité,AB,,False,52
Annexe 2 — Materiel Bio-Medical,Liste Principale,06,"OBJETS DE PANSEMENT CONSOMMABLES UTILISES EN CHIRURGIE GENERALE, EN TRAUMATOLOGIE ET EN ORTHOPEDIE CONSOMMABLES UTILISES EN CHIRURGIE GENERALE, EN TRAUMATOLOGIE ET EN ORTHOPEDIE CONSOMMABLES UTILISES EN CHIRURGIE GENERALE, EN TRAUMATOLOGIE ET EN ORTHOPEDIE",,,Mèches diamètre 8,---,---,Unité,AB,,False,52
Annexe 2 — Materiel Bio-Medical,Liste Principale,06,"OBJETS DE PANSEMENT CONSOMMABLES UTILISES EN CHIRURGIE GENERALE, EN TRAUMATOLOGIE ET EN ORTHOPEDIE CONSOMMABLES UTILISES EN CHIRURGIE GENERALE, EN TRAUMATOLOGIE ET EN ORTHOPEDIE CONSOMMABLES UTILISES EN CHIRURGIE GENERALE, EN TRAUMATOLOGIE ET EN ORTHOPEDIE",,,Moteurs chirurgicaux électroniques,---,---,Unité,AB,,False,52
Annexe 2 — Materiel Bio-Medical,Liste Principale,06,"OBJETS DE PANSEMENT CONSOMMABLES UTILISES EN CHIRURGIE GENERALE, EN TRAUMATOLOGIE ET EN ORTHOPEDIE CONSOMMABLES UTILISES EN CHIRURGIE GENERALE, EN TRAUMATOLOGIE ET EN ORTHOPEDIE CONSOMMABLES UTILISES EN CHIRURGIE GENERALE, EN TRAUMATOLOGIE ET EN ORTHOPEDIE",,,Perforateurs de KUNSTCHER,---,---,Unité,AB,,False,52
Annexe 2 — Materiel Bio-Medical,Liste Principale,06,"OBJETS DE PANSEMENT CONSOMMABLES UTILISES EN CHIRURGIE GENERALE, EN TRAUMATOLOGIE ET EN ORTHOPEDIE CONSOMMABLES UTILISES EN CHIRURGIE GENERALE, EN TRAUMATOLOGIE ET EN ORTHOPEDIE CONSOMMABLES UTILISES EN CHIRURGIE GENERALE, EN TRAUMATOLOGIE ET EN ORTHOPEDIE",,,Pince à compresse backhaus,---,---,Unité,ABC,,False,52
Annexe 2 — Materiel Bio-Medical,Liste Principale,06,"OBJETS DE PANSEMENT CONSOMMABLES UTILISES EN CHIRURGIE GENERALE, EN TRAUMATOLOGIE ET EN ORTHOPEDIE CONSOMMABLES UTILISES EN CHIRURGIE GENERALE, EN TRAUMATOLOGIE ET EN ORTHOPEDIE CONSOMMABLES UTILISES EN CHIRURGIE GENERALE, EN TRAUMATOLOGIE ET EN ORTHOPEDIE",,,Pince à disséquer à griffes GM,---,---,Unité,ABC,,False,52
Annexe 2 — Materiel Bio-Medical,Liste Principale,06,"OBJETS DE PANSEMENT CONSOMMABLES UTILISES EN CHIRURGIE GENERALE, EN TRAUMATOLOGIE ET EN ORTHOPEDIE CONSOMMABLES UTILISES EN CHIRURGIE GENERALE, EN TRAUMATOLOGIE ET EN ORTHOPEDIE CONSOMMABLES UTILISES EN CHIRURGIE GENERALE, EN TRAUMATOLOGIE ET EN ORTHOPEDIE",,,Pince à disséquer à griffes MM,---,---,Unité,ABC,,False,52
Annexe 2 — Materiel Bio-Medical,Liste Principale,06,"OBJETS DE PANSEMENT CONSOMMABLES UTILISES EN CHIRURGIE GENERALE, EN TRAUMATOLOGIE ET EN ORTHOPEDIE CONSOMMABLES UTILISES EN CHIRURGIE GENERALE, EN TRAUMATOLOGIE ET EN ORTHOPEDIE CONSOMMABLES UTILISES EN CHIRURGIE GENERALE, EN TRAUMATOLOGIE ET EN ORTHOPEDIE",,,Pince à disséquer à griffes PM,---,---,Unité,ABC,,False,52
Annexe 2 — Materiel Bio-Medical,Liste Principale,06,"OBJETS DE PANSEMENT CONSOMMABLES UTILISES EN CHIRURGIE GENERALE, EN TRAUMATOLOGIE ET EN ORTHOPEDIE CONSOMMABLES UTILISES EN CHIRURGIE GENERALE, EN TRAUMATOLOGIE ET EN ORTHOPEDIE CONSOMMABLES UTILISES EN CHIRURGIE GENERALE, EN TRAUMATOLOGIE ET EN ORTHOPEDIE CONSOMMABLES UTILISES EN CHIRURGIE GENERALE, EN TRAUMATOLOGIE ET EN ORTHOPEDIE",,,Pince à disséquer sans griffe GM,---,---,Unité,ABC,,False,53
Annexe 2 — Materiel Bio-Medical,Liste Principale,06,"OBJETS DE PANSEMENT CONSOMMABLES UTILISES EN CHIRURGIE GENERALE, EN TRAUMATOLOGIE ET EN ORTHOPEDIE CONSOMMABLES UTILISES EN CHIRURGIE GENERALE, EN TRAUMATOLOGIE ET EN ORTHOPEDIE CONSOMMABLES UTILISES EN CHIRURGIE GENERALE, EN TRAUMATOLOGIE ET EN ORTHOPEDIE CONSOMMABLES UTILISES EN CHIRURGIE GENERALE, EN TRAUMATOLOGIE ET EN ORTHOPEDIE",,,Pince à disséquer sans griffe MM,---,---,Unité,ABC,,False,53
Annexe 2 — Materiel Bio-Medical,Liste Principale,06,"OBJETS DE PANSEMENT CONSOMMABLES UTILISES EN CHIRURGIE GENERALE, EN TRAUMATOLOGIE ET EN ORTHOPEDIE CONSOMMABLES UTILISES EN CHIRURGIE GENERALE, EN TRAUMATOLOGIE ET EN ORTHOPEDIE CONSOMMABLES UTILISES EN CHIRURGIE GENERALE, EN TRAUMATOLOGIE ET EN ORTHOPEDIE CONSOMMABLES UTILISES EN CHIRURGIE GENERALE, EN TRAUMATOLOGIE ET EN ORTHOPEDIE",,,Pince à disséquer sans griffe PM,---,---,Unité,ABC,,False,53
Annexe 2 — Materiel Bio-Medical,Liste Principale,06,"OBJETS DE PANSEMENT CONSOMMABLES UTILISES EN CHIRURGIE GENERALE, EN TRAUMATOLOGIE ET EN ORTHOPEDIE CONSOMMABLES UTILISES EN CHIRURGIE GENERALE, EN TRAUMATOLOGIE ET EN ORTHOPEDIE CONSOMMABLES UTILISES EN CHIRURGIE GENERALE, EN TRAUMATOLOGIE ET EN ORTHOPEDIE CONSOMMABLES UTILISES EN CHIRURGIE GENERALE, EN TRAUMATOLOGIE ET EN ORTHOPEDIE",,,Pince à pansement Cheron,---,---,Unité,ABC,,False,53
Annexe 2 — Materiel Bio-Medical,Liste Principale,06,"OBJETS DE PANSEMENT CONSOMMABLES UTILISES EN CHIRURGIE GENERALE, EN TRAUMATOLOGIE ET EN ORTHOPEDIE CONSOMMABLES UTILISES EN CHIRURGIE GENERALE, EN TRAUMATOLOGIE ET EN ORTHOPEDIE CONSOMMABLES UTILISES EN CHIRURGIE GENERALE, EN TRAUMATOLOGIE ET EN ORTHOPEDIE CONSOMMABLES UTILISES EN CHIRURGIE GENERALE, EN TRAUMATOLOGIE ET EN ORTHOPEDIE",,,Pince coupante coudée 24 cm,---,---,Unité,AB,,False,53
Annexe 2 — Materiel Bio-Medical,Liste Principale,06,"OBJETS DE PANSEMENT CONSOMMABLES UTILISES EN CHIRURGIE GENERALE, EN TRAUMATOLOGIE ET EN ORTHOPEDIE CONSOMMABLES UTILISES EN CHIRURGIE GENERALE, EN TRAUMATOLOGIE ET EN ORTHOPEDIE CONSOMMABLES UTILISES EN CHIRURGIE GENERALE, EN TRAUMATOLOGIE ET EN ORTHOPEDIE CONSOMMABLES UTILISES EN CHIRURGIE GENERALE, EN TRAUMATOLOGIE ET EN ORTHOPEDIE",,,Pince coupante droite 24cm,---,---,Unité,AB,,False,53
Annexe 2 — Materiel Bio-Medical,Liste Principale,06,"OBJETS DE PANSEMENT CONSOMMABLES UTILISES EN CHIRURGIE GENERALE, EN TRAUMATOLOGIE ET EN ORTHOPEDIE CONSOMMABLES UTILISES EN CHIRURGIE GENERALE, EN TRAUMATOLOGIE ET EN ORTHOPEDIE CONSOMMABLES UTILISES EN CHIRURGIE GENERALE, EN TRAUMATOLOGIE ET EN ORTHOPEDIE CONSOMMABLES UTILISES EN CHIRURGIE GENERALE, EN TRAUMATOLOGIE ET EN ORTHOPEDIE",,,Pince coupante droite grande taille,---,---,Unité,AB,,False,53
Annexe 2 — Materiel Bio-Medical,Liste Principale,06,"OBJETS DE PANSEMENT CONSOMMABLES UTILISES EN CHIRURGIE GENERALE, EN TRAUMATOLOGIE ET EN ORTHOPEDIE CONSOMMABLES UTILISES EN CHIRURGIE GENERALE, EN TRAUMATOLOGIE ET EN ORTHOPEDIE CONSOMMABLES UTILISES EN CHIRURGIE GENERALE, EN TRAUMATOLOGIE ET EN ORTHOPEDIE CONSOMMABLES UTILISES EN CHIRURGIE GENERALE, EN TRAUMATOLOGIE ET EN ORTHOPEDIE",,,Pince de chaput,---,---,Unité,AB,,False,53
Annexe 2 — Materiel Bio-Medical,Liste Principale,06,"OBJETS DE PANSEMENT CONSOMMABLES UTILISES EN CHIRURGIE GENERALE, EN TRAUMATOLOGIE ET EN ORTHOPEDIE CONSOMMABLES UTILISES EN CHIRURGIE GENERALE, EN TRAUMATOLOGIE ET EN ORTHOPEDIE CONSOMMABLES UTILISES EN CHIRURGIE GENERALE, EN TRAUMATOLOGIE ET EN ORTHOPEDIE CONSOMMABLES UTILISES EN CHIRURGIE GENERALE, EN TRAUMATOLOGIE ET EN ORTHOPEDIE",,,Pince de kelly courbe sans griffe 16cm,---,---,Unité,AB,,False,53
Annexe 2 — Materiel Bio-Medical,Liste Principale,06,"OBJETS DE PANSEMENT CONSOMMABLES UTILISES EN CHIRURGIE GENERALE, EN TRAUMATOLOGIE ET EN ORTHOPEDIE CONSOMMABLES UTILISES EN CHIRURGIE GENERALE, EN TRAUMATOLOGIE ET EN ORTHOPEDIE CONSOMMABLES UTILISES EN CHIRURGIE GENERALE, EN TRAUMATOLOGIE ET EN ORTHOPEDIE CONSOMMABLES UTILISES EN CHIRURGIE GENERALE, EN TRAUMATOLOGIE ET EN ORTHOPEDIE",,,Pince de kelly droite à griffe 16 cm,---,---,Unité,AB,,False,53
Annexe 2 — Materiel Bio-Medical,Liste Principale,06,"OBJETS DE PANSEMENT CONSOMMABLES UTILISES EN CHIRURGIE GENERALE, EN TRAUMATOLOGIE ET EN ORTHOPEDIE CONSOMMABLES UTILISES EN CHIRURGIE GENERALE, EN TRAUMATOLOGIE ET EN ORTHOPEDIE CONSOMMABLES UTILISES EN CHIRURGIE GENERALE, EN TRAUMATOLOGIE ET EN ORTHOPEDIE CONSOMMABLES UTILISES EN CHIRURGIE GENERALE, EN TRAUMATOLOGIE ET EN ORTHOPEDIE",,,Pince de kocher droite,---,---,Unité,AB,,False,53
Annexe 2 — Materiel Bio-Medical,Liste Principale,06,"OBJETS DE PANSEMENT CONSOMMABLES UTILISES EN CHIRURGIE GENERALE, EN TRAUMATOLOGIE ET EN ORTHOPEDIE CONSOMMABLES UTILISES EN CHIRURGIE GENERALE, EN TRAUMATOLOGIE ET EN ORTHOPEDIE CONSOMMABLES UTILISES EN CHIRURGIE GENERALE, EN TRAUMATOLOGIE ET EN ORTHOPEDIE CONSOMMABLES UTILISES EN CHIRURGIE GENERALE, EN TRAUMATOLOGIE ET EN ORTHOPEDIE",,,Pince de kocher droite 14 cm,---,---,Unité,AB,,False,53
Annexe 2 — Materiel Bio-Medical,Liste Principale,06,"OBJETS DE PANSEMENT CONSOMMABLES UTILISES EN CHIRURGIE GENERALE, EN TRAUMATOLOGIE ET EN ORTHOPEDIE CONSOMMABLES UTILISES EN CHIRURGIE GENERALE, EN TRAUMATOLOGIE ET EN ORTHOPEDIE CONSOMMABLES UTILISES EN CHIRURGIE GENERALE, EN TRAUMATOLOGIE ET EN ORTHOPEDIE CONSOMMABLES UTILISES EN CHIRURGIE GENERALE, EN TRAUMATOLOGIE ET EN ORTHOPEDIE",,,Pince de michel double usage,---,---,Unité,AB,,False,53
Annexe 2 — Materiel Bio-Medical,Liste Principale,06,"OBJETS DE PANSEMENT CONSOMMABLES UTILISES EN CHIRURGIE GENERALE, EN TRAUMATOLOGIE ET EN ORTHOPEDIE CONSOMMABLES UTILISES EN CHIRURGIE GENERALE, EN TRAUMATOLOGIE ET EN ORTHOPEDIE CONSOMMABLES UTILISES EN CHIRURGIE GENERALE, EN TRAUMATOLOGIE ET EN ORTHOPEDIE CONSOMMABLES UTILISES EN CHIRURGIE GENERALE, EN TRAUMATOLOGIE ET EN ORTHOPEDIE",,,Pince de MIRIZZI,---,---,Unité,AB,,False,53
Annexe 2 — Materiel Bio-Medical,Liste Principale,06,"OBJETS DE PANSEMENT CONSOMMABLES UTILISES EN CHIRURGIE GENERALE, EN TRAUMATOLOGIE ET EN ORTHOPEDIE CONSOMMABLES UTILISES EN CHIRURGIE GENERALE, EN TRAUMATOLOGIE ET EN ORTHOPEDIE CONSOMMABLES UTILISES EN CHIRURGIE GENERALE, EN TRAUMATOLOGIE ET EN ORTHOPEDIE CONSOMMABLES UTILISES EN CHIRURGIE GENERALE, EN TRAUMATOLOGIE ET EN ORTHOPEDIE",,,Pince de pean 12 cm,---,---,Unité,AB,,False,53
Annexe 2 — Materiel Bio-Medical,Liste Principale,06,"OBJETS DE PANSEMENT CONSOMMABLES UTILISES EN CHIRURGIE GENERALE, EN TRAUMATOLOGIE ET EN ORTHOPEDIE CONSOMMABLES UTILISES EN CHIRURGIE GENERALE, EN TRAUMATOLOGIE ET EN ORTHOPEDIE CONSOMMABLES UTILISES EN CHIRURGIE GENERALE, EN TRAUMATOLOGIE ET EN ORTHOPEDIE CONSOMMABLES UTILISES EN CHIRURGIE GENERALE, EN TRAUMATOLOGIE ET EN ORTHOPEDIE",,,Pince de pean 14 cm,---,---,Unité,AB,,False,53
Annexe 2 — Materiel Bio-Medical,Liste Principale,06,"OBJETS DE PANSEMENT CONSOMMABLES UTILISES EN CHIRURGIE GENERALE, EN TRAUMATOLOGIE ET EN ORTHOPEDIE CONSOMMABLES UTILISES EN CHIRURGIE GENERALE, EN TRAUMATOLOGIE ET EN ORTHOPEDIE CONSOMMABLES UTILISES EN CHIRURGIE GENERALE, EN TRAUMATOLOGIE ET EN ORTHOPEDIE CONSOMMABLES UTILISES EN CHIRURGIE GENERALE, EN TRAUMATOLOGIE ET EN ORTHOPEDIE",,,Pince finie de vincent sans griffe,---,---,Unité,AB,,False,53
Annexe 2 — Materiel Bio-Medical,Liste Principale,06,"OBJETS DE PANSEMENT CONSOMMABLES UTILISES EN CHIRURGIE GENERALE, EN TRAUMATOLOGIE ET EN ORTHOPEDIE CONSOMMABLES UTILISES EN CHIRURGIE GENERALE, EN TRAUMATOLOGIE ET EN ORTHOPEDIE CONSOMMABLES UTILISES EN CHIRURGIE GENERALE, EN TRAUMATOLOGIE ET EN ORTHOPEDIE CONSOMMABLES UTILISES EN CHIRURGIE GENERALE, EN TRAUMATOLOGIE ET EN ORTHOPEDIE",,,Pince gouge 4 articulations,---,---,Unité,AB,,False,53
Annexe 2 — Materiel Bio-Medical,Liste Principale,06,"OBJETS DE PANSEMENT CONSOMMABLES UTILISES EN CHIRURGIE GENERALE, EN TRAUMATOLOGIE ET EN ORTHOPEDIE CONSOMMABLES UTILISES EN CHIRURGIE GENERALE, EN TRAUMATOLOGIE ET EN ORTHOPEDIE CONSOMMABLES UTILISES EN CHIRURGIE GENERALE, EN TRAUMATOLOGIE ET EN ORTHOPEDIE CONSOMMABLES UTILISES EN CHIRURGIE GENERALE, EN TRAUMATOLOGIE ET EN ORTHOPEDIE",,,Pince halstead à griffe courbe,---,---,Unité,AB,,False,53
Annexe 2 — Materiel Bio-Medical,Liste Principale,06,"OBJETS DE PANSEMENT CONSOMMABLES UTILISES EN CHIRURGIE GENERALE, EN TRAUMATOLOGIE ET EN ORTHOPEDIE CONSOMMABLES UTILISES EN CHIRURGIE GENERALE, EN TRAUMATOLOGIE ET EN ORTHOPEDIE CONSOMMABLES UTILISES EN CHIRURGIE GENERALE, EN TRAUMATOLOGIE ET EN ORTHOPEDIE CONSOMMABLES UTILISES EN CHIRURGIE GENERALE, EN TRAUMATOLOGIE ET EN ORTHOPEDIE",,,Pince halstead à griffe droite,---,---,Unité,AB,,False,53
Annexe 2 — Materiel Bio-Medical,Liste Principale,06,"OBJETS DE PANSEMENT CONSOMMABLES UTILISES EN CHIRURGIE GENERALE, EN TRAUMATOLOGIE ET EN ORTHOPEDIE CONSOMMABLES UTILISES EN CHIRURGIE GENERALE, EN TRAUMATOLOGIE ET EN ORTHOPEDIE CONSOMMABLES UTILISES EN CHIRURGIE GENERALE, EN TRAUMATOLOGIE ET EN ORTHOPEDIE CONSOMMABLES UTILISES EN CHIRURGIE GENERALE, EN TRAUMATOLOGIE ET EN ORTHOPEDIE",,,Pince halstead sans griffe courbe,---,---,Unité,AB,,False,53
Annexe 2 — Materiel Bio-Medical,Liste Principale,06,"OBJETS DE PANSEMENT CONSOMMABLES UTILISES EN CHIRURGIE GENERALE, EN TRAUMATOLOGIE ET EN ORTHOPEDIE CONSOMMABLES UTILISES EN CHIRURGIE GENERALE, EN TRAUMATOLOGIE ET EN ORTHOPEDIE CONSOMMABLES UTILISES EN CHIRURGIE GENERALE, EN TRAUMATOLOGIE ET EN ORTHOPEDIE CONSOMMABLES UTILISES EN CHIRURGIE GENERALE, EN TRAUMATOLOGIE ET EN ORTHOPEDIE",,,Pince halstead sans griffe droite,---,---,Unité,AB,,False,53
Annexe 2 — Materiel Bio-Medical,Liste Principale,06,"OBJETS DE PANSEMENT CONSOMMABLES UTILISES EN CHIRURGIE GENERALE, EN TRAUMATOLOGIE ET EN ORTHOPEDIE CONSOMMABLES UTILISES EN CHIRURGIE GENERALE, EN TRAUMATOLOGIE ET EN ORTHOPEDIE CONSOMMABLES UTILISES EN CHIRURGIE GENERALE, EN TRAUMATOLOGIE ET EN ORTHOPEDIE CONSOMMABLES UTILISES EN CHIRURGIE GENERALE, EN TRAUMATOLOGIE ET EN ORTHOPEDIE",,,Pince kocher courbe à griffe 14,---,---,Unité,ABC,,False,53
Annexe 2 — Materiel Bio-Medical,Liste Principale,06,"OBJETS DE PANSEMENT CONSOMMABLES UTILISES EN CHIRURGIE GENERALE, EN TRAUMATOLOGIE ET EN ORTHOPEDIE CONSOMMABLES UTILISES EN CHIRURGIE GENERALE, EN TRAUMATOLOGIE ET EN ORTHOPEDIE CONSOMMABLES UTILISES EN CHIRURGIE GENERALE, EN TRAUMATOLOGIE ET EN ORTHOPEDIE CONSOMMABLES UTILISES EN CHIRURGIE GENERALE, EN TRAUMATOLOGIE ET EN ORTHOPEDIE",,,Pince kocher courbe à griffe 16,---,---,Unité,ABC,,False,53
Annexe 2 — Materiel Bio-Medical,Liste Principale,06,"OBJETS DE PANSEMENT CONSOMMABLES UTILISES EN CHIRURGIE GENERALE, EN TRAUMATOLOGIE ET EN ORTHOPEDIE CONSOMMABLES UTILISES EN CHIRURGIE GENERALE, EN TRAUMATOLOGIE ET EN ORTHOPEDIE CONSOMMABLES UTILISES EN CHIRURGIE GENERALE, EN TRAUMATOLOGIE ET EN ORTHOPEDIE CONSOMMABLES UTILISES EN CHIRURGIE GENERALE, EN TRAUMATOLOGIE ET EN ORTHOPEDIE",,,Pince ombredanne,---,---,Unité,AB,,False,53
Annexe 2 — Materiel Bio-Medical,Liste Principale,06,"OBJETS DE PANSEMENT CONSOMMABLES UTILISES EN CHIRURGIE GENERALE, EN TRAUMATOLOGIE ET EN ORTHOPEDIE CONSOMMABLES UTILISES EN CHIRURGIE GENERALE, EN TRAUMATOLOGIE ET EN ORTHOPEDIE CONSOMMABLES UTILISES EN CHIRURGIE GENERALE, EN TRAUMATOLOGIE ET EN ORTHOPEDIE CONSOMMABLES UTILISES EN CHIRURGIE GENERALE, EN TRAUMATOLOGIE ET EN ORTHOPEDIE",,,Pince porte compresse,---,---,Unité,ABC,,False,53
Annexe 2 — Materiel Bio-Medical,Liste Principale,06,"OBJETS DE PANSEMENT CONSOMMABLES UTILISES EN CHIRURGIE GENERALE, EN TRAUMATOLOGIE ET EN ORTHOPEDIE CONSOMMABLES UTILISES EN CHIRURGIE GENERALE, EN TRAUMATOLOGIE ET EN ORTHOPEDIE CONSOMMABLES UTILISES EN CHIRURGIE GENERALE, EN TRAUMATOLOGIE ET EN ORTHOPEDIE CONSOMMABLES UTILISES EN CHIRURGIE GENERALE, EN TRAUMATOLOGIE ET EN ORTHOPEDIE",,,Plaque de polypropylène 15/15,---,---,Unité,AB,,False,53
Annexe 2 — Materiel Bio-Medical,Liste Principale,06,"OBJETS DE PANSEMENT CONSOMMABLES UTILISES EN CHIRURGIE GENERALE, EN TRAUMATOLOGIE ET EN ORTHOPEDIE CONSOMMABLES UTILISES EN CHIRURGIE GENERALE, EN TRAUMATOLOGIE ET EN ORTHOPEDIE CONSOMMABLES UTILISES EN CHIRURGIE GENERALE, EN TRAUMATOLOGIE ET EN ORTHOPEDIE CONSOMMABLES UTILISES EN CHIRURGIE GENERALE, EN TRAUMATOLOGIE ET EN ORTHOPEDIE",,,Plaque de polypropylène 30/30,---,---,Unité,AB,,False,53
Annexe 2 — Materiel Bio-Medical,Liste Principale,06,"OBJETS DE PANSEMENT CONSOMMABLES UTILISES EN CHIRURGIE GENERALE, EN TRAUMATOLOGIE ET EN ORTHOPEDIE CONSOMMABLES UTILISES EN CHIRURGIE GENERALE, EN TRAUMATOLOGIE ET EN ORTHOPEDIE CONSOMMABLES UTILISES EN CHIRURGIE GENERALE, EN TRAUMATOLOGIE ET EN ORTHOPEDIE CONSOMMABLES UTILISES EN CHIRURGIE GENERALE, EN TRAUMATOLOGIE ET EN ORTHOPEDIE",,,"Plaque de polypropylène 7,5/15",---,---,Unité,AB,,False,53
Annexe 2 — Materiel Bio-Medical,Liste Principale,06,"OBJETS DE PANSEMENT CONSOMMABLES UTILISES EN CHIRURGIE GENERALE, EN TRAUMATOLOGIE ET EN ORTHOPEDIE CONSOMMABLES UTILISES EN CHIRURGIE GENERALE, EN TRAUMATOLOGIE ET EN ORTHOPEDIE CONSOMMABLES UTILISES EN CHIRURGIE GENERALE, EN TRAUMATOLOGIE ET EN ORTHOPEDIE CONSOMMABLES UTILISES EN CHIRURGIE GENERALE, EN TRAUMATOLOGIE ET EN ORTHOPEDIE",,,Plaque en mersuture 15/15,---,---,Unité,AB,,False,53
Annexe 2 — Materiel Bio-Medical,Liste Principale,06,"OBJETS DE PANSEMENT CONSOMMABLES UTILISES EN CHIRURGIE GENERALE, EN TRAUMATOLOGIE ET EN ORTHOPEDIE CONSOMMABLES UTILISES EN CHIRURGIE GENERALE, EN TRAUMATOLOGIE ET EN ORTHOPEDIE CONSOMMABLES UTILISES EN CHIRURGIE GENERALE, EN TRAUMATOLOGIE ET EN ORTHOPEDIE CONSOMMABLES UTILISES EN CHIRURGIE GENERALE, EN TRAUMATOLOGIE ET EN ORTHOPEDIE",,,Plaque en mersuture 30/30,---,---,Unité,AB,,False,53
Annexe 2 — Materiel Bio-Medical,Liste Principale,06,"OBJETS DE PANSEMENT CONSOMMABLES UTILISES EN CHIRURGIE GENERALE, EN TRAUMATOLOGIE ET EN ORTHOPEDIE CONSOMMABLES UTILISES EN CHIRURGIE GENERALE, EN TRAUMATOLOGIE ET EN ORTHOPEDIE CONSOMMABLES UTILISES EN CHIRURGIE GENERALE, EN TRAUMATOLOGIE ET EN ORTHOPEDIE CONSOMMABLES UTILISES EN CHIRURGIE GENERALE, EN TRAUMATOLOGIE ET EN ORTHOPEDIE",,,Plaques d'osteosynthese (Avant-bras),---,---,Unité,AB,,False,53
Annexe 2 — Materiel Bio-Medical,Liste Principale,06,"OBJETS DE PANSEMENT CONSOMMABLES UTILISES EN CHIRURGIE GENERALE, EN TRAUMATOLOGIE ET EN ORTHOPEDIE CONSOMMABLES UTILISES EN CHIRURGIE GENERALE, EN TRAUMATOLOGIE ET EN ORTHOPEDIE CONSOMMABLES UTILISES EN CHIRURGIE GENERALE, EN TRAUMATOLOGIE ET EN ORTHOPEDIE CONSOMMABLES UTILISES EN CHIRURGIE GENERALE, EN TRAUMATOLOGIE ET EN ORTHOPEDIE",,,Plaques d'osteosynthese (Fémur),---,---,Unité,AB,,False,53
Annexe 2 — Materiel Bio-Medical,Liste Principale,06,"OBJETS DE PANSEMENT CONSOMMABLES UTILISES EN CHIRURGIE GENERALE, EN TRAUMATOLOGIE ET EN ORTHOPEDIE CONSOMMABLES UTILISES EN CHIRURGIE GENERALE, EN TRAUMATOLOGIE ET EN ORTHOPEDIE CONSOMMABLES UTILISES EN CHIRURGIE GENERALE, EN TRAUMATOLOGIE ET EN ORTHOPEDIE CONSOMMABLES UTILISES EN CHIRURGIE GENERALE, EN TRAUMATOLOGIE ET EN ORTHOPEDIE",,,Plaques d'osteosynthese (Humérus),---,---,Unité,AB,,False,53
Annexe 2 — Materiel Bio-Medical,Liste Principale,06,"OBJETS DE PANSEMENT CONSOMMABLES UTILISES EN CHIRURGIE GENERALE, EN TRAUMATOLOGIE ET EN ORTHOPEDIE CONSOMMABLES UTILISES EN CHIRURGIE GENERALE, EN TRAUMATOLOGIE ET EN ORTHOPEDIE CONSOMMABLES UTILISES EN CHIRURGIE GENERALE, EN TRAUMATOLOGIE ET EN ORTHOPEDIE CONSOMMABLES UTILISES EN CHIRURGIE GENERALE, EN TRAUMATOLOGIE ET EN ORTHOPEDIE",,,Plaques d'osteosynthese (Jambe),---,---,Unité,AB,,False,53
Annexe 2 — Materiel Bio-Medical,Liste Principale,06,"OBJETS DE PANSEMENT CONSOMMABLES UTILISES EN CHIRURGIE GENERALE, EN TRAUMATOLOGIE ET EN ORTHOPEDIE CONSOMMABLES UTILISES EN CHIRURGIE GENERALE, EN TRAUMATOLOGIE ET EN ORTHOPEDIE CONSOMMABLES UTILISES EN CHIRURGIE GENERALE, EN TRAUMATOLOGIE ET EN ORTHOPEDIE CONSOMMABLES UTILISES EN CHIRURGIE GENERALE, EN TRAUMATOLOGIE ET EN ORTHOPEDIE",,,Pointe Carre unité AB,---,---,Unité,AB,,False,53
Annexe 2 — Materiel Bio-Medical,Liste Principale,06,"OBJETS DE PANSEMENT CONSOMMABLES UTILISES EN CHIRURGIE GENERALE, EN TRAUMATOLOGIE ET EN ORTHOPEDIE CONSOMMABLES UTILISES EN CHIRURGIE GENERALE, EN TRAUMATOLOGIE ET EN ORTHOPEDIE CONSOMMABLES UTILISES EN CHIRURGIE GENERALE, EN TRAUMATOLOGIE ET EN ORTHOPEDIE CONSOMMABLES UTILISES EN CHIRURGIE GENERALE, EN TRAUMATOLOGIE ET EN ORTHOPEDIE",,,Scie à os grande taille,---,---,Unité,AB,,False,53
Annexe 2 — Materiel Bio-Medical,Liste Principale,06,"OBJETS DE PANSEMENT CONSOMMABLES UTILISES EN CHIRURGIE GENERALE, EN TRAUMATOLOGIE ET EN ORTHOPEDIE CONSOMMABLES UTILISES EN CHIRURGIE GENERALE, EN TRAUMATOLOGIE ET EN ORTHOPEDIE CONSOMMABLES UTILISES EN CHIRURGIE GENERALE, EN TRAUMATOLOGIE ET EN ORTHOPEDIE CONSOMMABLES UTILISES EN CHIRURGIE GENERALE, EN TRAUMATOLOGIE ET EN ORTHOPEDIE",,,Scie à os moyenne taille,---,---,Unité,AB,,False,53
Annexe 2 — Materiel Bio-Medical,Liste Principale,06,"OBJETS DE PANSEMENT CONSOMMABLES UTILISES EN CHIRURGIE GENERALE, EN TRAUMATOLOGIE ET EN ORTHOPEDIE CONSOMMABLES UTILISES EN CHIRURGIE GENERALE, EN TRAUMATOLOGIE ET EN ORTHOPEDIE CONSOMMABLES UTILISES EN CHIRURGIE GENERALE, EN TRAUMATOLOGIE ET EN ORTHOPEDIE CONSOMMABLES UTILISES EN CHIRURGIE GENERALE, EN TRAUMATOLOGIE ET EN ORTHOPEDIE",,,Scie à os petite taille,---,---,Unité,AB,,False,53
Annexe 2 — Materiel Bio-Medical,Liste Principale,06,"OBJETS DE PANSEMENT CONSOMMABLES UTILISES EN CHIRURGIE GENERALE, EN TRAUMATOLOGIE ET EN ORTHOPEDIE CONSOMMABLES UTILISES EN CHIRURGIE GENERALE, EN TRAUMATOLOGIE ET EN ORTHOPEDIE CONSOMMABLES UTILISES EN CHIRURGIE GENERALE, EN TRAUMATOLOGIE ET EN ORTHOPEDIE CONSOMMABLES UTILISES EN CHIRURGIE GENERALE, EN TRAUMATOLOGIE ET EN ORTHOPEDIE",,,Scie à platre + lames de recharge,---,---,Unité,AB,,False,53
Annexe 2 — Materiel Bio-Medical,Liste Principale,06,"OBJETS DE PANSEMENT CONSOMMABLES UTILISES EN CHIRURGIE GENERALE, EN TRAUMATOLOGIE ET EN ORTHOPEDIE CONSOMMABLES UTILISES EN CHIRURGIE GENERALE, EN TRAUMATOLOGIE ET EN ORTHOPEDIE CONSOMMABLES UTILISES EN CHIRURGIE GENERALE, EN TRAUMATOLOGIE ET EN ORTHOPEDIE CONSOMMABLES UTILISES EN CHIRURGIE GENERALE, EN TRAUMATOLOGIE ET EN ORTHOPEDIE",,,Scie de gigli,---,---,Unité,AB,,False,53
Annexe 2 — Materiel Bio-Medical,Liste Principale,06,"OBJETS DE PANSEMENT CONSOMMABLES UTILISES EN CHIRURGIE GENERALE, EN TRAUMATOLOGIE ET EN ORTHOPEDIE CONSOMMABLES UTILISES EN CHIRURGIE GENERALE, EN TRAUMATOLOGIE ET EN ORTHOPEDIE CONSOMMABLES UTILISES EN CHIRURGIE GENERALE, EN TRAUMATOLOGIE ET EN ORTHOPEDIE CONSOMMABLES UTILISES EN CHIRURGIE GENERALE, EN TRAUMATOLOGIE ET EN ORTHOPEDIE",,,Sonde cannelée,---,---,Unité,AB,,False,53
Annexe 2 — Materiel Bio-Medical,Liste Principale,06,"OBJETS DE PANSEMENT CONSOMMABLES UTILISES EN CHIRURGIE GENERALE, EN TRAUMATOLOGIE ET EN ORTHOPEDIE CONSOMMABLES UTILISES EN CHIRURGIE GENERALE, EN TRAUMATOLOGIE ET EN ORTHOPEDIE CONSOMMABLES UTILISES EN CHIRURGIE GENERALE, EN TRAUMATOLOGIE ET EN ORTHOPEDIE CONSOMMABLES UTILISES EN CHIRURGIE GENERALE, EN TRAUMATOLOGIE ET EN ORTHOPEDIE",,,Sonde cannelée nelaton,---,---,Unité,AB,,False,53
Annexe 2 — Materiel Bio-Medical,Liste Principale,06,"OBJETS DE PANSEMENT CONSOMMABLES UTILISES EN CHIRURGIE GENERALE, EN TRAUMATOLOGIE ET EN ORTHOPEDIE CONSOMMABLES UTILISES EN CHIRURGIE GENERALE, EN TRAUMATOLOGIE ET EN ORTHOPEDIE CONSOMMABLES UTILISES EN CHIRURGIE GENERALE, EN TRAUMATOLOGIE ET EN ORTHOPEDIE CONSOMMABLES UTILISES EN CHIRURGIE GENERALE, EN TRAUMATOLOGIE ET EN ORTHOPEDIE",,,Sur-matelas anti-escarres à air,---,---,Unité,AB,,False,53
Annexe 2 — Materiel Bio-Medical,Liste Principale,06,"OBJETS DE PANSEMENT CONSOMMABLES UTILISES EN CHIRURGIE GENERALE, EN TRAUMATOLOGIE ET EN ORTHOPEDIE CONSOMMABLES UTILISES EN CHIRURGIE GENERALE, EN TRAUMATOLOGIE ET EN ORTHOPEDIE CONSOMMABLES UTILISES EN CHIRURGIE GENERALE, EN TRAUMATOLOGIE ET EN ORTHOPEDIE CONSOMMABLES UTILISES EN CHIRURGIE GENERALE, EN TRAUMATOLOGIE ET EN ORTHOPEDIE",,,Sur-matelas anti-escarres à eau,---,---,Unité,AB,,False,53
Annexe 2 — Materiel Bio-Medical,Liste Principale,06,"OBJETS DE PANSEMENT CONSOMMABLES UTILISES EN CHIRURGIE GENERALE, EN TRAUMATOLOGIE ET EN ORTHOPEDIE CONSOMMABLES UTILISES EN CHIRURGIE GENERALE, EN TRAUMATOLOGIE ET EN ORTHOPEDIE CONSOMMABLES UTILISES EN CHIRURGIE GENERALE, EN TRAUMATOLOGIE ET EN ORTHOPEDIE CONSOMMABLES UTILISES EN CHIRURGIE GENERALE, EN TRAUMATOLOGIE ET EN ORTHOPEDIE",,,Tablette à vis,---,---,Unité,AB,,False,53
Annexe 2 — Materiel Bio-Medical,Liste Principale,06,"OBJETS DE PANSEMENT CONSOMMABLES UTILISES EN CHIRURGIE GENERALE, EN TRAUMATOLOGIE ET EN ORTHOPEDIE CONSOMMABLES UTILISES EN CHIRURGIE GENERALE, EN TRAUMATOLOGIE ET EN ORTHOPEDIE CONSOMMABLES UTILISES EN CHIRURGIE GENERALE, EN TRAUMATOLOGIE ET EN ORTHOPEDIE CONSOMMABLES UTILISES EN CHIRURGIE GENERALE, EN TRAUMATOLOGIE ET EN ORTHOPEDIE",,,"Tourne vis cruciforme 2,5",---,---,Unité,AB,,False,53
Annexe 2 — Materiel Bio-Medical,Liste Principale,06,"OBJETS DE PANSEMENT CONSOMMABLES UTILISES EN CHIRURGIE GENERALE, EN TRAUMATOLOGIE ET EN ORTHOPEDIE CONSOMMABLES UTILISES EN CHIRURGIE GENERALE, EN TRAUMATOLOGIE ET EN ORTHOPEDIE CONSOMMABLES UTILISES EN CHIRURGIE GENERALE, EN TRAUMATOLOGIE ET EN ORTHOPEDIE CONSOMMABLES UTILISES EN CHIRURGIE GENERALE, EN TRAUMATOLOGIE ET EN ORTHOPEDIE",,,"Tourne vis cruciforme 3,5",---,---,Unité,AB,,False,53
Annexe 2 — Materiel Bio-Medical,Liste Principale,06,"OBJETS DE PANSEMENT CONSOMMABLES UTILISES EN CHIRURGIE GENERALE, EN TRAUMATOLOGIE ET EN ORTHOPEDIE CONSOMMABLES UTILISES EN CHIRURGIE GENERALE, EN TRAUMATOLOGIE ET EN ORTHOPEDIE CONSOMMABLES UTILISES EN CHIRURGIE GENERALE, EN TRAUMATOLOGIE ET EN ORTHOPEDIE CONSOMMABLES UTILISES EN CHIRURGIE GENERALE, EN TRAUMATOLOGIE ET EN ORTHOPEDIE",,,Tourne vis cruciforme 7,---,---,Unité,AB,,False,53
Annexe 2 — Materiel Bio-Medical,Liste Principale,06,"OBJETS DE PANSEMENT CONSOMMABLES UTILISES EN CHIRURGIE GENERALE, EN TRAUMATOLOGIE ET EN ORTHOPEDIE CONSOMMABLES UTILISES EN CHIRURGIE GENERALE, EN TRAUMATOLOGIE ET EN ORTHOPEDIE CONSOMMABLES UTILISES EN CHIRURGIE GENERALE, EN TRAUMATOLOGIE ET EN ORTHOPEDIE CONSOMMABLES UTILISES EN CHIRURGIE GENERALE, EN TRAUMATOLOGIE ET EN ORTHOPEDIE",,,"Tourne vis francais (en croix) 3,5",---,---,Unité,AB,,False,53
Annexe 2 — Materiel Bio-Medical,Liste Principale,06,"OBJETS DE PANSEMENT CONSOMMABLES UTILISES EN CHIRURGIE GENERALE, EN TRAUMATOLOGIE ET EN ORTHOPEDIE CONSOMMABLES UTILISES EN CHIRURGIE GENERALE, EN TRAUMATOLOGIE ET EN ORTHOPEDIE CONSOMMABLES UTILISES EN CHIRURGIE GENERALE, EN TRAUMATOLOGIE ET EN ORTHOPEDIE CONSOMMABLES UTILISES EN CHIRURGIE GENERALE, EN TRAUMATOLOGIE ET EN ORTHOPEDIE",,,Tourne vis francais (en croix) 7,---,---,Unité,AB,,False,53
Annexe 2 — Materiel Bio-Medical,Liste Principale,06,"OBJETS DE PANSEMENT CONSOMMABLES UTILISES EN CHIRURGIE GENERALE, EN TRAUMATOLOGIE ET EN ORTHOPEDIE CONSOMMABLES UTILISES EN CHIRURGIE GENERALE, EN TRAUMATOLOGIE ET EN ORTHOPEDIE CONSOMMABLES UTILISES EN CHIRURGIE GENERALE, EN TRAUMATOLOGIE ET EN ORTHOPEDIE CONSOMMABLES UTILISES EN CHIRURGIE GENERALE, EN TRAUMATOLOGIE ET EN ORTHOPEDIE",,,Tourne vis francais (en croix) 8,---,---,Unité,AB,,False,53
Annexe 2 — Materiel Bio-Medical,Liste Principale,06,"OBJETS DE PANSEMENT CONSOMMABLES UTILISES EN CHIRURGIE GENERALE, EN TRAUMATOLOGIE ET EN ORTHOPEDIE CONSOMMABLES UTILISES EN CHIRURGIE GENERALE, EN TRAUMATOLOGIE ET EN ORTHOPEDIE CONSOMMABLES UTILISES EN CHIRURGIE GENERALE, EN TRAUMATOLOGIE ET EN ORTHOPEDIE CONSOMMABLES UTILISES EN CHIRURGIE GENERALE, EN TRAUMATOLOGIE ET EN ORTHOPEDIE",,,"Tourne vis hexagonal 2,5 canulé",---,---,Unité,AB,,False,53
Annexe 2 — Materiel Bio-Medical,Liste Principale,06,"OBJETS DE PANSEMENT CONSOMMABLES UTILISES EN CHIRURGIE GENERALE, EN TRAUMATOLOGIE ET EN ORTHOPEDIE CONSOMMABLES UTILISES EN CHIRURGIE GENERALE, EN TRAUMATOLOGIE ET EN ORTHOPEDIE CONSOMMABLES UTILISES EN CHIRURGIE GENERALE, EN TRAUMATOLOGIE ET EN ORTHOPEDIE CONSOMMABLES UTILISES EN CHIRURGIE GENERALE, EN TRAUMATOLOGIE ET EN ORTHOPEDIE",,,"Tourne vis hexagonal 2,5 simple",---,---,Unité,AB,,False,53
Annexe 2 — Materiel Bio-Medical,Liste Principale,06,"OBJETS DE PANSEMENT CONSOMMABLES UTILISES EN CHIRURGIE GENERALE, EN TRAUMATOLOGIE ET EN ORTHOPEDIE CONSOMMABLES UTILISES EN CHIRURGIE GENERALE, EN TRAUMATOLOGIE ET EN ORTHOPEDIE CONSOMMABLES UTILISES EN CHIRURGIE GENERALE, EN TRAUMATOLOGIE ET EN ORTHOPEDIE CONSOMMABLES UTILISES EN CHIRURGIE GENERALE, EN TRAUMATOLOGIE ET EN ORTHOPEDIE CONSOMMABLES UTILISES EN CHIRURGIE GENERALE, EN TRAUMATOLOGIE ET EN ORTHOPEDIE",,,"Tourne vis hexagonal 3,5 canulé",---,---,Unité,AB,,False,54
Annexe 2 — Materiel Bio-Medical,Liste Principale,06,"OBJETS DE PANSEMENT CONSOMMABLES UTILISES EN CHIRURGIE GENERALE, EN TRAUMATOLOGIE ET EN ORTHOPEDIE CONSOMMABLES UTILISES EN CHIRURGIE GENERALE, EN TRAUMATOLOGIE ET EN ORTHOPEDIE CONSOMMABLES UTILISES EN CHIRURGIE GENERALE, EN TRAUMATOLOGIE ET EN ORTHOPEDIE CONSOMMABLES UTILISES EN CHIRURGIE GENERALE, EN TRAUMATOLOGIE ET EN ORTHOPEDIE CONSOMMABLES UTILISES EN CHIRURGIE GENERALE, EN TRAUMATOLOGIE ET EN ORTHOPEDIE",,,"Tourne vis hexagonal 3,5 simple",---,---,Unité,AB,,False,54
Annexe 2 — Materiel Bio-Medical,Liste Principale,06,"OBJETS DE PANSEMENT CONSOMMABLES UTILISES EN CHIRURGIE GENERALE, EN TRAUMATOLOGIE ET EN ORTHOPEDIE CONSOMMABLES UTILISES EN CHIRURGIE GENERALE, EN TRAUMATOLOGIE ET EN ORTHOPEDIE CONSOMMABLES UTILISES EN CHIRURGIE GENERALE, EN TRAUMATOLOGIE ET EN ORTHOPEDIE CONSOMMABLES UTILISES EN CHIRURGIE GENERALE, EN TRAUMATOLOGIE ET EN ORTHOPEDIE CONSOMMABLES UTILISES EN CHIRURGIE GENERALE, EN TRAUMATOLOGIE ET EN ORTHOPEDIE",,,"Tourne vis hexagonal 4,5 canulé",---,---,Unité,AB,,False,54
Annexe 2 — Materiel Bio-Medical,Liste Principale,06,"OBJETS DE PANSEMENT CONSOMMABLES UTILISES EN CHIRURGIE GENERALE, EN TRAUMATOLOGIE ET EN ORTHOPEDIE CONSOMMABLES UTILISES EN CHIRURGIE GENERALE, EN TRAUMATOLOGIE ET EN ORTHOPEDIE CONSOMMABLES UTILISES EN CHIRURGIE GENERALE, EN TRAUMATOLOGIE ET EN ORTHOPEDIE CONSOMMABLES UTILISES EN CHIRURGIE GENERALE, EN TRAUMATOLOGIE ET EN ORTHOPEDIE CONSOMMABLES UTILISES EN CHIRURGIE GENERALE, EN TRAUMATOLOGIE ET EN ORTHOPEDIE",,,"Tourne vis hexagonal 4,5 simple",---,---,Unité,AB,,False,54
Annexe 2 — Materiel Bio-Medical,Liste Principale,06,"OBJETS DE PANSEMENT CONSOMMABLES UTILISES EN CHIRURGIE GENERALE, EN TRAUMATOLOGIE ET EN ORTHOPEDIE CONSOMMABLES UTILISES EN CHIRURGIE GENERALE, EN TRAUMATOLOGIE ET EN ORTHOPEDIE CONSOMMABLES UTILISES EN CHIRURGIE GENERALE, EN TRAUMATOLOGIE ET EN ORTHOPEDIE CONSOMMABLES UTILISES EN CHIRURGIE GENERALE, EN TRAUMATOLOGIE ET EN ORTHOPEDIE CONSOMMABLES UTILISES EN CHIRURGIE GENERALE, EN TRAUMATOLOGIE ET EN ORTHOPEDIE",,,Trepan-vilbrequin doyen,---,---,Unité,AB,,False,54
Annexe 2 — Materiel Bio-Medical,Liste Principale,06,"OBJETS DE PANSEMENT CONSOMMABLES UTILISES EN CHIRURGIE GENERALE, EN TRAUMATOLOGIE ET EN ORTHOPEDIE CONSOMMABLES UTILISES EN CHIRURGIE GENERALE, EN TRAUMATOLOGIE ET EN ORTHOPEDIE CONSOMMABLES UTILISES EN CHIRURGIE GENERALE, EN TRAUMATOLOGIE ET EN ORTHOPEDIE CONSOMMABLES UTILISES EN CHIRURGIE GENERALE, EN TRAUMATOLOGIE ET EN ORTHOPEDIE CONSOMMABLES UTILISES EN CHIRURGIE GENERALE, EN TRAUMATOLOGIE ET EN ORTHOPEDIE",,,Valve suspubienne doyen GM,---,---,Unité,AB,,False,54
Annexe 2 — Materiel Bio-Medical,Liste Principale,06,"OBJETS DE PANSEMENT CONSOMMABLES UTILISES EN CHIRURGIE GENERALE, EN TRAUMATOLOGIE ET EN ORTHOPEDIE CONSOMMABLES UTILISES EN CHIRURGIE GENERALE, EN TRAUMATOLOGIE ET EN ORTHOPEDIE CONSOMMABLES UTILISES EN CHIRURGIE GENERALE, EN TRAUMATOLOGIE ET EN ORTHOPEDIE CONSOMMABLES UTILISES EN CHIRURGIE GENERALE, EN TRAUMATOLOGIE ET EN ORTHOPEDIE CONSOMMABLES UTILISES EN CHIRURGIE GENERALE, EN TRAUMATOLOGIE ET EN ORTHOPEDIE",,,Valve suspubienne doyen MM,---,---,Unité,AB,,False,54
Annexe 2 — Materiel Bio-Medical,Liste Principale,06,"OBJETS DE PANSEMENT CONSOMMABLES UTILISES EN CHIRURGIE GENERALE, EN TRAUMATOLOGIE ET EN ORTHOPEDIE CONSOMMABLES UTILISES EN CHIRURGIE GENERALE, EN TRAUMATOLOGIE ET EN ORTHOPEDIE CONSOMMABLES UTILISES EN CHIRURGIE GENERALE, EN TRAUMATOLOGIE ET EN ORTHOPEDIE CONSOMMABLES UTILISES EN CHIRURGIE GENERALE, EN TRAUMATOLOGIE ET EN ORTHOPEDIE CONSOMMABLES UTILISES EN CHIRURGIE GENERALE, EN TRAUMATOLOGIE ET EN ORTHOPEDIE",,,Valve suspubienne doyen PM,---,---,Unité,AB,,False,54
Annexe 2 — Materiel Bio-Medical,Liste Principale,06,"OBJETS DE PANSEMENT CONSOMMABLES UTILISES EN CHIRURGIE GENERALE, EN TRAUMATOLOGIE ET EN ORTHOPEDIE CONSOMMABLES UTILISES EN CHIRURGIE GENERALE, EN TRAUMATOLOGIE ET EN ORTHOPEDIE CONSOMMABLES UTILISES EN CHIRURGIE GENERALE, EN TRAUMATOLOGIE ET EN ORTHOPEDIE CONSOMMABLES UTILISES EN CHIRURGIE GENERALE, EN TRAUMATOLOGIE ET EN ORTHOPEDIE CONSOMMABLES UTILISES EN CHIRURGIE GENERALE, EN TRAUMATOLOGIE ET EN ORTHOPEDIE",,,"Vis D’osteosynthese (2,5) canulé longueur 20-60",---,---,Unité,AB,,False,54
Annexe 2 — Materiel Bio-Medical,Liste Principale,06,"OBJETS DE PANSEMENT CONSOMMABLES UTILISES EN CHIRURGIE GENERALE, EN TRAUMATOLOGIE ET EN ORTHOPEDIE CONSOMMABLES UTILISES EN CHIRURGIE GENERALE, EN TRAUMATOLOGIE ET EN ORTHOPEDIE CONSOMMABLES UTILISES EN CHIRURGIE GENERALE, EN TRAUMATOLOGIE ET EN ORTHOPEDIE CONSOMMABLES UTILISES EN CHIRURGIE GENERALE, EN TRAUMATOLOGIE ET EN ORTHOPEDIE CONSOMMABLES UTILISES EN CHIRURGIE GENERALE, EN TRAUMATOLOGIE ET EN ORTHOPEDIE",,,"Vis D’osteosynthese (2,5) simple longueur 20-60",---,---,Unité,AB,,False,54
Annexe 2 — Materiel Bio-Medical,Liste Principale,06,"OBJETS DE PANSEMENT CONSOMMABLES UTILISES EN CHIRURGIE GENERALE, EN TRAUMATOLOGIE ET EN ORTHOPEDIE CONSOMMABLES UTILISES EN CHIRURGIE GENERALE, EN TRAUMATOLOGIE ET EN ORTHOPEDIE CONSOMMABLES UTILISES EN CHIRURGIE GENERALE, EN TRAUMATOLOGIE ET EN ORTHOPEDIE CONSOMMABLES UTILISES EN CHIRURGIE GENERALE, EN TRAUMATOLOGIE ET EN ORTHOPEDIE CONSOMMABLES UTILISES EN CHIRURGIE GENERALE, EN TRAUMATOLOGIE ET EN ORTHOPEDIE",,,"Vis D’osteosynthese (3,5) simple longueur 20-60",---,---,Unité,AB,,False,54
Annexe 2 — Materiel Bio-Medical,Liste Principale,06,"OBJETS DE PANSEMENT CONSOMMABLES UTILISES EN CHIRURGIE GENERALE, EN TRAUMATOLOGIE ET EN ORTHOPEDIE CONSOMMABLES UTILISES EN CHIRURGIE GENERALE, EN TRAUMATOLOGIE ET EN ORTHOPEDIE CONSOMMABLES UTILISES EN CHIRURGIE GENERALE, EN TRAUMATOLOGIE ET EN ORTHOPEDIE CONSOMMABLES UTILISES EN CHIRURGIE GENERALE, EN TRAUMATOLOGIE ET EN ORTHOPEDIE CONSOMMABLES UTILISES EN CHIRURGIE GENERALE, EN TRAUMATOLOGIE ET EN ORTHOPEDIE",,,"Vis D’osteosynthese (4,5) simple longueur 20-60",---,---,Unité,AB,,False,54
Annexe 2 — Materiel Bio-Medical,Liste Principale,06,"OBJETS DE PANSEMENT CONSOMMABLES UTILISES EN CHIRURGIE GENERALE, EN TRAUMATOLOGIE ET EN ORTHOPEDIE CONSOMMABLES UTILISES EN CHIRURGIE GENERALE, EN TRAUMATOLOGIE ET EN ORTHOPEDIE CONSOMMABLES UTILISES EN CHIRURGIE GENERALE, EN TRAUMATOLOGIE ET EN ORTHOPEDIE CONSOMMABLES UTILISES EN CHIRURGIE GENERALE, EN TRAUMATOLOGIE ET EN ORTHOPEDIE CONSOMMABLES UTILISES EN CHIRURGIE GENERALE, EN TRAUMATOLOGIE ET EN ORTHOPEDIE",,,"Vis D’osteosynthese(3,5) canulé longueur 20-60",---,---,Unité,AB,,False,54
Annexe 2 — Materiel Bio-Medical,Liste Principale,06,"OBJETS DE PANSEMENT CONSOMMABLES UTILISES EN CHIRURGIE GENERALE, EN TRAUMATOLOGIE ET EN ORTHOPEDIE CONSOMMABLES UTILISES EN CHIRURGIE GENERALE, EN TRAUMATOLOGIE ET EN ORTHOPEDIE CONSOMMABLES UTILISES EN CHIRURGIE GENERALE, EN TRAUMATOLOGIE ET EN ORTHOPEDIE CONSOMMABLES UTILISES EN CHIRURGIE GENERALE, EN TRAUMATOLOGIE ET EN ORTHOPEDIE CONSOMMABLES UTILISES EN CHIRURGIE GENERALE, EN TRAUMATOLOGIE ET EN ORTHOPEDIE",,,"Vis D’osteosynthese(4,5) canulé longueur 20-60",---,---,Unité,AB,,False,54
Annexe 2 — Materiel Bio-Medical,Liste Principale,08,CONSOMMABLES UTILISES EN GASTROENTEROLOGIE ET CHIRURGIE DIGESTIVE,,,Drain de KEHR en T 10,---,---,Unité,AB,,False,54
Annexe 2 — Materiel Bio-Medical,Liste Principale,08,CONSOMMABLES UTILISES EN GASTROENTEROLOGIE ET CHIRURGIE DIGESTIVE,,,Drain de KEHR en T 14,---,---,Unité,AB,,False,54
Annexe 2 — Materiel Bio-Medical,Liste Principale,08,CONSOMMABLES UTILISES EN GASTROENTEROLOGIE ET CHIRURGIE DIGESTIVE,,,Poche à colostomie à 1 pièce vidangeable transparente,---,---,Unité,AB,,False,54
Annexe 2 — Materiel Bio-Medical,Liste Principale,08,CONSOMMABLES UTILISES EN GASTROENTEROLOGIE ET CHIRURGIE DIGESTIVE,,,Poche à colostomie à 2 pièces vidangeables transparentes,---,---,Unité,AB,,False,54
Annexe 2 — Materiel Bio-Medical,Liste Principale,08,CONSOMMABLES UTILISES EN GASTROENTEROLOGIE ET CHIRURGIE DIGESTIVE,,,Poche à colostomie à 1 pièce vidangeable transparente Pédiatrique,---,---,Unité,AB,,False,54
Annexe 2 — Materiel Bio-Medical,Liste Principale,08,CONSOMMABLES UTILISES EN GASTROENTEROLOGIE ET CHIRURGIE DIGESTIVE,,,Poche à colostomie à 2 pièces vidangeables transparentes Pédiatrique,---,---,Unité,AB,,False,54
Annexe 2 — Materiel Bio-Medical,Liste Principale,08,CONSOMMABLES UTILISES EN GASTROENTEROLOGIE ET CHIRURGIE DIGESTIVE,,,Poche de gastrostomie,---,---,Unité,AB,,False,54
Annexe 2 — Materiel Bio-Medical,Liste Principale,08,CONSOMMABLES UTILISES EN GASTROENTEROLOGIE ET CHIRURGIE DIGESTIVE,,,Poche de jejunostomie,---,---,Unité,AB,,False,54
Annexe 2 — Materiel Bio-Medical,Liste Principale,08,CONSOMMABLES UTILISES EN GASTROENTEROLOGIE ET CHIRURGIE DIGESTIVE 0G CONSOMMABLES UTILISES EN CHIRURGIE UROLOGIQUE,,,"Couches jetables M, S, L",---,---,Unité,AB,,False,54
Annexe 2 — Materiel Bio-Medical,Liste Principale,08,CONSOMMABLES UTILISES EN GASTROENTEROLOGIE ET CHIRURGIE DIGESTIVE 0G CONSOMMABLES UTILISES EN CHIRURGIE UROLOGIQUE,,,Poche uréthérostomie,---,---,Unité,AB,,False,54
Annexe 2 — Materiel Bio-Medical,Liste Principale,10,CONSOMMABLES UTILISES EN GYNECOLOGIE OBSTETRIQUE,,,Gant de révision utérine n°6,---,---,Unité,ABCD,,False,54
Annexe 2 — Materiel Bio-Medical,Liste Principale,10,CONSOMMABLES UTILISES EN GYNECOLOGIE OBSTETRIQUE,,,Gant de révision utérine n°7,---,---,Unité,ABCD,,False,54
Annexe 2 — Materiel Bio-Medical,Liste Principale,10,CONSOMMABLES UTILISES EN GYNECOLOGIE OBSTETRIQUE,,,"Gant de révision utérine n°7,5",---,---,Unité,ABCD,,False,54
Annexe 2 — Materiel Bio-Medical,Liste Principale,10,CONSOMMABLES UTILISES EN GYNECOLOGIE OBSTETRIQUE,,,Gant de revision uterine n°8,---,---,Unité,ABCD,,False,54
Annexe 2 — Materiel Bio-Medical,Liste Principale,10,CONSOMMABLES UTILISES EN GYNECOLOGIE OBSTETRIQUE,,,Spéculum UU L,---,---,Unité,ABCD,,False,54
Annexe 2 — Materiel Bio-Medical,Liste Principale,10,CONSOMMABLES UTILISES EN GYNECOLOGIE OBSTETRIQUE,,,Spéculum UU MM,---,---,Unité,ABCD,,False,54
Annexe 2 — Materiel Bio-Medical,Liste Principale,10,CONSOMMABLES UTILISES EN GYNECOLOGIE OBSTETRIQUE,,,Spéculum UU PM,---,---,Unité,ABCD,,False,54
Annexe 2 — Materiel Bio-Medical,Liste Principale,11,CONSOMMABLES UTILISES EN ODONTO-STOMATOLOGIE,11.01,ATTELLES MINIATURISEES,Attelle de reconstruction hémimandibulaire droite,---,---,Unité,AB,,False,54
Annexe 2 — Materiel Bio-Medical,Liste Principale,11,CONSOMMABLES UTILISES EN ODONTO-STOMATOLOGIE,11.01,ATTELLES MINIATURISEES,Attelle de reconstruction hémimandibulaire gauche,---,---,Unité,AB,,False,54
Annexe 2 — Materiel Bio-Medical,Liste Principale,11,CONSOMMABLES UTILISES EN ODONTO-STOMATOLOGIE,11.01,ATTELLES MINIATURISEES,Attelle de reconstruction mandibulaire complète,---,---,Unité,AB,,False,54
Annexe 2 — Materiel Bio-Medical,Liste Principale,11,CONSOMMABLES UTILISES EN ODONTO-STOMATOLOGIE,11.01,ATTELLES MINIATURISEES,Attelle miniaturisée 11 trous,---,---,Unité,AB,,False,54
Annexe 2 — Materiel Bio-Medical,Liste Principale,11,CONSOMMABLES UTILISES EN ODONTO-STOMATOLOGIE,11.01,ATTELLES MINIATURISEES,Attelle miniaturisée 22 trous,---,---,Unité,AB,,False,54
Annexe 2 — Materiel Bio-Medical,Liste Principale,11,CONSOMMABLES UTILISES EN ODONTO-STOMATOLOGIE,11.02,VIS POUR STOMATOLOGIE ET CHIRURGIE MAXILLO-FACIALE,Vis bicorticales autoforeuses longueur (10) diamètre (2),---,---,Unité,AB,,False,54
Annexe 2 — Materiel Bio-Medical,Liste Principale,11,CONSOMMABLES UTILISES EN ODONTO-STOMATOLOGIE,11.02,VIS POUR STOMATOLOGIE ET CHIRURGIE MAXILLO-FACIALE,Vis bicorticales autoforeuses longueur (10) diamètre (2.5),---,---,Unité,AB,,False,54
Annexe 2 — Materiel Bio-Medical,Liste Principale,11,CONSOMMABLES UTILISES EN ODONTO-STOMATOLOGIE,11.02,VIS POUR STOMATOLOGIE ET CHIRURGIE MAXILLO-FACIALE,Vis bicorticales autoforeuses longueur (11) diamètre (2),---,---,Unité,AB,,False,54
Annexe 2 — Materiel Bio-Medical,Liste Principale,11,CONSOMMABLES UTILISES EN ODONTO-STOMATOLOGIE,11.02,VIS POUR STOMATOLOGIE ET CHIRURGIE MAXILLO-FACIALE,Vis bicorticales autoforeuses longueur (11) diamètre (2.5),---,---,Unité,AB,,False,54
Annexe 2 — Materiel Bio-Medical,Liste Principale,11,CONSOMMABLES UTILISES EN ODONTO-STOMATOLOGIE,11.02,VIS POUR STOMATOLOGIE ET CHIRURGIE MAXILLO-FACIALE,Vis bicorticales autoforeuses longueur (12) diamètre (2),---,---,Unité,AB,,False,54
Annexe 2 — Materiel Bio-Medical,Liste Principale,11,CONSOMMABLES UTILISES EN ODONTO-STOMATOLOGIE,11.02,VIS POUR STOMATOLOGIE ET CHIRURGIE MAXILLO-FACIALE,Vis bicorticales autoforeuses longueur (12) diamètre (2.5),---,---,Unité,AB,,False,54
Annexe 2 — Materiel Bio-Medical,Liste Principale,11,CONSOMMABLES UTILISES EN ODONTO-STOMATOLOGIE,11.02,VIS POUR STOMATOLOGIE ET CHIRURGIE MAXILLO-FACIALE,Vis bicorticales autoforeuses longueur (13) diamètre (2),---,---,Unité,AB,,False,54
Annexe 2 — Materiel Bio-Medical,Liste Principale,11,CONSOMMABLES UTILISES EN ODONTO-STOMATOLOGIE,11.02,VIS POUR STOMATOLOGIE ET CHIRURGIE MAXILLO-FACIALE,Vis bicorticales autoforeuses longueur (13) diamètre (2.5),---,---,Unité,AB,,False,54
Annexe 2 — Materiel Bio-Medical,Liste Principale,11,CONSOMMABLES UTILISES EN ODONTO-STOMATOLOGIE,11.02,VIS POUR STOMATOLOGIE ET CHIRURGIE MAXILLO-FACIALE,Vis bicorticales autoforeuses longueur (14) diamètre (2),---,---,Unité,AB,,False,54
Annexe 2 — Materiel Bio-Medical,Liste Principale,11,CONSOMMABLES UTILISES EN ODONTO-STOMATOLOGIE,11.02,VIS POUR STOMATOLOGIE ET CHIRURGIE MAXILLO-FACIALE,Vis bicorticales autoforeuses longueur (14) diamètre (2.5),---,---,Unité,AB,,False,54
Annexe 2 — Materiel Bio-Medical,Liste Principale,11,CONSOMMABLES UTILISES EN ODONTO-STOMATOLOGIE,11.02,VIS POUR STOMATOLOGIE ET CHIRURGIE MAXILLO-FACIALE,Vis bicorticales autoforeuses longueur (9) diamètre (2),---,---,Unité,AB,,False,54
Annexe 2 — Materiel Bio-Medical,Liste Principale,11,CONSOMMABLES UTILISES EN ODONTO-STOMATOLOGIE,11.02,VIS POUR STOMATOLOGIE ET CHIRURGIE MAXILLO-FACIALE,Vis bicorticales autoforeuses longueur (9) diamètre (2.5),---,---,Unité,AB,,False,54
Annexe 2 — Materiel Bio-Medical,Liste Principale,11,CONSOMMABLES UTILISES EN ODONTO-STOMATOLOGIE,11.02,VIS POUR STOMATOLOGIE ET CHIRURGIE MAXILLO-FACIALE,Vis de Lomas (Vis de blocage rapide),---,---,Unité,AB,,False,55
Annexe 2 — Materiel Bio-Medical,Liste Principale,11,CONSOMMABLES UTILISES EN ODONTO-STOMATOLOGIE,11.02,VIS POUR STOMATOLOGIE ET CHIRURGIE MAXILLO-FACIALE,Vis monocorticales autoforeuses longueur (4) diamètre (1.5),---,---,Unité,AB,,False,55
Annexe 2 — Materiel Bio-Medical,Liste Principale,11,CONSOMMABLES UTILISES EN ODONTO-STOMATOLOGIE,11.02,VIS POUR STOMATOLOGIE ET CHIRURGIE MAXILLO-FACIALE,Vis monocorticales autoforeuses longueur (4) diamètre (2),---,---,Unité,AB,,False,55
Annexe 2 — Materiel Bio-Medical,Liste Principale,11,CONSOMMABLES UTILISES EN ODONTO-STOMATOLOGIE,11.02,VIS POUR STOMATOLOGIE ET CHIRURGIE MAXILLO-FACIALE,Vis monocorticales autoforeuses longueur (4) diamètre (2.5),---,---,Unité,AB,,False,55
Annexe 2 — Materiel Bio-Medical,Liste Principale,11,CONSOMMABLES UTILISES EN ODONTO-STOMATOLOGIE,11.02,VIS POUR STOMATOLOGIE ET CHIRURGIE MAXILLO-FACIALE,Vis monocorticales autoforeuses longueur (5) diamètre (1.5),---,---,Unité,AB,,False,55
Annexe 2 — Materiel Bio-Medical,Liste Principale,11,CONSOMMABLES UTILISES EN ODONTO-STOMATOLOGIE,11.02,VIS POUR STOMATOLOGIE ET CHIRURGIE MAXILLO-FACIALE,Vis monocorticales autoforeuses longueur (5) diamètre (2),---,---,Unité,AB,,False,55
Annexe 2 — Materiel Bio-Medical,Liste Principale,11,CONSOMMABLES UTILISES EN ODONTO-STOMATOLOGIE,11.02,VIS POUR STOMATOLOGIE ET CHIRURGIE MAXILLO-FACIALE,Vis monocorticales autoforeuses longueur (5) diamètre (2.5),---,---,Unité,AB,,False,55
Annexe 2 — Materiel Bio-Medical,Liste Principale,11,CONSOMMABLES UTILISES EN ODONTO-STOMATOLOGIE,11.02,VIS POUR STOMATOLOGIE ET CHIRURGIE MAXILLO-FACIALE,Vis monocorticales autoforeuses longueur (6) diamètre (1.5),---,---,Unité,AB,,False,55
Annexe 2 — Materiel Bio-Medical,Liste Principale,11,CONSOMMABLES UTILISES EN ODONTO-STOMATOLOGIE,11.02,VIS POUR STOMATOLOGIE ET CHIRURGIE MAXILLO-FACIALE,Vis monocorticales autoforeuses longueur (6) diamètre (2),---,---,Unité,AB,,False,55
Annexe 2 — Materiel Bio-Medical,Liste Principale,11,CONSOMMABLES UTILISES EN ODONTO-STOMATOLOGIE,11.02,VIS POUR STOMATOLOGIE ET CHIRURGIE MAXILLO-FACIALE,Vis monocorticales autoforeuses longueur (6) diamètre (2.5),---,---,Unité,AB,,False,55
Annexe 2 — Materiel Bio-Medical,Liste Principale,11,CONSOMMABLES UTILISES EN ODONTO-STOMATOLOGIE,11.02,VIS POUR STOMATOLOGIE ET CHIRURGIE MAXILLO-FACIALE,Vis monocorticales autoforeuses longueur (7) diamètre (1.5),---,---,Unité,AB,,False,55
Annexe 2 — Materiel Bio-Medical,Liste Principale,11,CONSOMMABLES UTILISES EN ODONTO-STOMATOLOGIE,11.02,VIS POUR STOMATOLOGIE ET CHIRURGIE MAXILLO-FACIALE,Vis monocorticales autoforeuses longueur (7) diamètre (2),---,---,Unité,AB,,False,55
Annexe 2 — Materiel Bio-Medical,Liste Principale,11,CONSOMMABLES UTILISES EN ODONTO-STOMATOLOGIE,11.02,VIS POUR STOMATOLOGIE ET CHIRURGIE MAXILLO-FACIALE,Vis monocorticales autoforeuses longueur (7) diamètre (2.5),---,---,Unité,AB,,False,55
Annexe 2 — Materiel Bio-Medical,Liste Principale,11,CONSOMMABLES UTILISES EN ODONTO-STOMATOLOGIE,11.02,VIS POUR STOMATOLOGIE ET CHIRURGIE MAXILLO-FACIALE,Vis monocorticales autoforeuses longueur (8) diamètre (1.5),---,---,Unité,AB,,False,55
Annexe 2 — Materiel Bio-Medical,Liste Principale,11,CONSOMMABLES UTILISES EN ODONTO-STOMATOLOGIE,11.02,VIS POUR STOMATOLOGIE ET CHIRURGIE MAXILLO-FACIALE,Vis monocorticales autoforeuses longueur (8) diamètre (2),---,---,Unité,AB,,False,55
Annexe 2 — Materiel Bio-Medical,Liste Principale,11,CONSOMMABLES UTILISES EN ODONTO-STOMATOLOGIE,11.02,VIS POUR STOMATOLOGIE ET CHIRURGIE MAXILLO-FACIALE,Vis monocorticales autoforeuses longueur (8) diamètre (2.5),---,---,Unité,AB,,False,55
Annexe 2 — Materiel Bio-Medical,Liste Principale,11,CONSOMMABLES UTILISES EN ODONTO-STOMATOLOGIE,11.02,VIS POUR STOMATOLOGIE ET CHIRURGIE MAXILLO-FACIALE,Vis tête 4 diamètre 2 en titane longueur 04mm,---,---,Unité,AB,,False,55
Annexe 2 — Materiel Bio-Medical,Liste Principale,11,CONSOMMABLES UTILISES EN ODONTO-STOMATOLOGIE,11.02,VIS POUR STOMATOLOGIE ET CHIRURGIE MAXILLO-FACIALE,Vis tête 4 diamètre 2 en titane longueur 06mm,---,---,Unité,AB,,False,55
Annexe 2 — Materiel Bio-Medical,Liste Principale,11,CONSOMMABLES UTILISES EN ODONTO-STOMATOLOGIE,11.02,VIS POUR STOMATOLOGIE ET CHIRURGIE MAXILLO-FACIALE,Vis tête 4 diamètre 2 en titane longueur 07 mm,---,---,Unité,AB,,False,55
Annexe 2 — Materiel Bio-Medical,Liste Principale,11,CONSOMMABLES UTILISES EN ODONTO-STOMATOLOGIE,11.02,VIS POUR STOMATOLOGIE ET CHIRURGIE MAXILLO-FACIALE,Vis tête 4 diamètre 2 en titane longueur 09 mm,---,---,Unité,AB,,False,55
Annexe 2 — Materiel Bio-Medical,Liste Principale,11,CONSOMMABLES UTILISES EN ODONTO-STOMATOLOGIE,11.02,VIS POUR STOMATOLOGIE ET CHIRURGIE MAXILLO-FACIALE,Vis tête 4 diamètre 2 en titane longueur 10 mm,---,---,Unité,AB,,False,55
Annexe 2 — Materiel Bio-Medical,Liste Principale,11,CONSOMMABLES UTILISES EN ODONTO-STOMATOLOGIE,11.02,VIS POUR STOMATOLOGIE ET CHIRURGIE MAXILLO-FACIALE,Vis tête 4 diamètre 2 en titane longueur 12 mm,---,---,Unité,AB,,False,55
Annexe 2 — Materiel Bio-Medical,Liste Principale,11,CONSOMMABLES UTILISES EN ODONTO-STOMATOLOGIE,11.02,VIS POUR STOMATOLOGIE ET CHIRURGIE MAXILLO-FACIALE,Vis tête 4 diamètre 2 en titane longueur 14 mm,---,---,Unité,AB,,False,55
Annexe 2 — Materiel Bio-Medical,Liste Principale,11,CONSOMMABLES UTILISES EN ODONTO-STOMATOLOGIE,11.02,VIS POUR STOMATOLOGIE ET CHIRURGIE MAXILLO-FACIALE,"Vis tête 4 diamètre 2,6 longueur 04 mm",---,---,Unité,AB,,False,55
Annexe 2 — Materiel Bio-Medical,Liste Principale,11,CONSOMMABLES UTILISES EN ODONTO-STOMATOLOGIE,11.02,VIS POUR STOMATOLOGIE ET CHIRURGIE MAXILLO-FACIALE,"Vis tête 4 diamètre 2,6 longueur 06 mm",---,---,Unité,AB,,False,55
Annexe 2 — Materiel Bio-Medical,Liste Principale,11,CONSOMMABLES UTILISES EN ODONTO-STOMATOLOGIE,11.02,VIS POUR STOMATOLOGIE ET CHIRURGIE MAXILLO-FACIALE,"Vis tête 4 diamètre 2,6 longueur 10 mm",---,---,Unité,AB,,False,55
Annexe 2 — Materiel Bio-Medical,Liste Principale,11,CONSOMMABLES UTILISES EN ODONTO-STOMATOLOGIE,11.02,VIS POUR STOMATOLOGIE ET CHIRURGIE MAXILLO-FACIALE,"Vis tête 4 diamètre 2,6 longueur 12 mm",---,---,Unité,AB,,False,55
Annexe 2 — Materiel Bio-Medical,Liste Principale,11,CONSOMMABLES UTILISES EN ODONTO-STOMATOLOGIE,11.02,VIS POUR STOMATOLOGIE ET CHIRURGIE MAXILLO-FACIALE,"Vis tête 4 diamètre 2,6 longueur 14 mm",---,---,Unité,AB,,False,55
Annexe 2 — Materiel Bio-Medical,Liste Principale,11,CONSOMMABLES UTILISES EN ODONTO-STOMATOLOGIE,11.03,BOITE DE RECONSTRUCTION MANDIBULAIRE,Broches 25 mm (assortiment 15-40),---,---,Unité,ABC,,False,55
Annexe 2 — Materiel Bio-Medical,Liste Principale,11,CONSOMMABLES UTILISES EN ODONTO-STOMATOLOGIE,11.03,BOITE DE RECONSTRUCTION MANDIBULAIRE,Canule d’aspiration à usage unique,---,---,Unité,ABC,,False,55
Annexe 2 — Materiel Bio-Medical,Liste Principale,11,CONSOMMABLES UTILISES EN ODONTO-STOMATOLOGIE,11.03,BOITE DE RECONSTRUCTION MANDIBULAIRE,Champy Module complete 2.0 mm (55-961-07),---,---,Unité,AB,,False,55
Annexe 2 — Materiel Bio-Medical,Liste Principale,11,CONSOMMABLES UTILISES EN ODONTO-STOMATOLOGIE,11.03,BOITE DE RECONSTRUCTION MANDIBULAIRE,Curettes chirurgicales coudés,---,---,Unité,ABC,,False,55
Annexe 2 — Materiel Bio-Medical,Liste Principale,11,CONSOMMABLES UTILISES EN ODONTO-STOMATOLOGIE,11.03,BOITE DE RECONSTRUCTION MANDIBULAIRE,Curettes chirurgicales droites,---,---,Unité,ABC,,False,55
Annexe 2 — Materiel Bio-Medical,Liste Principale,11,CONSOMMABLES UTILISES EN ODONTO-STOMATOLOGIE,11.03,BOITE DE RECONSTRUCTION MANDIBULAIRE,Mini Module Regular Trauma complete 2.0 (55-961-06 ),---,---,Unité,AB,,False,55
Annexe 2 — Materiel Bio-Medical,Liste Principale,11,CONSOMMABLES UTILISES EN ODONTO-STOMATOLOGIE,11.03,BOITE DE RECONSTRUCTION MANDIBULAIRE,Plaques 2.3 mm (51-110-16),---,---,Unité,AB,,False,55
Annexe 2 — Materiel Bio-Medical,Liste Principale,11,CONSOMMABLES UTILISES EN ODONTO-STOMATOLOGIE,11.03,BOITE DE RECONSTRUCTION MANDIBULAIRE,Plaques 2.3 mm pour reconstruction mandibulaire (51-210-19),---,---,Unité,AB,,False,55
Annexe 2 — Materiel Bio-Medical,Liste Principale,11,CONSOMMABLES UTILISES EN ODONTO-STOMATOLOGIE,11.03,BOITE DE RECONSTRUCTION MANDIBULAIRE,Plaques 2.3 mm pour reconstruction mandibulaire (51-211-19),---,---,Unité,AB,,False,55
Annexe 2 — Materiel Bio-Medical,Liste Principale,11,CONSOMMABLES UTILISES EN ODONTO-STOMATOLOGIE,11.03,BOITE DE RECONSTRUCTION MANDIBULAIRE,Plaques 2.3 mm pour reconstruction mandibulaire (51-212-18),---,---,Unité,AB,,False,55
Annexe 2 — Materiel Bio-Medical,Liste Principale,11,CONSOMMABLES UTILISES EN ODONTO-STOMATOLOGIE,11.03,BOITE DE RECONSTRUCTION MANDIBULAIRE,Plaques 2.3 pour reconstruction mandibulaire (51-213-27),---,---,Unité,AB,,False,55
Annexe 2 — Materiel Bio-Medical,Liste Principale,11,CONSOMMABLES UTILISES EN ODONTO-STOMATOLOGIE,11.03,BOITE DE RECONSTRUCTION MANDIBULAIRE,Spatule à alginate,---,---,Unité,AB,,False,55
Annexe 2 — Materiel Bio-Medical,Liste Principale,11,CONSOMMABLES UTILISES EN ODONTO-STOMATOLOGIE,11.03,BOITE DE RECONSTRUCTION MANDIBULAIRE,Standard Mandibular Trauma module complete 2.3 (55-961-09),---,---,Unité,AB,,False,55
Annexe 2 — Materiel Bio-Medical,Liste Principale,11,CONSOMMABLES UTILISES EN ODONTO-STOMATOLOGIE,11.03,BOITE DE RECONSTRUCTION MANDIBULAIRE,Tourne vis Centre Drive 2.0 mm ( 25-540-17),---,---,Unité,AB,,False,55
Annexe 2 — Materiel Bio-Medical,Liste Principale,11,CONSOMMABLES UTILISES EN ODONTO-STOMATOLOGIE,11.03,BOITE DE RECONSTRUCTION MANDIBULAIRE,Tourne vis Centre Drive 2.3 mm (25-540-98),---,---,Unité,AB,,False,55
Annexe 2 — Materiel Bio-Medical,Liste Principale,11,CONSOMMABLES UTILISES EN ODONTO-STOMATOLOGIE,11.03,BOITE DE RECONSTRUCTION MANDIBULAIRE,Tourne vis Cross Drive 2.0 mm (25-540-97),---,---,Unité,AB,,False,55
Annexe 2 — Materiel Bio-Medical,Liste Principale,11,CONSOMMABLES UTILISES EN ODONTO-STOMATOLOGIE,11.03,BOITE DE RECONSTRUCTION MANDIBULAIRE,Tourne vis Cross Drive 2.3 mm (25-540-13),---,---,Unité,AB,,False,55
Annexe 2 — Materiel Bio-Medical,Liste Principale,11,CONSOMMABLES UTILISES EN ODONTO-STOMATOLOGIE,11.04,BOITE DE TRACHEOTOMIE,Canules trachéales de différent calibre de Krishaber à usage unique,---,---,Unité,AB,,False,55
Annexe 2 — Materiel Bio-Medical,Liste Principale,11,CONSOMMABLES UTILISES EN ODONTO-STOMATOLOGIE,11.04,BOITE DE TRACHEOTOMIE,Canules trachéales de différent calibre de Luer à usage unique,---,---,Unité,AB,,False,55
Annexe 2 — Materiel Bio-Medical,Liste Principale,11,CONSOMMABLES UTILISES EN ODONTO-STOMATOLOGIE,11.04,BOITE DE TRACHEOTOMIE,Dilatateur trachéal à deux branches de Trousseau,---,---,Unité,AB,,False,55
Annexe 2 — Materiel Bio-Medical,Liste Principale,11,CONSOMMABLES UTILISES EN ODONTO-STOMATOLOGIE,11.04,BOITE DE TRACHEOTOMIE,Dilatateur trachéal à trois branches de Laborde,---,---,Unité,AB,,False,55
Annexe 2 — Materiel Bio-Medical,Liste Principale,11,CONSOMMABLES UTILISES EN ODONTO-STOMATOLOGIE,11.04,BOITE DE TRACHEOTOMIE,Ecarteur de Farabeuf 14 cm,---,---,Unité,AB,,False,55
Annexe 2 — Materiel Bio-Medical,Liste Principale,11,CONSOMMABLES UTILISES EN ODONTO-STOMATOLOGIE,11.04,BOITE DE TRACHEOTOMIE,Erigne trachéale Bose pointus à droite 14 cm,---,---,Unité,AB,,False,55
Annexe 2 — Materiel Bio-Medical,Liste Principale,11,CONSOMMABLES UTILISES EN ODONTO-STOMATOLOGIE,11.04,BOITE DE TRACHEOTOMIE,Erigne trachéale Bose pointus à gauche 14cm,---,---,Unité,AB,,False,55
Annexe 2 — Materiel Bio-Medical,Liste Principale,11,CONSOMMABLES UTILISES EN ODONTO-STOMATOLOGIE,11.04,BOITE DE TRACHEOTOMIE,Erignes trachéales mousses de Iterson 14 cm,---,---,Unité,AB,,False,56
Annexe 2 — Materiel Bio-Medical,Liste Principale,11,CONSOMMABLES UTILISES EN ODONTO-STOMATOLOGIE,11.04,BOITE DE TRACHEOTOMIE,Pinces hémostatiques de Crile droite de 14 cm,---,---,Unité,AB,,False,56
Annexe 2 — Materiel Bio-Medical,Liste Principale,11,CONSOMMABLES UTILISES EN ODONTO-STOMATOLOGIE,11.05,BOITE DES GREFFES ET RESECTIONS OSSEUSES,Ciseaux burin d’Iselin n°15,---,---,Unité,AB,,False,56
Annexe 2 — Materiel Bio-Medical,Liste Principale,11,CONSOMMABLES UTILISES EN ODONTO-STOMATOLOGIE,11.05,BOITE DES GREFFES ET RESECTIONS OSSEUSES,Ciseaux burin d’Iselin n°20,---,---,Unité,AB,,False,56
Annexe 2 — Materiel Bio-Medical,Liste Principale,11,CONSOMMABLES UTILISES EN ODONTO-STOMATOLOGIE,11.05,BOITE DES GREFFES ET RESECTIONS OSSEUSES,Ciseaux burin fin n°4,---,---,Unité,AB,,False,56
Annexe 2 — Materiel Bio-Medical,Liste Principale,11,CONSOMMABLES UTILISES EN ODONTO-STOMATOLOGIE,11.05,BOITE DES GREFFES ET RESECTIONS OSSEUSES,Ciseaux de Chevalier n°13,---,---,Unité,AB,,False,56
Annexe 2 — Materiel Bio-Medical,Liste Principale,11,CONSOMMABLES UTILISES EN ODONTO-STOMATOLOGIE,11.05,BOITE DES GREFFES ET RESECTIONS OSSEUSES,Ciseaux de Farabeuf n°25,---,---,Unité,AB,,False,56
Annexe 2 — Materiel Bio-Medical,Liste Principale,11,CONSOMMABLES UTILISES EN ODONTO-STOMATOLOGIE,11.05,BOITE DES GREFFES ET RESECTIONS OSSEUSES,Ciseaux Gouge courbe,---,---,Unité,AB,,False,56
Annexe 2 — Materiel Bio-Medical,Liste Principale,11,CONSOMMABLES UTILISES EN ODONTO-STOMATOLOGIE,11.05,BOITE DES GREFFES ET RESECTIONS OSSEUSES,Ciseaux gradué de Mac Even,---,---,Unité,AB,,False,56
Annexe 2 — Materiel Bio-Medical,Liste Principale,11,CONSOMMABLES UTILISES EN ODONTO-STOMATOLOGIE,11.05,BOITE DES GREFFES ET RESECTIONS OSSEUSES,Costotome adulte,---,---,Unité,AB,,False,56
Annexe 2 — Materiel Bio-Medical,Liste Principale,11,CONSOMMABLES UTILISES EN ODONTO-STOMATOLOGIE,11.05,BOITE DES GREFFES ET RESECTIONS OSSEUSES,Costotome enfant,---,---,Unité,AB,,False,56
Annexe 2 — Materiel Bio-Medical,Liste Principale,11,CONSOMMABLES UTILISES EN ODONTO-STOMATOLOGIE,11.05,BOITE DES GREFFES ET RESECTIONS OSSEUSES,Curette grande,---,---,Unité,AB,,False,56
Annexe 2 — Materiel Bio-Medical,Liste Principale,11,CONSOMMABLES UTILISES EN ODONTO-STOMATOLOGIE,11.05,BOITE DES GREFFES ET RESECTIONS OSSEUSES,Curette moyenne,---,---,Unité,AB,,False,56
Annexe 2 — Materiel Bio-Medical,Liste Principale,11,CONSOMMABLES UTILISES EN ODONTO-STOMATOLOGIE,11.05,BOITE DES GREFFES ET RESECTIONS OSSEUSES,Curette petite double coudée,---,---,Unité,AB,,False,56
Annexe 2 — Materiel Bio-Medical,Liste Principale,11,CONSOMMABLES UTILISES EN ODONTO-STOMATOLOGIE,11.05,BOITE DES GREFFES ET RESECTIONS OSSEUSES,Curette petite double droite,---,---,Unité,AB,,False,56
Annexe 2 — Materiel Bio-Medical,Liste Principale,11,CONSOMMABLES UTILISES EN ODONTO-STOMATOLOGIE,11.05,BOITE DES GREFFES ET RESECTIONS OSSEUSES,Davier à os de Dingmann,---,---,Unité,AB,,False,56
Annexe 2 — Materiel Bio-Medical,Liste Principale,11,CONSOMMABLES UTILISES EN ODONTO-STOMATOLOGIE,11.05,BOITE DES GREFFES ET RESECTIONS OSSEUSES,Décolleur courbe pour palais 15 cm,---,---,Unité,AB,,False,56
Annexe 2 — Materiel Bio-Medical,Liste Principale,11,CONSOMMABLES UTILISES EN ODONTO-STOMATOLOGIE,11.05,BOITE DES GREFFES ET RESECTIONS OSSEUSES,Décolleur de fri,---,---,Unité,AB,,False,56
Annexe 2 — Materiel Bio-Medical,Liste Principale,11,CONSOMMABLES UTILISES EN ODONTO-STOMATOLOGIE,11.05,BOITE DES GREFFES ET RESECTIONS OSSEUSES,Décolleur droit 16 cm,---,---,Unité,AB,,False,56
Annexe 2 — Materiel Bio-Medical,Liste Principale,11,CONSOMMABLES UTILISES EN ODONTO-STOMATOLOGIE,11.05,BOITE DES GREFFES ET RESECTIONS OSSEUSES,KIT BURIN,---,---,Unité,AB,,False,56
Annexe 2 — Materiel Bio-Medical,Liste Principale,11,CONSOMMABLES UTILISES EN ODONTO-STOMATOLOGIE,11.05,BOITE DES GREFFES ET RESECTIONS OSSEUSES,KIT GOUGE,---,---,Unité,AB,,False,56
Annexe 2 — Materiel Bio-Medical,Liste Principale,11,CONSOMMABLES UTILISES EN ODONTO-STOMATOLOGIE,11.05,BOITE DES GREFFES ET RESECTIONS OSSEUSES,Maillet,---,---,Unité,AB,,False,56
Annexe 2 — Materiel Bio-Medical,Liste Principale,11,CONSOMMABLES UTILISES EN ODONTO-STOMATOLOGIE,11.05,BOITE DES GREFFES ET RESECTIONS OSSEUSES,Perforateur nasal à tige amovible,---,---,Unité,AB,,False,56
Annexe 2 — Materiel Bio-Medical,Liste Principale,11,CONSOMMABLES UTILISES EN ODONTO-STOMATOLOGIE,11.05,BOITE DES GREFFES ET RESECTIONS OSSEUSES,Pince à séquestre de Dufourmentel,---,---,Unité,AB,,False,56
Annexe 2 — Materiel Bio-Medical,Liste Principale,11,CONSOMMABLES UTILISES EN ODONTO-STOMATOLOGIE,11.05,BOITE DES GREFFES ET RESECTIONS OSSEUSES,Pince Gouge à double articulation Grande,---,---,Unité,AB,,False,56
Annexe 2 — Materiel Bio-Medical,Liste Principale,11,CONSOMMABLES UTILISES EN ODONTO-STOMATOLOGIE,11.05,BOITE DES GREFFES ET RESECTIONS OSSEUSES,Pince Gouge à double articulation Petite,---,---,Unité,AB,,False,56
Annexe 2 — Materiel Bio-Medical,Liste Principale,11,CONSOMMABLES UTILISES EN ODONTO-STOMATOLOGIE,11.05,BOITE DES GREFFES ET RESECTIONS OSSEUSES,Pince Gouge courbe,---,---,Unité,AB,,False,56
Annexe 2 — Materiel Bio-Medical,Liste Principale,11,CONSOMMABLES UTILISES EN ODONTO-STOMATOLOGIE,11.05,BOITE DES GREFFES ET RESECTIONS OSSEUSES,Râpe allemande,---,---,Unité,AB,,False,56
Annexe 2 — Materiel Bio-Medical,Liste Principale,11,CONSOMMABLES UTILISES EN ODONTO-STOMATOLOGIE,11.05,BOITE DES GREFFES ET RESECTIONS OSSEUSES,Rugine costale de Doyen pour adulte,---,---,Unité,AB,,False,56
Annexe 2 — Materiel Bio-Medical,Liste Principale,11,CONSOMMABLES UTILISES EN ODONTO-STOMATOLOGIE,11.05,BOITE DES GREFFES ET RESECTIONS OSSEUSES,Rugine costale de Doyen pour enfant,---,---,Unité,AB,,False,56
Annexe 2 — Materiel Bio-Medical,Liste Principale,11,CONSOMMABLES UTILISES EN ODONTO-STOMATOLOGIE,11.05,BOITE DES GREFFES ET RESECTIONS OSSEUSES,Rugine de Farabeuf étroite courbe n°6,---,---,Unité,AB,,False,56
Annexe 2 — Materiel Bio-Medical,Liste Principale,11,CONSOMMABLES UTILISES EN ODONTO-STOMATOLOGIE,11.05,BOITE DES GREFFES ET RESECTIONS OSSEUSES,Rugine de Farabeuf étroite droite n°6,---,---,Unité,AB,,False,56
Annexe 2 — Materiel Bio-Medical,Liste Principale,11,CONSOMMABLES UTILISES EN ODONTO-STOMATOLOGIE,11.05,BOITE DES GREFFES ET RESECTIONS OSSEUSES,Rugine de Farabeuf large,---,---,Unité,AB,,False,56
Annexe 2 — Materiel Bio-Medical,Liste Principale,11,CONSOMMABLES UTILISES EN ODONTO-STOMATOLOGIE,11.05,BOITE DES GREFFES ET RESECTIONS OSSEUSES,Rugine de Ginestet n°11,---,---,Unité,AB,,False,56
Annexe 2 — Materiel Bio-Medical,Liste Principale,11,CONSOMMABLES UTILISES EN ODONTO-STOMATOLOGIE,11.05,BOITE DES GREFFES ET RESECTIONS OSSEUSES,Rugine de Ginestet n°7,---,---,Unité,AB,,False,56
Annexe 2 — Materiel Bio-Medical,Liste Principale,11,CONSOMMABLES UTILISES EN ODONTO-STOMATOLOGIE,11.06,BOITE D’OSTEOTOMIE,Ciseaux burin courbe de Cottle de 4 mm,---,---,Unité,AB,,False,56
Annexe 2 — Materiel Bio-Medical,Liste Principale,11,CONSOMMABLES UTILISES EN ODONTO-STOMATOLOGIE,11.06,BOITE D’OSTEOTOMIE,Ciseaux burin courbe de Cottle de 6 mm,---,---,Unité,AB,,False,56
Annexe 2 — Materiel Bio-Medical,Liste Principale,11,CONSOMMABLES UTILISES EN ODONTO-STOMATOLOGIE,11.06,BOITE D’OSTEOTOMIE,Ciseaux de disjonction ptérygo-maxillaire du Dr Couly,---,---,Unité,AB,,False,56
Annexe 2 — Materiel Bio-Medical,Liste Principale,11,CONSOMMABLES UTILISES EN ODONTO-STOMATOLOGIE,11.06,BOITE D’OSTEOTOMIE,Ciseaux de Marc Even gradué de 15 mm,---,---,Unité,AB,,False,56
Annexe 2 — Materiel Bio-Medical,Liste Principale,11,CONSOMMABLES UTILISES EN ODONTO-STOMATOLOGIE,11.06,BOITE D’OSTEOTOMIE,Décolleur rugine d’Obwegeser à branche montante grande,---,---,Unité,AB,,False,56
Annexe 2 — Materiel Bio-Medical,Liste Principale,11,CONSOMMABLES UTILISES EN ODONTO-STOMATOLOGIE,11.06,BOITE D’OSTEOTOMIE,Décolleur rugine d’Obwegeser à branche montante moyenne,---,---,Unité,AB,,False,56
Annexe 2 — Materiel Bio-Medical,Liste Principale,11,CONSOMMABLES UTILISES EN ODONTO-STOMATOLOGIE,11.06,BOITE D’OSTEOTOMIE,Décolleur rugine d’Obwegeser à branche montante petite,---,---,Unité,AB,,False,56
Annexe 2 — Materiel Bio-Medical,Liste Principale,11,CONSOMMABLES UTILISES EN ODONTO-STOMATOLOGIE,11.06,BOITE D’OSTEOTOMIE,Ecarteur à épine nasale,---,---,Unité,AB,,False,56
Annexe 2 — Materiel Bio-Medical,Liste Principale,11,CONSOMMABLES UTILISES EN ODONTO-STOMATOLOGIE,11.06,BOITE D’OSTEOTOMIE,Ecarteur à grosse manche protecteur de la mandibule,---,---,Unité,AB,,False,56
Annexe 2 — Materiel Bio-Medical,Liste Principale,11,CONSOMMABLES UTILISES EN ODONTO-STOMATOLOGIE,11.06,BOITE D’OSTEOTOMIE,Ecarteur à tubérosité,---,---,Unité,AB,,False,56
Annexe 2 — Materiel Bio-Medical,Liste Principale,11,CONSOMMABLES UTILISES EN ODONTO-STOMATOLOGIE,11.06,BOITE D’OSTEOTOMIE,Ecarteur protecteur à branche montante,---,---,Unité,AB,,False,56
Annexe 2 — Materiel Bio-Medical,Liste Principale,11,CONSOMMABLES UTILISES EN ODONTO-STOMATOLOGIE,11.06,BOITE D’OSTEOTOMIE,Ecarteur protecteur à progénie,---,---,Unité,AB,,False,56
Annexe 2 — Materiel Bio-Medical,Liste Principale,11,CONSOMMABLES UTILISES EN ODONTO-STOMATOLOGIE,11.06,BOITE D’OSTEOTOMIE,Grand ostéotome courbe de 11 mm D’Obwegeser,---,---,Unité,AB,,False,56
Annexe 2 — Materiel Bio-Medical,Liste Principale,11,CONSOMMABLES UTILISES EN ODONTO-STOMATOLOGIE,11.06,BOITE D’OSTEOTOMIE,Ostéotome de Dautrey-Munrey droit 10 mm,---,---,Unité,AB,,False,56
Annexe 2 — Materiel Bio-Medical,Liste Principale,11,CONSOMMABLES UTILISES EN ODONTO-STOMATOLOGIE,11.06,BOITE D’OSTEOTOMIE,Ostéotome de Dautrey-Munrey droit 12 mm,---,---,Unité,AB,,False,56
Annexe 2 — Materiel Bio-Medical,Liste Principale,11,CONSOMMABLES UTILISES EN ODONTO-STOMATOLOGIE,11.06,BOITE D’OSTEOTOMIE,Ostéotome de Dautrey-Munrey droit 14 mm,---,---,Unité,AB,,False,56
Annexe 2 — Materiel Bio-Medical,Liste Principale,11,CONSOMMABLES UTILISES EN ODONTO-STOMATOLOGIE,11.06,BOITE D’OSTEOTOMIE,Ostéotome de Dautrey-Munrey droit 16 mm,---,---,Unité,AB,,False,56
Annexe 2 — Materiel Bio-Medical,Liste Principale,11,CONSOMMABLES UTILISES EN ODONTO-STOMATOLOGIE,11.06,BOITE D’OSTEOTOMIE,Ostéotome de Dautrey-Munrey droit 4 mm,---,---,Unité,AB,,False,57
Annexe 2 — Materiel Bio-Medical,Liste Principale,11,CONSOMMABLES UTILISES EN ODONTO-STOMATOLOGIE,11.06,BOITE D’OSTEOTOMIE,Ostéotome de Dautrey-Munrey droit 6 mm,---,---,Unité,AB,,False,57
Annexe 2 — Materiel Bio-Medical,Liste Principale,11,CONSOMMABLES UTILISES EN ODONTO-STOMATOLOGIE,11.06,BOITE D’OSTEOTOMIE,Ostéotome de Dautrey-Munrey droit 8 mm,---,---,Unité,AB,,False,57
Annexe 2 — Materiel Bio-Medical,Liste Principale,11,CONSOMMABLES UTILISES EN ODONTO-STOMATOLOGIE,11.06,BOITE D’OSTEOTOMIE,Ostéotome de Tessier droit 10 mm,---,---,Unité,AB,,False,57
Annexe 2 — Materiel Bio-Medical,Liste Principale,11,CONSOMMABLES UTILISES EN ODONTO-STOMATOLOGIE,11.07,BOITE D’OSTEOSYNTHESE,Ciseaux à fil de ligature,---,---,Unité,AB,,False,57
Annexe 2 — Materiel Bio-Medical,Liste Principale,11,CONSOMMABLES UTILISES EN ODONTO-STOMATOLOGIE,11.07,BOITE D’OSTEOSYNTHESE,Crochet à cartilage,---,---,Unité,AB,,False,57
Annexe 2 — Materiel Bio-Medical,Liste Principale,11,CONSOMMABLES UTILISES EN ODONTO-STOMATOLOGIE,11.07,BOITE D’OSTEOSYNTHESE,Crochet de Ginestet,---,---,Unité,AB,,False,57
Annexe 2 — Materiel Bio-Medical,Liste Principale,11,CONSOMMABLES UTILISES EN ODONTO-STOMATOLOGIE,11.07,BOITE D’OSTEOSYNTHESE,Davier de Rowe et Killey,---,---,Unité,AB,,False,57
Annexe 2 — Materiel Bio-Medical,Liste Principale,11,CONSOMMABLES UTILISES EN ODONTO-STOMATOLOGIE,11.07,BOITE D’OSTEOSYNTHESE,Dermatome electrique plus lames,---,---,Unité,AB,,False,57
Annexe 2 — Materiel Bio-Medical,Liste Principale,11,CONSOMMABLES UTILISES EN ODONTO-STOMATOLOGIE,11.07,BOITE D’OSTEOSYNTHESE,Disjoncteur,---,---,Unité,AB,,False,57
Annexe 2 — Materiel Bio-Medical,Liste Principale,11,CONSOMMABLES UTILISES EN ODONTO-STOMATOLOGIE,11.07,BOITE D’OSTEOSYNTHESE,Lame écarteur : Valves modelables du Dr Cros,---,---,Unité,AB,,False,57
Annexe 2 — Materiel Bio-Medical,Liste Principale,11,CONSOMMABLES UTILISES EN ODONTO-STOMATOLOGIE,11.07,BOITE D’OSTEOSYNTHESE,Osteotome à septum nasale,---,---,Unité,AB,,False,57
Annexe 2 — Materiel Bio-Medical,Liste Principale,11,CONSOMMABLES UTILISES EN ODONTO-STOMATOLOGIE,11.07,BOITE D’OSTEOSYNTHESE,Osteotome nasale de CLAOUE,---,---,Unité,AB,,False,57
Annexe 2 — Materiel Bio-Medical,Liste Principale,11,CONSOMMABLES UTILISES EN ODONTO-STOMATOLOGIE,11.07,BOITE D’OSTEOSYNTHESE,Pince à modeler les attelles de Péri standard,---,---,Unité,AB,,False,57
Annexe 2 — Materiel Bio-Medical,Liste Principale,11,CONSOMMABLES UTILISES EN ODONTO-STOMATOLOGIE,11.07,BOITE D’OSTEOSYNTHESE,Pince à torsader 15 cm,---,---,Unité,AB,,False,57
Annexe 2 — Materiel Bio-Medical,Liste Principale,11,CONSOMMABLES UTILISES EN ODONTO-STOMATOLOGIE,11.07,BOITE D’OSTEOSYNTHESE,Precelle,---,---,Unité,AB,,False,57
Annexe 2 — Materiel Bio-Medical,Liste Principale,11,CONSOMMABLES UTILISES EN ODONTO-STOMATOLOGIE,11.07,BOITE D’OSTEOSYNTHESE,Spéculum nasale eclairan,---,---,Unité,AB,,False,57
Annexe 2 — Materiel Bio-Medical,Liste Principale,11,CONSOMMABLES UTILISES EN ODONTO-STOMATOLOGIE,11.07,BOITE D’OSTEOSYNTHESE,Tournevis cruciforme,---,---,Unité,AB,,False,57
Annexe 2 — Materiel Bio-Medical,Liste Principale,11,CONSOMMABLES UTILISES EN ODONTO-STOMATOLOGIE,11.07,BOITE D’OSTEOSYNTHESE,Tournevis rétentif,---,---,Unité,AB,,False,57
Annexe 2 — Materiel Bio-Medical,Liste Principale,11,CONSOMMABLES UTILISES EN ODONTO-STOMATOLOGIE,11.07,BOITE D’OSTEOSYNTHESE,Tournevis rétentif à gaine,---,---,Unité,AB,,False,57
Annexe 2 — Materiel Bio-Medical,Liste Principale,11,CONSOMMABLES UTILISES EN ODONTO-STOMATOLOGIE,11.07,BOITE D’OSTEOSYNTHESE,Tournevis rétentif à griffe (libère automatiquement la vis,---,---,Unité,AB,,False,57
Annexe 2 — Materiel Bio-Medical,Liste Principale,11,CONSOMMABLES UTILISES EN ODONTO-STOMATOLOGIE,11.08,CONSOMMABLES EN ODONTOLOGIE,Acétate de dexamethasone,---,---,Poudre buccale,ABC,,False,57
Annexe 2 — Materiel Bio-Medical,Liste Principale,11,CONSOMMABLES UTILISES EN ODONTO-STOMATOLOGIE,11.08,CONSOMMABLES EN ODONTOLOGIE,Acide trichloracétique 60 ml,---,---,Solution buccale,ABC,,False,57
Annexe 2 — Materiel Bio-Medical,Liste Principale,11,CONSOMMABLES UTILISES EN ODONTO-STOMATOLOGIE,11.08,CONSOMMABLES EN ODONTOLOGIE,Aiguille à carpule dentaire intra septale 17 mm,---,---,Unité,ABC,,False,57
Annexe 2 — Materiel Bio-Medical,Liste Principale,11,CONSOMMABLES UTILISES EN ODONTO-STOMATOLOGIE,11.08,CONSOMMABLES EN ODONTOLOGIE,Aiguille à carpule dentaire para apicale 21 mm,---,---,Unité,ABC,,False,57
Annexe 2 — Materiel Bio-Medical,Liste Principale,11,CONSOMMABLES UTILISES EN ODONTO-STOMATOLOGIE,11.08,CONSOMMABLES EN ODONTOLOGIE,Aiguille dentaire tronculaire 27 mm,---,---,Unité,ABC,,False,57
Annexe 2 — Materiel Bio-Medical,Liste Principale,11,CONSOMMABLES UTILISES EN ODONTO-STOMATOLOGIE,11.08,CONSOMMABLES EN ODONTOLOGIE,Alginate classe A type 1,---,---,Unité,ABC,,False,57
Annexe 2 — Materiel Bio-Medical,Liste Principale,11,CONSOMMABLES UTILISES EN ODONTO-STOMATOLOGIE,11.08,CONSOMMABLES EN ODONTOLOGIE,Amalgame (non gamma II) capsule 1 dose,---,---,Unité,ABC,,False,57
Annexe 2 — Materiel Bio-Medical,Liste Principale,11,CONSOMMABLES UTILISES EN ODONTO-STOMATOLOGIE,11.08,CONSOMMABLES EN ODONTOLOGIE,Amalgame non gamma II capsule 2 doses,---,---,Unité,ABC,,False,57
Annexe 2 — Materiel Bio-Medical,Liste Principale,11,CONSOMMABLES UTILISES EN ODONTO-STOMATOLOGIE,11.08,CONSOMMABLES EN ODONTOLOGIE,Amalgame non gamma II poudre 3 doses,---,---,Unité,ABC,,False,57
Annexe 2 — Materiel Bio-Medical,Liste Principale,11,CONSOMMABLES UTILISES EN ODONTO-STOMATOLOGIE,11.08,CONSOMMABLES EN ODONTOLOGIE,Bande matrice métallique 5mm,---,---,Unité,ABC,,False,57
Annexe 2 — Materiel Bio-Medical,Liste Principale,11,CONSOMMABLES UTILISES EN ODONTO-STOMATOLOGIE,11.08,CONSOMMABLES EN ODONTOLOGIE,Bourre-pâte de Lentilo court et fin,---,---,Unité,ABC,,False,57
Annexe 2 — Materiel Bio-Medical,Liste Principale,11,CONSOMMABLES UTILISES EN ODONTO-STOMATOLOGIE,11.08,CONSOMMABLES EN ODONTOLOGIE,Bourre-pâte de Lentilo long et fin,---,---,Unité,ABC,,False,57
Annexe 2 — Materiel Bio-Medical,Liste Principale,11,CONSOMMABLES UTILISES EN ODONTO-STOMATOLOGIE,11.08,CONSOMMABLES EN ODONTOLOGIE,Broches n° 15,---,---,Unité,AB,,False,57
Annexe 2 — Materiel Bio-Medical,Liste Principale,11,CONSOMMABLES UTILISES EN ODONTO-STOMATOLOGIE,11.08,CONSOMMABLES EN ODONTOLOGIE,Broches n° 20,---,---,Unité,AB,,False,57
Annexe 2 — Materiel Bio-Medical,Liste Principale,11,CONSOMMABLES UTILISES EN ODONTO-STOMATOLOGIE,11.08,CONSOMMABLES EN ODONTOLOGIE,Broches n° 25,---,---,Unité,AB,,False,57
Annexe 2 — Materiel Bio-Medical,Liste Principale,11,CONSOMMABLES UTILISES EN ODONTO-STOMATOLOGIE,11.08,CONSOMMABLES EN ODONTOLOGIE,Broches n° 30,---,---,Unité,AB,,False,57
Annexe 2 — Materiel Bio-Medical,Liste Principale,11,CONSOMMABLES UTILISES EN ODONTO-STOMATOLOGIE,11.08,CONSOMMABLES EN ODONTOLOGIE,Broches n°10,---,---,Unité,ABC,,False,57
Annexe 2 — Materiel Bio-Medical,Liste Principale,11,CONSOMMABLES UTILISES EN ODONTO-STOMATOLOGIE,11.08,CONSOMMABLES EN ODONTOLOGIE,Broches n°8,---,---,Unité,ABC,,False,57
Annexe 2 — Materiel Bio-Medical,Liste Principale,11,CONSOMMABLES UTILISES EN ODONTO-STOMATOLOGIE,11.08,CONSOMMABLES EN ODONTOLOGIE,Compresses hemostatiques resorbables chirurgicales,---,---,Boîte,ABC,,False,57
Annexe 2 — Materiel Bio-Medical,Liste Principale,11,CONSOMMABLES UTILISES EN ODONTO-STOMATOLOGIE,11.08,CONSOMMABLES EN ODONTOLOGIE,Coton salivaire taille moyenne (diamètre 10 mm),---,---,Boîte,ABC,,False,57
Annexe 2 — Materiel Bio-Medical,Liste Principale,11,CONSOMMABLES UTILISES EN ODONTO-STOMATOLOGIE,11.08,CONSOMMABLES EN ODONTOLOGIE,Coton salivaire taille petit (diamètre <10 mm),---,---,Boîte,ABC,,False,57
Annexe 2 — Materiel Bio-Medical,Liste Principale,11,CONSOMMABLES UTILISES EN ODONTO-STOMATOLOGIE,11.08,CONSOMMABLES EN ODONTOLOGIE,Dentifrice comprimé vert,---,---,Unité,ABC,,False,57
Annexe 2 — Materiel Bio-Medical,Liste Principale,11,CONSOMMABLES UTILISES EN ODONTO-STOMATOLOGIE,11.08,CONSOMMABLES EN ODONTOLOGIE,Eponges hémostatiques resorbables,---,---,Plaquette,ABC,,False,57
Annexe 2 — Materiel Bio-Medical,Liste Principale,11,CONSOMMABLES UTILISES EN ODONTO-STOMATOLOGIE,11.08,CONSOMMABLES EN ODONTOLOGIE,Film dentaire occlusal ou mordu,---,---,Unité,ABC,,False,57
Annexe 2 — Materiel Bio-Medical,Liste Principale,11,CONSOMMABLES UTILISES EN ODONTO-STOMATOLOGIE,11.08,CONSOMMABLES EN ODONTOLOGIE,Film dentaire panoramique (15 x 30 cm),---,---,Unité,ABC,,False,57
Annexe 2 — Materiel Bio-Medical,Liste Principale,11,CONSOMMABLES UTILISES EN ODONTO-STOMATOLOGIE,11.08,CONSOMMABLES EN ODONTOLOGIE,Film dentaire radiographique panoramique des maxillaires (18 x 24),---,---,Unité,ABC,,False,57
Annexe 2 — Materiel Bio-Medical,Liste Principale,11,CONSOMMABLES UTILISES EN ODONTO-STOMATOLOGIE,11.08,CONSOMMABLES EN ODONTOLOGIE,Film dentaire rétroalvéolaire adulte,---,---,Unité,ABC,,False,57
Annexe 2 — Materiel Bio-Medical,Liste Principale,11,CONSOMMABLES UTILISES EN ODONTO-STOMATOLOGIE,11.08,CONSOMMABLES EN ODONTOLOGIE,Film dentaire rétroalvéolaire enfant,---,---,Unité,ABC,,False,57
Annexe 2 — Materiel Bio-Medical,Liste Principale,11,CONSOMMABLES UTILISES EN ODONTO-STOMATOLOGIE,11.08,CONSOMMABLES EN ODONTOLOGIE,Film dentaire téléradiographie (18 x 24),---,---,Unité,ABC,,False,57
Annexe 2 — Materiel Bio-Medical,Liste Principale,11,CONSOMMABLES UTILISES EN ODONTO-STOMATOLOGIE,11.08,CONSOMMABLES EN ODONTOLOGIE,Fixateur de film dentaire (manuel),---,---,Unité,ABC,,False,58
Annexe 2 — Materiel Bio-Medical,Liste Principale,11,CONSOMMABLES UTILISES EN ODONTO-STOMATOLOGIE,11.08,CONSOMMABLES EN ODONTOLOGIE,Forêts de Gates assortiment,---,---,Unité,ABC,,False,58
Annexe 2 — Materiel Bio-Medical,Liste Principale,11,CONSOMMABLES UTILISES EN ODONTO-STOMATOLOGIE,11.08,CONSOMMABLES EN ODONTOLOGIE,Forêts Largo assortiment,---,---,Unité,ABC,,False,58
Annexe 2 — Materiel Bio-Medical,Liste Principale,11,CONSOMMABLES UTILISES EN ODONTO-STOMATOLOGIE,11.08,CONSOMMABLES EN ODONTOLOGIE,Lime 25 mm n° 10,---,---,Unité,ABC,,False,58
Annexe 2 — Materiel Bio-Medical,Liste Principale,11,CONSOMMABLES UTILISES EN ODONTO-STOMATOLOGIE,11.08,CONSOMMABLES EN ODONTOLOGIE,Lime 25 mm n° 8,---,---,Unité,ABC,,False,58
Annexe 2 — Materiel Bio-Medical,Liste Principale,11,CONSOMMABLES UTILISES EN ODONTO-STOMATOLOGIE,11.08,CONSOMMABLES EN ODONTOLOGIE,"Limes 25mm, assortiment 15-40",---,---,Unité,ABC,,False,58
Annexe 2 — Materiel Bio-Medical,Liste Principale,11,CONSOMMABLES UTILISES EN ODONTO-STOMATOLOGIE,11.08,CONSOMMABLES EN ODONTOLOGIE,Masque de protection à visière,---,---,Unité,ABC,,False,58
Annexe 2 — Materiel Bio-Medical,Liste Principale,11,CONSOMMABLES UTILISES EN ODONTO-STOMATOLOGIE,11.08,CONSOMMABLES EN ODONTOLOGIE,Pansements alvéolaires,---,---,Unité,ABC,,False,58
Annexe 2 — Materiel Bio-Medical,Liste Principale,11,CONSOMMABLES UTILISES EN ODONTO-STOMATOLOGIE,11.08,CONSOMMABLES EN ODONTOLOGIE,Papier à articuler,---,---,Unité,ABC,,False,58
Annexe 2 — Materiel Bio-Medical,Liste Principale,11,CONSOMMABLES UTILISES EN ODONTO-STOMATOLOGIE,11.08,CONSOMMABLES EN ODONTOLOGIE,Pâte à polir après détartrage,---,---,Unité,ABC,,False,58
Annexe 2 — Materiel Bio-Medical,Liste Principale,11,CONSOMMABLES UTILISES EN ODONTO-STOMATOLOGIE,11.08,CONSOMMABLES EN ODONTOLOGIE,Pince porte film rétroalvéolaire,---,---,Unité,ABC,,False,58
Annexe 2 — Materiel Bio-Medical,Liste Principale,11,CONSOMMABLES UTILISES EN ODONTO-STOMATOLOGIE,11.08,CONSOMMABLES EN ODONTOLOGIE,Pointes de gutta percha (assortiment 15-40),---,---,Unité,ABC,,False,58
Annexe 2 — Materiel Bio-Medical,Liste Principale,11,CONSOMMABLES UTILISES EN ODONTO-STOMATOLOGIE,11.08,CONSOMMABLES EN ODONTOLOGIE,Pointes de papier absorbant (assortiment 15-40),---,---,Unité,ABC,,False,58
Annexe 2 — Materiel Bio-Medical,Liste Principale,11,CONSOMMABLES UTILISES EN ODONTO-STOMATOLOGIE,11.08,CONSOMMABLES EN ODONTOLOGIE,Pompe à salive,---,---,Unité,ABC,,False,58
Annexe 2 — Materiel Bio-Medical,Liste Principale,11,CONSOMMABLES UTILISES EN ODONTO-STOMATOLOGIE,11.08,CONSOMMABLES EN ODONTOLOGIE,Porte amalgame,---,---,Unité,ABC,,False,58
Annexe 2 — Materiel Bio-Medical,Liste Principale,11,CONSOMMABLES UTILISES EN ODONTO-STOMATOLOGIE,11.08,CONSOMMABLES EN ODONTOLOGIE,Porte film buccal rétroalvéolaire,---,---,Unité,ABC,,False,58
Annexe 2 — Materiel Bio-Medical,Liste Principale,11,CONSOMMABLES UTILISES EN ODONTO-STOMATOLOGIE,11.08,CONSOMMABLES EN ODONTOLOGIE,Poudre d’oxyde de zinc,---,---,Unité,ABC,,False,58
Annexe 2 — Materiel Bio-Medical,Liste Principale,11,CONSOMMABLES UTILISES EN ODONTO-STOMATOLOGIE,11.08,CONSOMMABLES EN ODONTOLOGIE,Produit de contraste hexabrix 320,---,---,Unité,AB,,False,58
Annexe 2 — Materiel Bio-Medical,Liste Principale,11,CONSOMMABLES UTILISES EN ODONTO-STOMATOLOGIE,11.08,CONSOMMABLES EN ODONTOLOGIE,Produit d'obturation préventive (SEALENT),---,---,Unité,AB,,False,58
Annexe 2 — Materiel Bio-Medical,Liste Principale,11,CONSOMMABLES UTILISES EN ODONTO-STOMATOLOGIE,11.08,CONSOMMABLES EN ODONTOLOGIE,Racleurs assortiment n°15 à 40,---,---,Unité,ABC,,False,58
Annexe 2 — Materiel Bio-Medical,Liste Principale,11,CONSOMMABLES UTILISES EN ODONTO-STOMATOLOGIE,11.08,CONSOMMABLES EN ODONTOLOGIE,Révélateur de film dentaire,---,---,Unité,ABC,,False,58
Annexe 2 — Materiel Bio-Medical,Liste Principale,11,CONSOMMABLES UTILISES EN ODONTO-STOMATOLOGIE,11.08,CONSOMMABLES EN ODONTOLOGIE,Révélateur de plaque dentaire,---,---,Unité,ABC,,False,58
Annexe 2 — Materiel Bio-Medical,Liste Principale,11,CONSOMMABLES UTILISES EN ODONTO-STOMATOLOGIE,11.08,CONSOMMABLES EN ODONTOLOGIE,Sachet de nettoyant-décontaminant,---,---,Unité,ABC,,False,58
Annexe 2 — Materiel Bio-Medical,Liste Principale,11,CONSOMMABLES UTILISES EN ODONTO-STOMATOLOGIE,11.08,CONSOMMABLES EN ODONTOLOGIE,Scentraocatheter central n°12 à embout rouge,---,---,Unité,AB,,False,58
Annexe 2 — Materiel Bio-Medical,Liste Principale,11,CONSOMMABLES UTILISES EN ODONTO-STOMATOLOGIE,11.08,CONSOMMABLES EN ODONTOLOGIE,Serviettes désinfectantes,---,---,Unité,ABC,,False,58
Annexe 2 — Materiel Bio-Medical,Liste Principale,11,CONSOMMABLES UTILISES EN ODONTO-STOMATOLOGIE,11.08,CONSOMMABLES EN ODONTOLOGIE,Spray de graissage,---,---,Unité,ABC,,False,58
Annexe 2 — Materiel Bio-Medical,Liste Principale,11,CONSOMMABLES UTILISES EN ODONTO-STOMATOLOGIE,11.08,CONSOMMABLES EN ODONTOLOGIE,Spray degrippant,---,---,Unité,ABC,,False,58
Annexe 2 — Materiel Bio-Medical,Liste Principale,11,CONSOMMABLES UTILISES EN ODONTO-STOMATOLOGIE,11.08,CONSOMMABLES EN ODONTOLOGIE,Strips abrasifs grains moyens/fins,---,---,Unité,ABC,,False,58
Annexe 2 — Materiel Bio-Medical,Liste Principale,11,CONSOMMABLES UTILISES EN ODONTO-STOMATOLOGIE,11.08,CONSOMMABLES EN ODONTOLOGIE,Tire-nerf assortiment 15-25,---,---,Unité,ABC,,False,58
Annexe 2 — Materiel Bio-Medical,Liste Principale,11,CONSOMMABLES UTILISES EN ODONTO-STOMATOLOGIE,11.08,CONSOMMABLES EN ODONTOLOGIE,Tire-nerf n°10,---,---,Unité,ABC,,False,58
Annexe 2 — Materiel Bio-Medical,Liste Principale,11,CONSOMMABLES UTILISES EN ODONTO-STOMATOLOGIE,11.08,CONSOMMABLES EN ODONTOLOGIE,Tire-nerf n°8,---,---,Unité,ABC,,False,58
Annexe 2 — Materiel Bio-Medical,Liste Principale,11,CONSOMMABLES UTILISES EN ODONTO-STOMATOLOGIE,11.08,CONSOMMABLES EN ODONTOLOGIE 11.0G DAVIERS ADULTES,Davier adulte incisive inférieure,---,---,Unité,ABC,,False,58
Annexe 2 — Materiel Bio-Medical,Liste Principale,11,CONSOMMABLES UTILISES EN ODONTO-STOMATOLOGIE,11.08,CONSOMMABLES EN ODONTOLOGIE 11.0G DAVIERS ADULTES,Davier adulte incisive supérieure,---,---,Unité,ABC,,False,58
Annexe 2 — Materiel Bio-Medical,Liste Principale,11,CONSOMMABLES UTILISES EN ODONTO-STOMATOLOGIE,11.08,CONSOMMABLES EN ODONTOLOGIE 11.0G DAVIERS ADULTES,Davier adulte molaire droit supérieure,---,---,Unité,ABC,,False,58
Annexe 2 — Materiel Bio-Medical,Liste Principale,11,CONSOMMABLES UTILISES EN ODONTO-STOMATOLOGIE,11.08,CONSOMMABLES EN ODONTOLOGIE 11.0G DAVIERS ADULTES,Davier adulte molaire gauche supérieure,---,---,Unité,ABC,,False,58
Annexe 2 — Materiel Bio-Medical,Liste Principale,11,CONSOMMABLES UTILISES EN ODONTO-STOMATOLOGIE,11.08,CONSOMMABLES EN ODONTOLOGIE 11.0G DAVIERS ADULTES,Davier adulte molaire inférieure,---,---,Unité,ABC,,False,58
Annexe 2 — Materiel Bio-Medical,Liste Principale,11,CONSOMMABLES UTILISES EN ODONTO-STOMATOLOGIE,11.08,CONSOMMABLES EN ODONTOLOGIE 11.0G DAVIERS ADULTES,Davier adulte prémolaire inferieur,---,---,Unité,ABC,,False,58
Annexe 2 — Materiel Bio-Medical,Liste Principale,11,CONSOMMABLES UTILISES EN ODONTO-STOMATOLOGIE,11.08,CONSOMMABLES EN ODONTOLOGIE 11.0G DAVIERS ADULTES,Davier adulte prémolaire supérieure,---,---,Unité,ABC,,False,58
Annexe 2 — Materiel Bio-Medical,Liste Principale,11,CONSOMMABLES UTILISES EN ODONTO-STOMATOLOGIE,11.08,CONSOMMABLES EN ODONTOLOGIE 11.0G DAVIERS ADULTES,Davier adulte racine inférieure,---,---,Unité,ABC,,False,58
Annexe 2 — Materiel Bio-Medical,Liste Principale,11,CONSOMMABLES UTILISES EN ODONTO-STOMATOLOGIE,11.08,CONSOMMABLES EN ODONTOLOGIE 11.0G DAVIERS ADULTES,Davier adulte racine supérieure,---,---,Unité,ABC,,False,58
Annexe 2 — Materiel Bio-Medical,Liste Principale,11,CONSOMMABLES UTILISES EN ODONTO-STOMATOLOGIE,11.08,CONSOMMABLES EN ODONTOLOGIE 11.0G DAVIERS ADULTES,Davier adulte sagesse inférieure,---,---,Unité,ABC,,False,58
Annexe 2 — Materiel Bio-Medical,Liste Principale,11,CONSOMMABLES UTILISES EN ODONTO-STOMATOLOGIE,11.08,CONSOMMABLES EN ODONTOLOGIE 11.0G DAVIERS ADULTES,Davier adulte sagesse supérieure,---,---,Unité,ABC,,False,58
Annexe 2 — Materiel Bio-Medical,Liste Principale,11,CONSOMMABLES UTILISES EN ODONTO-STOMATOLOGIE,11.10,DAVIERS ENFANTS,Davier enfant incisive supérieure,---,---,Unité,ABC,,False,58
Annexe 2 — Materiel Bio-Medical,Liste Principale,11,CONSOMMABLES UTILISES EN ODONTO-STOMATOLOGIE,11.10,DAVIERS ENFANTS,Davier enfant canine supérieure,---,---,Unité,ABC,,False,58
Annexe 2 — Materiel Bio-Medical,Liste Principale,11,CONSOMMABLES UTILISES EN ODONTO-STOMATOLOGIE,11.10,DAVIERS ENFANTS,Davier enfant molaire supérieure droite,---,---,Unité,ABC,,False,58
Annexe 2 — Materiel Bio-Medical,Liste Principale,11,CONSOMMABLES UTILISES EN ODONTO-STOMATOLOGIE,11.10,DAVIERS ENFANTS,Davier enfant molaire supérieure gauche,---,---,Unité,ABC,,False,58
Annexe 2 — Materiel Bio-Medical,Liste Principale,11,CONSOMMABLES UTILISES EN ODONTO-STOMATOLOGIE,11.10,DAVIERS ENFANTS,Davier enfant racine supérieure,---,---,Unité,ABC,,False,58
Annexe 2 — Materiel Bio-Medical,Liste Principale,11,CONSOMMABLES UTILISES EN ODONTO-STOMATOLOGIE,11.10,DAVIERS ENFANTS,Davier enfant incisive inférieure,---,---,Unité,ABC,,False,58
Annexe 2 — Materiel Bio-Medical,Liste Principale,11,CONSOMMABLES UTILISES EN ODONTO-STOMATOLOGIE,11.10,DAVIERS ENFANTS,Davier enfant canine inférieure,---,---,Unité,ABC,,False,58
Annexe 2 — Materiel Bio-Medical,Liste Principale,11,CONSOMMABLES UTILISES EN ODONTO-STOMATOLOGIE,11.10,DAVIERS ENFANTS,Davier enfant molaire inférieure,---,---,Unité,ABC,,False,58
Annexe 2 — Materiel Bio-Medical,Liste Principale,11,CONSOMMABLES UTILISES EN ODONTO-STOMATOLOGIE,11.11,ELEVATEURS,Elévateur courbé la paire,---,---,Unité,ABC,,False,58
Annexe 2 — Materiel Bio-Medical,Liste Principale,11,CONSOMMABLES UTILISES EN ODONTO-STOMATOLOGIE,11.11,ELEVATEURS,Elévateur de Barry la paire,---,---,Unité,ABC,,False,59
Annexe 2 — Materiel Bio-Medical,Liste Principale,11,CONSOMMABLES UTILISES EN ODONTO-STOMATOLOGIE,11.11,ELEVATEURS,Elévateur droit,---,---,Unité,ABC,,False,59
Annexe 2 — Materiel Bio-Medical,Liste Principale,11,CONSOMMABLES UTILISES EN ODONTO-STOMATOLOGIE,11.11,ELEVATEURS,Elévateur en baïonnette,---,---,Unité,ABC,,False,59
Annexe 2 — Materiel Bio-Medical,Liste Principale,11,CONSOMMABLES UTILISES EN ODONTO-STOMATOLOGIE,11.11,ELEVATEURS,Exodonte la paire,---,---,Unité,ABC,,False,59
Annexe 2 — Materiel Bio-Medical,Liste Principale,11,CONSOMMABLES UTILISES EN ODONTO-STOMATOLOGIE,11.12,ECARTEUR,Ecarteur de Faraboeuf la paire,---,---,Unité,ABC,,False,59
Annexe 2 — Materiel Bio-Medical,Liste Principale,11,CONSOMMABLES UTILISES EN ODONTO-STOMATOLOGIE,11.13,FRAISES POUR TURBINE,Fraise carbure de tungstène boule standard ou bleu,---,---,Unité,ABC,,False,59
Annexe 2 — Materiel Bio-Medical,Liste Principale,11,CONSOMMABLES UTILISES EN ODONTO-STOMATOLOGIE,11.13,FRAISES POUR TURBINE,Fraise carbure de tungstène boule gros ou vert,---,---,Unité,ABC,,False,59
Annexe 2 — Materiel Bio-Medical,Liste Principale,11,CONSOMMABLES UTILISES EN ODONTO-STOMATOLOGIE,11.13,FRAISES POUR TURBINE,Fraise carbure de tungstène cône inversé standard ou bleu,---,---,Unité,ABC,,False,59
Annexe 2 — Materiel Bio-Medical,Liste Principale,11,CONSOMMABLES UTILISES EN ODONTO-STOMATOLOGIE,11.13,FRAISES POUR TURBINE,Fraise carbure de tungstène cône inversé gros ou vert,---,---,Unité,ABC,,False,59
Annexe 2 — Materiel Bio-Medical,Liste Principale,11,CONSOMMABLES UTILISES EN ODONTO-STOMATOLOGIE,11.13,FRAISES POUR TURBINE,Fraise carbure de tungstène cylindrique standard ou bleu,---,---,Unité,ABC,,False,59
Annexe 2 — Materiel Bio-Medical,Liste Principale,11,CONSOMMABLES UTILISES EN ODONTO-STOMATOLOGIE,11.13,FRAISES POUR TURBINE,Fraise carbure de tungstène cylindrique gros ou vert,---,---,Unité,ABC,,False,59
Annexe 2 — Materiel Bio-Medical,Liste Principale,11,CONSOMMABLES UTILISES EN ODONTO-STOMATOLOGIE,11.13,FRAISES POUR TURBINE,Fraise carbure de tungstène cylindro-conique standard ou bleu,---,---,Unité,ABC,,False,59
Annexe 2 — Materiel Bio-Medical,Liste Principale,11,CONSOMMABLES UTILISES EN ODONTO-STOMATOLOGIE,11.13,FRAISES POUR TURBINE,Fraise carbure de tungstène cylindro-conique,---,---,Unité,ABC,,False,59
Annexe 2 — Materiel Bio-Medical,Liste Principale,11,CONSOMMABLES UTILISES EN ODONTO-STOMATOLOGIE,11.13,FRAISES POUR TURBINE,Fraise diamantée cylindro-conique standard ou bleu,---,---,Unité,ABC,,False,59
Annexe 2 — Materiel Bio-Medical,Liste Principale,11,CONSOMMABLES UTILISES EN ODONTO-STOMATOLOGIE,11.13,FRAISES POUR TURBINE,Fraise diamantée cylindro-conique gros ou vert,---,---,Unité,ABC,,False,59
Annexe 2 — Materiel Bio-Medical,Liste Principale,11,CONSOMMABLES UTILISES EN ODONTO-STOMATOLOGIE,11.13,FRAISES POUR TURBINE,Fraise diamantée à finir les composites cylindrique standard ou bleu,---,---,Unité,ABC,,False,59
Annexe 2 — Materiel Bio-Medical,Liste Principale,11,CONSOMMABLES UTILISES EN ODONTO-STOMATOLOGIE,11.13,FRAISES POUR TURBINE,Fraise diamantée à finir les composites poires,---,---,Unité,ABC,,False,59
Annexe 2 — Materiel Bio-Medical,Liste Principale,11,CONSOMMABLES UTILISES EN ODONTO-STOMATOLOGIE,11.13,FRAISES POUR TURBINE,Fraise diamantée boule standard ou bleu,---,---,Unité,ABC,,False,59
Annexe 2 — Materiel Bio-Medical,Liste Principale,11,CONSOMMABLES UTILISES EN ODONTO-STOMATOLOGIE,11.13,FRAISES POUR TURBINE,Fraise diamantée boule gros ou vert,---,---,Unité,ABC,,False,59
Annexe 2 — Materiel Bio-Medical,Liste Principale,11,CONSOMMABLES UTILISES EN ODONTO-STOMATOLOGIE,11.13,FRAISES POUR TURBINE,Fraise diamantée cylindrique standard ou bleu,---,---,Unité,ABC,,False,59
Annexe 2 — Materiel Bio-Medical,Liste Principale,11,CONSOMMABLES UTILISES EN ODONTO-STOMATOLOGIE,11.13,FRAISES POUR TURBINE,Fraise diamantée cylindrique gros ou vert,---,---,Unité,ABC,,False,59
Annexe 2 — Materiel Bio-Medical,Liste Principale,11,CONSOMMABLES UTILISES EN ODONTO-STOMATOLOGIE,11.13,FRAISES POUR TURBINE,Fraise Zékrya chirurgicale (à séparer les racines),---,---,Unité,ABC,,False,59
Annexe 2 — Materiel Bio-Medical,Liste Principale,11,CONSOMMABLES UTILISES EN ODONTO-STOMATOLOGIE,11.13,FRAISES POUR TURBINE,Fraise Zékrya Endo,---,---,Unité,ABC,,False,59
Annexe 2 — Materiel Bio-Medical,Liste Principale,11,CONSOMMABLES UTILISES EN ODONTO-STOMATOLOGIE,11.14,PRODUITS D’ODONTOLOGIE,Eugenol,---,---,Unité,ABC,,False,59
Annexe 2 — Materiel Bio-Medical,Liste Principale,11,CONSOMMABLES UTILISES EN ODONTO-STOMATOLOGIE,11.14,PRODUITS D’ODONTOLOGIE,Hydroxyde de calcium,---,---,Flacon,ABC,,False,59
Annexe 2 — Materiel Bio-Medical,Liste Principale,11,CONSOMMABLES UTILISES EN ODONTO-STOMATOLOGIE,11.14,PRODUITS D’ODONTOLOGIE,Hydroxyde de calcium,---,---,Poudre buccale,ABC,,False,59
Annexe 2 — Materiel Bio-Medical,Liste Principale,11,CONSOMMABLES UTILISES EN ODONTO-STOMATOLOGIE,11.14,PRODUITS D’ODONTOLOGIE,Necro (arsenic Necroazur),---,---,Unité,AB,,False,59
Annexe 2 — Materiel Bio-Medical,Liste Principale,11,CONSOMMABLES UTILISES EN ODONTO-STOMATOLOGIE,11.14,PRODUITS D’ODONTOLOGIE,Oxyde de zinc,---,---,Poudre,ABC,,False,59
Annexe 2 — Materiel Bio-Medical,Liste Principale,11,CONSOMMABLES UTILISES EN ODONTO-STOMATOLOGIE,11.14,PRODUITS D’ODONTOLOGIE,Pâte iodoformée,---,---,Unité,ABC,,False,59
Annexe 2 — Materiel Bio-Medical,Liste Principale,11,CONSOMMABLES UTILISES EN ODONTO-STOMATOLOGIE,11.14,PRODUITS D’ODONTOLOGIE,Pâte iodoformée enfant (pour obturation canalaire),---,---,Pot,ABC,,False,59
Annexe 2 — Materiel Bio-Medical,Liste Principale,11,CONSOMMABLES UTILISES EN ODONTO-STOMATOLOGIE,11.14,PRODUITS D’ODONTOLOGIE,"Solution antiseptique des canaux dentaires (pulpéyl, rockless 3 et 4, crésophène)",---,---,Unité,ABC,,False,59
Annexe 2 — Materiel Bio-Medical,Liste Principale,11,CONSOMMABLES UTILISES EN ODONTO-STOMATOLOGIE,11.14,PRODUITS D’ODONTOLOGIE,Solutions solvantes des ciments canalaires,---,---,Unité,ABC,,False,59
Annexe 2 — Materiel Bio-Medical,Liste Principale,11,CONSOMMABLES UTILISES EN ODONTO-STOMATOLOGIE,11.15,PRODUITS DE PREVENTION,Eponge de fluoruration,---,---,Unité,ABC,,False,59
Annexe 2 — Materiel Bio-Medical,Liste Principale,11,CONSOMMABLES UTILISES EN ODONTO-STOMATOLOGIE,11.16,AUTRES MATERIELS EN ODONTOLOGIE,Bande Matrice transparente,---,---,Unité,ABC,,False,59
Annexe 2 — Materiel Bio-Medical,Liste Principale,11,CONSOMMABLES UTILISES EN ODONTO-STOMATOLOGIE,11.16,AUTRES MATERIELS EN ODONTOLOGIE,Boîte de srew-post,---,---,Unité,ABC,,False,59
Annexe 2 — Materiel Bio-Medical,Liste Principale,11,CONSOMMABLES UTILISES EN ODONTO-STOMATOLOGIE,11.16,AUTRES MATERIELS EN ODONTOLOGIE,Brossette en laiton pour nettoyer des fraises,---,---,Unité,ABC,,False,59
Annexe 2 — Materiel Bio-Medical,Liste Principale,11,CONSOMMABLES UTILISES EN ODONTO-STOMATOLOGIE,11.16,AUTRES MATERIELS EN ODONTOLOGIE,Brunissoirs doubles,---,---,Unité,ABC,,False,59
Annexe 2 — Materiel Bio-Medical,Liste Principale,11,CONSOMMABLES UTILISES EN ODONTO-STOMATOLOGIE,11.16,AUTRES MATERIELS EN ODONTOLOGIE,Cupules,---,---,Unité,ABC,,False,59
Annexe 2 — Materiel Bio-Medical,Liste Principale,11,CONSOMMABLES UTILISES EN ODONTO-STOMATOLOGIE,11.16,AUTRES MATERIELS EN ODONTOLOGIE,Excavateurs doubles,---,---,Unité,ABC,,False,59
Annexe 2 — Materiel Bio-Medical,Liste Principale,11,CONSOMMABLES UTILISES EN ODONTO-STOMATOLOGIE,11.16,AUTRES MATERIELS EN ODONTOLOGIE,Fouloirs doubles,---,---,Unité,ABC,,False,59
Annexe 2 — Materiel Bio-Medical,Liste Principale,12,CONSOMMABLES UTILISES EN PNEUMOLOGIE,,,Aiguille d'ABRAM,---,---,Unité,AB,,False,59
Annexe 2 — Materiel Bio-Medical,Liste Principale,12,CONSOMMABLES UTILISES EN PNEUMOLOGIE,,,Aiguille de castelain,---,---,Unité,AB,,False,59
Annexe 2 — Materiel Bio-Medical,Liste Principale,12,CONSOMMABLES UTILISES EN PNEUMOLOGIE,,,Barboteur,---,---,Unité,ABCD,,False,59
Annexe 2 — Materiel Bio-Medical,Liste Principale,12,CONSOMMABLES UTILISES EN PNEUMOLOGIE,,,Débitmètre de pointe,---,---,Unité,AB,,False,59
Annexe 2 — Materiel Bio-Medical,Liste Principale,12,CONSOMMABLES UTILISES EN PNEUMOLOGIE,,,Drain de Joly n°12,---,---,Unité,AB,,False,59
Annexe 2 — Materiel Bio-Medical,Liste Principale,12,CONSOMMABLES UTILISES EN PNEUMOLOGIE,,,Drain de Joly enfant n°14,---,---,Unité,AB,,False,59
Annexe 2 — Materiel Bio-Medical,Liste Principale,12,CONSOMMABLES UTILISES EN PNEUMOLOGIE,,,Drain de Joly n°16,---,---,Unité,AB,,False,60
Annexe 2 — Materiel Bio-Medical,Liste Principale,12,CONSOMMABLES UTILISES EN PNEUMOLOGIE,,,Drain de Joly n°18,---,---,Unité,AB,,False,60
Annexe 2 — Materiel Bio-Medical,Liste Principale,12,CONSOMMABLES UTILISES EN PNEUMOLOGIE,,,Drain de Joly n°20,---,---,Unité,AB,,False,60
Annexe 2 — Materiel Bio-Medical,Liste Principale,12,CONSOMMABLES UTILISES EN PNEUMOLOGIE,,,Drain de Joly n°22,---,---,Unité,AB,,False,60
Annexe 2 — Materiel Bio-Medical,Liste Principale,12,CONSOMMABLES UTILISES EN PNEUMOLOGIE,,,Drain de Joly n°24,---,---,Unité,AB,,False,60
Annexe 2 — Materiel Bio-Medical,Liste Principale,12,CONSOMMABLES UTILISES EN PNEUMOLOGIE,,,Embout cartonné jetable pour débimètre,---,---,Unité,AB,,False,60
Annexe 2 — Materiel Bio-Medical,Liste Principale,12,CONSOMMABLES UTILISES EN PNEUMOLOGIE,,,Masque d'oxygène à haute concentration,---,---,Unité,ABCD,,False,60
Annexe 2 — Materiel Bio-Medical,Liste Principale,12,CONSOMMABLES UTILISES EN PNEUMOLOGIE,,,Pleurevac pour drain,---,---,Unité,AB,,False,60
Annexe 2 — Materiel Bio-Medical,Liste Principale,13,FILS DE SUTURE,13.01,FILS DE SUTURE POUR L'ODONTO-STOMATOLOGIE ET LA CHIRURGIE MAXILLO-FACIALE,"Fil non résorbable, acier, 0,3 mm, pour ligature (Paquet)",---,---,Unité,AB,,False,60
Annexe 2 — Materiel Bio-Medical,Liste Principale,13,FILS DE SUTURE,13.01,FILS DE SUTURE POUR L'ODONTO-STOMATOLOGIE ET LA CHIRURGIE MAXILLO-FACIALE,"Fil non résorbable, acier, 0,4 mm, pour ligature (Paquet)",---,---,Unité,AB,,False,60
Annexe 2 — Materiel Bio-Medical,Liste Principale,13,FILS DE SUTURE,13.01,FILS DE SUTURE POUR L'ODONTO-STOMATOLOGIE ET LA CHIRURGIE MAXILLO-FACIALE,"Fil non résorbable, acier, n°3/10",---,---,Unité,AB,,False,60
Annexe 2 — Materiel Bio-Medical,Liste Principale,13,FILS DE SUTURE,13.01,FILS DE SUTURE POUR L'ODONTO-STOMATOLOGIE ET LA CHIRURGIE MAXILLO-FACIALE,"Fil non résorbable, acier, n°4/10",---,---,Unité,AB,,False,60
Annexe 2 — Materiel Bio-Medical,Liste Principale,13,FILS DE SUTURE,13.01,FILS DE SUTURE POUR L'ODONTO-STOMATOLOGIE ET LA CHIRURGIE MAXILLO-FACIALE,"Fil non résorbable, acier, n°5/10",---,---,Unité,AB,,False,60
Annexe 2 — Materiel Bio-Medical,Liste Principale,13,FILS DE SUTURE,13.01,FILS DE SUTURE POUR L'ODONTO-STOMATOLOGIE ET LA CHIRURGIE MAXILLO-FACIALE,"Fil non résorbable, nylon, n°1, serti",---,---,Unité,ABC,,False,60
Annexe 2 — Materiel Bio-Medical,Liste Principale,13,FILS DE SUTURE,13.01,FILS DE SUTURE POUR L'ODONTO-STOMATOLOGIE ET LA CHIRURGIE MAXILLO-FACIALE,"Fil non résorbable, nylon, n°2 serti",---,---,Unité,AB,,False,60
Annexe 2 — Materiel Bio-Medical,Liste Principale,13,FILS DE SUTURE,13.01,FILS DE SUTURE POUR L'ODONTO-STOMATOLOGIE ET LA CHIRURGIE MAXILLO-FACIALE,"Fil non résorbable, nylon, n°2/0, serti",---,---,Unité,ABC,,False,60
Annexe 2 — Materiel Bio-Medical,Liste Principale,13,FILS DE SUTURE,13.01,FILS DE SUTURE POUR L'ODONTO-STOMATOLOGIE ET LA CHIRURGIE MAXILLO-FACIALE,"Fil non résorbable, nylon, n°3/0, serti",---,---,Unité,ABC,,False,60
Annexe 2 — Materiel Bio-Medical,Liste Principale,13,FILS DE SUTURE,13.01,FILS DE SUTURE POUR L'ODONTO-STOMATOLOGIE ET LA CHIRURGIE MAXILLO-FACIALE,"Fil non résorbable, nylon, n°4/0, serti",---,---,Unité,ABC,,False,60
Annexe 2 — Materiel Bio-Medical,Liste Principale,13,FILS DE SUTURE,13.01,FILS DE SUTURE POUR L'ODONTO-STOMATOLOGIE ET LA CHIRURGIE MAXILLO-FACIALE,"Fil non résorbable, nylon, n°5/0, serti",---,---,Unité,ABC,,False,60
Annexe 2 — Materiel Bio-Medical,Liste Principale,13,FILS DE SUTURE,13.01,FILS DE SUTURE POUR L'ODONTO-STOMATOLOGIE ET LA CHIRURGIE MAXILLO-FACIALE,"Fil non résorbable, prolène, n°3/0, serti",---,---,Unité,ABC,,False,60
Annexe 2 — Materiel Bio-Medical,Liste Principale,13,FILS DE SUTURE,13.01,FILS DE SUTURE POUR L'ODONTO-STOMATOLOGIE ET LA CHIRURGIE MAXILLO-FACIALE,"Fil non résorbable, prolène, n°4/0,serti",---,---,Unité,ABC,,False,60
Annexe 2 — Materiel Bio-Medical,Liste Principale,13,FILS DE SUTURE,13.01,FILS DE SUTURE POUR L'ODONTO-STOMATOLOGIE ET LA CHIRURGIE MAXILLO-FACIALE,"Fil non résorbable, prolène, n°5/0, aiguille triangulaire, courbe 3/8",---,---,Unité,ABC,,False,60
Annexe 2 — Materiel Bio-Medical,Liste Principale,13,FILS DE SUTURE,13.01,FILS DE SUTURE POUR L'ODONTO-STOMATOLOGIE ET LA CHIRURGIE MAXILLO-FACIALE,"Fil non résorbable, prolène, n°6/0, serti",---,---,Unité,ABC,,False,60
Annexe 2 — Materiel Bio-Medical,Liste Principale,13,FILS DE SUTURE,13.01,FILS DE SUTURE POUR L'ODONTO-STOMATOLOGIE ET LA CHIRURGIE MAXILLO-FACIALE,"Fil résorbable, polyglactine, n°0, aiguille courbe, 3/8",---,---,Unité,ABC,,False,60
Annexe 2 — Materiel Bio-Medical,Liste Principale,13,FILS DE SUTURE,13.01,FILS DE SUTURE POUR L'ODONTO-STOMATOLOGIE ET LA CHIRURGIE MAXILLO-FACIALE,"Fil résorbable, polyglactine, n°0, tressé, bobine",---,---,Unité,AB,,False,60
Annexe 2 — Materiel Bio-Medical,Liste Principale,13,FILS DE SUTURE,13.01,FILS DE SUTURE POUR L'ODONTO-STOMATOLOGIE ET LA CHIRURGIE MAXILLO-FACIALE,"Fil résorbable, polyglactine, n°1, aiguille courbe, 3/8",---,---,Unité,ABC,,False,60
Annexe 2 — Materiel Bio-Medical,Liste Principale,13,FILS DE SUTURE,13.01,FILS DE SUTURE POUR L'ODONTO-STOMATOLOGIE ET LA CHIRURGIE MAXILLO-FACIALE,"Fil résorbable, polyglactine, n°2/0, tressé, aiguille 30mm, courbe 3/8",---,---,Unité,ABC,,False,60
Annexe 2 — Materiel Bio-Medical,Liste Principale,13,FILS DE SUTURE,13.01,FILS DE SUTURE POUR L'ODONTO-STOMATOLOGIE ET LA CHIRURGIE MAXILLO-FACIALE,"Fil résorbable, polyglactine, n°2/0, tressé, bobine",---,---,Unité,ABC,,False,60
Annexe 2 — Materiel Bio-Medical,Liste Principale,13,FILS DE SUTURE,13.01,FILS DE SUTURE POUR L'ODONTO-STOMATOLOGIE ET LA CHIRURGIE MAXILLO-FACIALE,"Fil résorbable, polyglactine, n°3/0, tressé, bobine",---,---,Unité,ABC,,False,60
Annexe 2 — Materiel Bio-Medical,Liste Principale,13,FILS DE SUTURE,13.01,FILS DE SUTURE POUR L'ODONTO-STOMATOLOGIE ET LA CHIRURGIE MAXILLO-FACIALE,"Fil résorbable, polyglactine, n°3/0, tressé, aiguille courbe, 3/8",---,---,Unité,ABC,,False,60
Annexe 2 — Materiel Bio-Medical,Liste Principale,13,FILS DE SUTURE,13.01,FILS DE SUTURE POUR L'ODONTO-STOMATOLOGIE ET LA CHIRURGIE MAXILLO-FACIALE,"Fil résorbable, polyglactine, n°4/0, tressé, aiguille 20mm, ronde,courbe, 3/8",---,---,Unité,ABC,,False,60
Annexe 2 — Materiel Bio-Medical,Liste Principale,13,FILS DE SUTURE,13.01,FILS DE SUTURE POUR L'ODONTO-STOMATOLOGIE ET LA CHIRURGIE MAXILLO-FACIALE,"Fil résorbable, polyglactine, n°5/0, tressé, aiguille 17mm, triangulaire, courbe,3/8",---,---,Unité,ABC,,False,60
Annexe 2 — Materiel Bio-Medical,Liste Principale,13,FILS DE SUTURE,13.02,FILS DE SUTURE POUR L'OPHTALMOLOGIE,"Fil n°10/0, monofilament, double serti",---,---,Unité,AB,,False,60
Annexe 2 — Materiel Bio-Medical,Liste Principale,13,FILS DE SUTURE,13.02,FILS DE SUTURE POUR L'OPHTALMOLOGIE,"Fil n°9/0, monofilament, double serti",---,---,Unité,AB,,False,60
Annexe 2 — Materiel Bio-Medical,Liste Principale,13,FILS DE SUTURE,13.02,FILS DE SUTURE POUR L'OPHTALMOLOGIE,"Fil non résorbable, soie noire, n°6/0, tressé, serti",---,---,Unité,AB,,False,60
Annexe 2 — Materiel Bio-Medical,Liste Principale,13,FILS DE SUTURE,13.02,FILS DE SUTURE POUR L'OPHTALMOLOGIE,"Fil résorbable, polyglactine, n°7/0, tressé, double serti",---,---,Unité,AB,,False,60
Annexe 2 — Materiel Bio-Medical,Liste Principale,13,FILS DE SUTURE,13.02,FILS DE SUTURE POUR L'OPHTALMOLOGIE,"Fil résorbable, polyglactine, n°8/0, tressé, double serti",---,---,Unité,AB,,False,60
Annexe 2 — Materiel Bio-Medical,Liste Principale,13,FILS DE SUTURE,13.03,DIVERS FILS DE SUTURE,"Fil non résorbable, polyamide, n°1, monofilament, aiguille triangualaire, courbe 3/8",---,---,Unité,ABC,,False,60
Annexe 2 — Materiel Bio-Medical,Liste Principale,13,FILS DE SUTURE,13.03,DIVERS FILS DE SUTURE,"Fil non résorbable, polyamide, n°2, monofilament, aiguille triangualaire, courbe 3/8",---,---,Unité,ABC,,False,60
Annexe 2 — Materiel Bio-Medical,Liste Principale,13,FILS DE SUTURE,13.03,DIVERS FILS DE SUTURE,"Fil non résorbable, polyamide, n°2/0, monofilament, aiguille triangualaire, courbe 3/8",---,---,Unité,ABC,,False,60
Annexe 2 — Materiel Bio-Medical,Liste Principale,13,FILS DE SUTURE,13.03,DIVERS FILS DE SUTURE,"Fil non résorbable, polyamide, n°3/0, monofilament, aiguille triangualaire, courbe 3/8",---,---,Unité,ABC,,False,60
Annexe 2 — Materiel Bio-Medical,Liste Principale,13,FILS DE SUTURE,13.03,DIVERS FILS DE SUTURE,"Fil non résorbable, polyester, n°: (0, 1, 2/0, 3/0, 4/0, 5/0, 6/0) monofilament, aiguille triangulaire, courbure 3/8, longueur : (13 mm, 30 mm, 22 mm, 36 mm,",---,---,Unité,ABC,,False,60
Annexe 2 — Materiel Bio-Medical,Liste Principale,40,mm),13.03,DIVERS FILS DE SUTURE,"Fil non résorbable, polyester, n°: (0, 1, 2/0, 3/0, 4/0, 5/0, 6/0), monofilament, aiguille triangulaire, courbe 1/2, longueur : (13 mm, 30 mm, 22 mm, 36 mm, 40 mm)",---,---,Unité,ABC,,False,61
Annexe 2 — Materiel Bio-Medical,Liste Principale,40,mm),13.03,DIVERS FILS DE SUTURE,"Fil non résorbable, polyester, n°: (1, 0, 2/0, 3/0, 4/0, 5/0, 6/0) monofilament, aiguille ronde courbe 1/2, longueur : (13 mm, 30 mm, 22 mm, 36 mm, 40 mm)",---,---,Unité,ABC,,False,61
Annexe 2 — Materiel Bio-Medical,Liste Principale,40,mm),13.03,DIVERS FILS DE SUTURE,"Fil non résorbable, polyester, n°: (1, 0, 2/0, 3/0, 4/0, 5/0, 6/0), monofilament, aiguille ronde courbe 1/2, longueur : (13 mm, 30 mm, 22 mm, 36 mm, 40 mm)",---,---,Unité,ABC,,False,61
Annexe 2 — Materiel Bio-Medical,Liste Principale,40,mm),13.03,DIVERS FILS DE SUTURE,"Fil non résorbable, polyester, n°: (1, 0, 2/0, 3/0, 4/0, 5/0, 6/0), monofilament, aiguille triangulaire, courbe 1/2, longueur : (13 mm, 30 mm, 22 mm, 36 mm, 40 mm)",---,---,Unité,ABC,,False,61
Annexe 2 — Materiel Bio-Medical,Liste Principale,40,mm),13.03,DIVERS FILS DE SUTURE,"Fil non résorbable, polyester, n°0, tressé, vert, aiguille 30mm, triangulaire, courbe 3/8",---,---,Unité,ABC,,False,61
Annexe 2 — Materiel Bio-Medical,Liste Principale,40,mm),13.03,DIVERS FILS DE SUTURE,"Fil non résorbable, polyester, n°1, tressé, vert, aiguille 30mm, triangulaire, courbe 3/8",---,---,Unité,ABC,,False,61
Annexe 2 — Materiel Bio-Medical,Liste Principale,40,mm),13.03,DIVERS FILS DE SUTURE,"Fil non résorbable, polyester, n°2, tressé, vert, aiguille 30mm, triangulaire, courbe 3/8",---,---,Unité,ABC,,False,61
Annexe 2 — Materiel Bio-Medical,Liste Principale,40,mm),13.03,DIVERS FILS DE SUTURE,"Fil non résorbable, polyester, n°2/0, aiguille droite n°13 à 40",---,---,Unité,ABC,,False,61
Annexe 2 — Materiel Bio-Medical,Liste Principale,40,mm),13.03,DIVERS FILS DE SUTURE,"Fil non résorbable, polyester, n°2/0, tressé, vert, aiguille 30mm, triangulaire, courbe 3/8",---,---,Unité,ABC,,False,61
Annexe 2 — Materiel Bio-Medical,Liste Principale,40,mm),13.03,DIVERS FILS DE SUTURE,"Fil non résorbable, prolène, n°0, aiguille triangulaire, courbe 3/8",---,---,Unité,ABC,,False,61
Annexe 2 — Materiel Bio-Medical,Liste Principale,40,mm),13.03,DIVERS FILS DE SUTURE,"Fil non résorbable, prolène, n°2/0, aiguille triangulaire, courbe 3/8",---,---,Unité,ABC,,False,61
Annexe 2 — Materiel Bio-Medical,Liste Principale,40,mm),13.03,DIVERS FILS DE SUTURE,"Fil non résorbable, prolène, n°4/0, serti",---,---,Unité,ABC,,False,61
Annexe 2 — Materiel Bio-Medical,Liste Principale,40,mm),13.03,DIVERS FILS DE SUTURE,"Fil non résorbable, prolène, n°5/0, serti",---,---,Unité,ABC,,False,61
Annexe 2 — Materiel Bio-Medical,Liste Principale,40,mm),13.03,DIVERS FILS DE SUTURE,"Fil non résorbable, soie noire, n°3/0, tressé, serti",---,---,Unité,ABC,,False,61
Annexe 2 — Materiel Bio-Medical,Liste Principale,40,mm),13.03,DIVERS FILS DE SUTURE,"Fil non résorbable, soie noire, n°4/0, serti",---,---,Unité,ABC,,False,61
Annexe 2 — Materiel Bio-Medical,Liste Principale,40,mm),13.03,DIVERS FILS DE SUTURE,"Fil non résorbable, soie noire, n°4/0, tressé, serti",---,---,Unité,ABC,,False,61
Annexe 2 — Materiel Bio-Medical,Liste Principale,40,mm),13.03,DIVERS FILS DE SUTURE,"Fil non résorbable, soie noire, n°5/0, tressé, serti",---,---,Unité,ABC,,False,61
Annexe 2 — Materiel Bio-Medical,Liste Principale,40,mm),13.03,DIVERS FILS DE SUTURE,"Fil non résorbable, soie noire, n°6/0, serti",---,---,Unité,ABC,,False,61
Annexe 2 — Materiel Bio-Medical,Liste Principale,40,mm),13.03,DIVERS FILS DE SUTURE,"Fil résorbable n°0, monofilament, aiguille ronde, courbe 1/2",---,---,Unité,ABC,,False,61
Annexe 2 — Materiel Bio-Medical,Liste Principale,40,mm),13.03,DIVERS FILS DE SUTURE,"Fil résorbable n°0, monofilament, aiguille triangulaire, courbe 1/2",---,---,Unité,ABC,,False,61
Annexe 2 — Materiel Bio-Medical,Liste Principale,40,mm),13.03,DIVERS FILS DE SUTURE,"Fil résorbable n°0, monofilament, bobine",---,---,Unité,ABC,,False,61
Annexe 2 — Materiel Bio-Medical,Liste Principale,40,mm),13.03,DIVERS FILS DE SUTURE,"Fil résorbable n°1, monofilament, aiguille 36mm, triangulaire courbe 1/2",---,---,Unité,ABC,,False,61
Annexe 2 — Materiel Bio-Medical,Liste Principale,40,mm),13.03,DIVERS FILS DE SUTURE,"Fil résorbable n°1, monofilament, bobine",---,---,Unité,ABC,,False,61
Annexe 2 — Materiel Bio-Medical,Liste Principale,40,mm),13.03,DIVERS FILS DE SUTURE,"Fil résorbable n°2, bobine",---,---,Unité,ABC,,False,61
Annexe 2 — Materiel Bio-Medical,Liste Principale,40,mm),13.03,DIVERS FILS DE SUTURE,"Fil résorbable n°2/0, monofilament, aiguille 30mm, triangulaire, courbe 1/2",---,---,Unité,ABC,,False,61
Annexe 2 — Materiel Bio-Medical,Liste Principale,40,mm),13.03,DIVERS FILS DE SUTURE,"Fil résorbable n°2/0, monofilament, aiguille ronde, courbe 1/2",---,---,Unité,ABC,,False,61
Annexe 2 — Materiel Bio-Medical,Liste Principale,40,mm),13.03,DIVERS FILS DE SUTURE,"Fil résorbable, polyglactine rapide, n°0, tressé, aiguille ronde, courbe, 1/2",---,---,Unité,ABC,,False,61
Annexe 2 — Materiel Bio-Medical,Liste Principale,40,mm),13.03,DIVERS FILS DE SUTURE,"Fil résorbable, polyglactine rapide, n°1, tressé, aiguille ronde, courbe, 1/2",---,---,Unité,ABC,,False,61
Annexe 2 — Materiel Bio-Medical,Liste Principale,40,mm),13.03,DIVERS FILS DE SUTURE,"Fil résorbable, polyglactine rapide, n°1, tressé, aiguille triangulaire courbe, 1/2",---,---,Unité,ABC,,False,61
Annexe 2 — Materiel Bio-Medical,Liste Principale,40,mm),13.03,DIVERS FILS DE SUTURE,"Fil résorbable, polyglactine rapide, n°2, tressé, aiguille triangulaire, courbe, 1/2",---,---,Unité,ABC,,False,61
Annexe 2 — Materiel Bio-Medical,Liste Principale,40,mm),13.03,DIVERS FILS DE SUTURE,"Fil résorbable, polyglactine rapide, n°2/0, tressé, aiguille ronde, courbe, 1/2",---,---,Unité,ABC,,False,61
Annexe 2 — Materiel Bio-Medical,Liste Principale,40,mm),13.03,DIVERS FILS DE SUTURE,"Fil résorbable, polyglactine rapide, n°2/0, tressé, aiguille triangulaire courbe,",---,---,Unité,ABC,,False,61
Annexe 2 — Materiel Bio-Medical,Liste Principale,40,mm),13.03,DIVERS FILS DE SUTURE 1/2,"Fil résorbable, polyglactine, n°0, tressé, aiguille 30mm, ronde, courbe 1/2",---,---,Unité,ABC,,False,61
Annexe 2 — Materiel Bio-Medical,Liste Principale,40,mm),13.03,DIVERS FILS DE SUTURE 1/2,"Fil résorbable, polyglactine, n°0, tressé, aiguille 30mm, triangulaire courbe 1/2",---,---,Unité,ABC,,False,61
Annexe 2 — Materiel Bio-Medical,Liste Principale,40,mm),13.03,DIVERS FILS DE SUTURE 1/2,"Fil résorbable, polyglactine, n°0, tressé, bobine",---,---,Unité,ABC,,False,61
Annexe 2 — Materiel Bio-Medical,Liste Principale,40,mm),13.03,DIVERS FILS DE SUTURE 1/2,"Fil résorbable, polyglactine, n°1, tressé, aiguille 30mm, ronde courbe 1/2",---,---,Unité,ABC,,False,61
Annexe 2 — Materiel Bio-Medical,Liste Principale,40,mm),13.03,DIVERS FILS DE SUTURE 1/2,"Fil résorbable, polyglactine, n°1, tressé, aiguille 35mm, ronde, courbe 1/2",---,---,Unité,ABC,,False,61
Annexe 2 — Materiel Bio-Medical,Liste Principale,40,mm),13.03,DIVERS FILS DE SUTURE 1/2,"Fil résorbable, polyglactine, n°1, tressé, bobine",---,---,Unité,ABC,,False,61
Annexe 2 — Materiel Bio-Medical,Liste Principale,40,mm),13.03,DIVERS FILS DE SUTURE,"Fil résorbable, polyglactine, n°1/0, tressé, bobine",---,---,Unité,AB,,False,62
Annexe 2 — Materiel Bio-Medical,Liste Principale,40,mm),13.03,DIVERS FILS DE SUTURE,"Fil résorbable, polyglactine, n°10/0, tressé, serti",---,---,Unité,ABC,,False,62
Annexe 2 — Materiel Bio-Medical,Liste Principale,40,mm),13.03,DIVERS FILS DE SUTURE,"Fil résorbable, polyglactine, n°2, aiguille courbe, 3/8",---,---,Unité,AB,,False,62
Annexe 2 — Materiel Bio-Medical,Liste Principale,40,mm),13.03,DIVERS FILS DE SUTURE,"Fil résorbable, polyglactine, n°2, tressé, aiguille triangulaire, courbe 1/2",---,---,Unité,ABC,,False,62
Annexe 2 — Materiel Bio-Medical,Liste Principale,40,mm),13.03,DIVERS FILS DE SUTURE,"Fil résorbable, polyglactine, n°2, tressé, bobine",---,---,Unité,ABC,,False,62
Annexe 2 — Materiel Bio-Medical,Liste Principale,40,mm),13.03,DIVERS FILS DE SUTURE,"Fil résorbable, polyglactine, n°2/0, tressé, aiguille 30mm, ronde courbe 1/2",---,---,Unité,ABC,,False,62
Annexe 2 — Materiel Bio-Medical,Liste Principale,40,mm),13.03,DIVERS FILS DE SUTURE,"Fil résorbable, polyglactine, n°2/0, tressé, aiguille 30mm, triangulaire courbe",---,---,Unité,ABC,,False,62
Annexe 2 — Materiel Bio-Medical,Liste Principale,40,mm),13.03,DIVERS FILS DE SUTURE 1/2,"Fil résorbable, polyglactine, n°3/0, tressé, aiguille 20mm triangulaire, coube",---,---,Unité,ABC,,False,62
Annexe 2 — Materiel Bio-Medical,Liste Principale,40,mm),13.03,DIVERS FILS DE SUTURE 1/2 1/2,"Fil résorbable, polyglactine, n°3/0, tressé, aiguille 20mm, ronde courbe 1/2",---,---,Unité,ABC,,False,62
Annexe 2 — Materiel Bio-Medical,Liste Principale,40,mm),13.03,DIVERS FILS DE SUTURE 1/2 1/2,"Fil résorbable, polyglactine, n°5/0, tressé, aiguille 30mm, ronde, courbe 3/8",---,---,Unité,ABC,,False,62
Annexe 2 — Materiel Bio-Medical,Liste Principale,40,mm),13.03,DIVERS FILS DE SUTURE 1/2 1/2,"Fil résorbable, polyglactine, n°6/0, tressé, aiguille 20mm, ronde, courbe 3/8",---,---,Unité,ABC,,False,62
Annexe 2 — Materiel Bio-Medical,Liste Principale,40,mm),13.03,DIVERS FILS DE SUTURE 1/2 1/2,"Fil résorbable, polyglactine, n°7/0, tressé, serti",---,---,Unité,ABC,,False,62
Annexe 2 — Materiel Bio-Medical,Liste Principale,40,mm),13.03,DIVERS FILS DE SUTURE 1/2 1/2,"Fil résorbable, polyglactine, n°8/0, tressé, serti",---,---,Unité,ABC,,False,62
Annexe 2 — Materiel Bio-Medical,Liste Principale,14,CONSOMMABLES UTILISES EN CARDIOLOGIE,,,Electrode holter (à queue ou à fil),---,---,Unité,AB,,False,62
Annexe 2 — Materiel Bio-Medical,Liste Principale,14,CONSOMMABLES UTILISES EN CARDIOLOGIE,,,Electrode holter à pince,---,---,Unité,AB,,False,62
Annexe 2 — Materiel Bio-Medical,Liste Principale,14,CONSOMMABLES UTILISES EN CARDIOLOGIE,,,Papier pour Electrocardiogramme,---,---,Unité,AB,,False,62
Annexe 2 — Materiel Bio-Medical,Liste Principale,15,DIVERS MATERIELS BIO-MEDICAUX,,,Abaisse langue UU,---,---,Unité,ABCD,,False,62
Annexe 2 — Materiel Bio-Medical,Liste Principale,15,DIVERS MATERIELS BIO-MEDICAUX,,,Aiguille PL 25G avec introducteur pointe crayon,---,---,Unité,ABC,,False,62
Annexe 2 — Materiel Bio-Medical,Liste Principale,15,DIVERS MATERIELS BIO-MEDICAUX,,,Aiguille PL 26G avec introducteur pointe crayon,---,---,Unité,ABC,,False,62
Annexe 2 — Materiel Bio-Medical,Liste Principale,15,DIVERS MATERIELS BIO-MEDICAUX,,,Aiguille PL 27G avec introducteur pointe crayon,---,---,Unité,ABC,,False,62
Annexe 2 — Materiel Bio-Medical,Liste Principale,15,DIVERS MATERIELS BIO-MEDICAUX,,,Aiguille UU 23G,---,---,Unité,ABCD,,False,62
Annexe 2 — Materiel Bio-Medical,Liste Principale,15,DIVERS MATERIELS BIO-MEDICAUX,,,Aiguille UU 25G,---,---,Unité,ABCD,,False,62
Annexe 2 — Materiel Bio-Medical,Liste Principale,15,DIVERS MATERIELS BIO-MEDICAUX,,,Alèze plastique 1m/1m,---,---,Unité,ABCD,,False,62
Annexe 2 — Materiel Bio-Medical,Liste Principale,15,DIVERS MATERIELS BIO-MEDICAUX,,,Bassin de lit inox,---,---,Unité,ABCD,,False,62
Annexe 2 — Materiel Bio-Medical,Liste Principale,15,DIVERS MATERIELS BIO-MEDICAUX,,,Bassin de lit plastique,---,---,Unité,ABCD,,False,62
Annexe 2 — Materiel Bio-Medical,Liste Principale,15,DIVERS MATERIELS BIO-MEDICAUX,,,Bavette,---,---,Unité,ABCD,,False,62
Annexe 2 — Materiel Bio-Medical,Liste Principale,15,DIVERS MATERIELS BIO-MEDICAUX,,,Boîte à instruments 22/10/5,---,---,Unité,ABCD,,False,62
Annexe 2 — Materiel Bio-Medical,Liste Principale,15,DIVERS MATERIELS BIO-MEDICAUX,,,Boîte à instruments 32/10/7,---,---,Unité,ABCD,,False,62
Annexe 2 — Materiel Bio-Medical,Liste Principale,15,DIVERS MATERIELS BIO-MEDICAUX,,,Boîte à instruments 40/23/8,---,---,Unité,ABCD,,False,62
Annexe 2 — Materiel Bio-Medical,Liste Principale,15,DIVERS MATERIELS BIO-MEDICAUX,,,Boîte cylindrique 120/125,---,---,Unité,ABCD,,False,62
Annexe 2 — Materiel Bio-Medical,Liste Principale,15,DIVERS MATERIELS BIO-MEDICAUX,,,Boîte cylindrique 240/190,---,---,Unité,ABC,,False,62
Annexe 2 — Materiel Bio-Medical,Liste Principale,15,DIVERS MATERIELS BIO-MEDICAUX,,,Boîte cylindrique 340/240,---,---,Unité,ABC,,False,62
Annexe 2 — Materiel Bio-Medical,Liste Principale,15,DIVERS MATERIELS BIO-MEDICAUX,,,Bonnet chirurgical (charlotte),---,---,Unité,ABCD,,False,62
Annexe 2 — Materiel Bio-Medical,Liste Principale,15,DIVERS MATERIELS BIO-MEDICAUX,,,Cathéter intraosseux,---,---,Unité,AB,,False,62
Annexe 2 — Materiel Bio-Medical,Liste Principale,15,DIVERS MATERIELS BIO-MEDICAUX,,,Cathéter ombilical CH 4,---,---,Unité,AB,,False,62
Annexe 2 — Materiel Bio-Medical,Liste Principale,15,DIVERS MATERIELS BIO-MEDICAUX,,,Cathéter ombilical CH 5,---,---,Unité,AB,,False,62
Annexe 2 — Materiel Bio-Medical,Liste Principale,15,DIVERS MATERIELS BIO-MEDICAUX,,,Cathéter ombilical CH 6,---,---,Unité,AB,,False,62
Annexe 2 — Materiel Bio-Medical,Liste Principale,15,DIVERS MATERIELS BIO-MEDICAUX,,,Cathéter périphérique court 13G 55mm,---,---,Unité,ABCD,,False,62
Annexe 2 — Materiel Bio-Medical,Liste Principale,15,DIVERS MATERIELS BIO-MEDICAUX,,,Cathéter périphérique court 14G 55mm,---,---,Unité,ABCD,,False,62
Annexe 2 — Materiel Bio-Medical,Liste Principale,15,DIVERS MATERIELS BIO-MEDICAUX,,,Cathéter périphérique court 16G 52mm,---,---,Unité,ABCD,,False,62
Annexe 2 — Materiel Bio-Medical,Liste Principale,15,DIVERS MATERIELS BIO-MEDICAUX,,,Cathéter périphérique court 18G 38mm,---,---,Unité,ABCD,,False,62
Annexe 2 — Materiel Bio-Medical,Liste Principale,15,DIVERS MATERIELS BIO-MEDICAUX,,,Cathéter périphérique court 20G 32mm,---,---,Unité,ABCD,,False,62
Annexe 2 — Materiel Bio-Medical,Liste Principale,15,DIVERS MATERIELS BIO-MEDICAUX,,,Cathéter périphérique court 22G 28mm,---,---,Unité,ABCD,,False,62
Annexe 2 — Materiel Bio-Medical,Liste Principale,15,DIVERS MATERIELS BIO-MEDICAUX,,,Cathéter périphérique court 24G 30mm,---,---,Unité,ABCD,,False,62
Annexe 2 — Materiel Bio-Medical,Liste Principale,15,DIVERS MATERIELS BIO-MEDICAUX,,,Cathéter périphérique court 26G 30mm,---,---,Unité,ABCD,,False,62
Annexe 2 — Materiel Bio-Medical,Liste Principale,15,DIVERS MATERIELS BIO-MEDICAUX,,,Cathéter périphérique long 13G 80mm,---,---,Unité,ABCD,,False,62
Annexe 2 — Materiel Bio-Medical,Liste Principale,15,DIVERS MATERIELS BIO-MEDICAUX,,,Cathéter périphérique long 14G 80mm,---,---,Unité,ABCD,,False,62
Annexe 2 — Materiel Bio-Medical,Liste Principale,15,DIVERS MATERIELS BIO-MEDICAUX,,,Cathéter périphérique long 16G 110mm,---,---,Unité,ABCD,,False,62
Annexe 2 — Materiel Bio-Medical,Liste Principale,15,DIVERS MATERIELS BIO-MEDICAUX,,,Cathéter péripherique long 18G 110mm,---,---,Unité,ABCD,,False,62
Annexe 2 — Materiel Bio-Medical,Liste Principale,15,DIVERS MATERIELS BIO-MEDICAUX,,,Crachoir plastique,---,---,Unité,ABCD,,False,62
Annexe 2 — Materiel Bio-Medical,Liste Principale,15,DIVERS MATERIELS BIO-MEDICAUX,,,Ecouvillon coton stérile,---,---,Unité,ABC,,False,63
Annexe 2 — Materiel Bio-Medical,Liste Principale,15,DIVERS MATERIELS BIO-MEDICAUX,,,Ecouvillon tige metallique,---,---,Unité,ABC,,False,63
Annexe 2 — Materiel Bio-Medical,Liste Principale,15,DIVERS MATERIELS BIO-MEDICAUX,,,"Gant chirurgical stérile 6,5 (1 paire) hypoallergénique",---,---,Unité,ABCD,,False,63
Annexe 2 — Materiel Bio-Medical,Liste Principale,15,DIVERS MATERIELS BIO-MEDICAUX,,,Gant chirurgical stérile 7 (1 paire) hypoallergénique,---,---,Unité,ABCD,,False,63
Annexe 2 — Materiel Bio-Medical,Liste Principale,15,DIVERS MATERIELS BIO-MEDICAUX,,,"Gant chirurgical stérile 7,5 (1 Paire) hypoallergénique",---,---,Unité,ABCD,,False,63
Annexe 2 — Materiel Bio-Medical,Liste Principale,15,DIVERS MATERIELS BIO-MEDICAUX,,,Gant chirurgical stérile 8 hypoallergénique (1 paire),---,---,Unité,ABCD,,False,63
Annexe 2 — Materiel Bio-Medical,Liste Principale,15,DIVERS MATERIELS BIO-MEDICAUX,,,Gants non stériles (GM),---,---,Unité,ABCDE,,False,63
Annexe 2 — Materiel Bio-Medical,Liste Principale,15,DIVERS MATERIELS BIO-MEDICAUX,,,Gants non stériles (MM),---,---,Unité,ABCDE,,False,63
Annexe 2 — Materiel Bio-Medical,Liste Principale,15,DIVERS MATERIELS BIO-MEDICAUX,,,Gants non stériles (PM),---,---,Unité,ABCDE,,False,63
Annexe 2 — Materiel Bio-Medical,Liste Principale,15,DIVERS MATERIELS BIO-MEDICAUX,,,Moustiquaire imprégnée rectangulaire adulte E,---,---,Unité,ABCDE,,False,63
Annexe 2 — Materiel Bio-Medical,Liste Principale,15,DIVERS MATERIELS BIO-MEDICAUX,,,Perfuseur de précision (pédiatrique),---,---,Unité,ABCD,,False,63
Annexe 2 — Materiel Bio-Medical,Liste Principale,15,DIVERS MATERIELS BIO-MEDICAUX,,,Perfuseur en Y avec dispositif pour IV,---,---,Unité,ABCD,,False,63
Annexe 2 — Materiel Bio-Medical,Liste Principale,15,DIVERS MATERIELS BIO-MEDICAUX,,,Pissette en plastique 250ml,---,---,Unité,ABCD,,False,63
Annexe 2 — Materiel Bio-Medical,Liste Principale,15,DIVERS MATERIELS BIO-MEDICAUX,,,Pistolet à urine,---,---,Unité,ABCD,,False,63
Annexe 2 — Materiel Bio-Medical,Liste Principale,15,DIVERS MATERIELS BIO-MEDICAUX,,,Poche à urines stérile et vidangeable,---,---,Unité,ABC,,False,63
Annexe 2 — Materiel Bio-Medical,Liste Principale,15,DIVERS MATERIELS BIO-MEDICAUX,,,Pointe de bistouri electrique,---,---,Unité,AB,,False,63
Annexe 2 — Materiel Bio-Medical,Liste Principale,15,DIVERS MATERIELS BIO-MEDICAUX,,,Sachet poubelle autoclavable,---,---,Unité,AB,,False,63
Annexe 2 — Materiel Bio-Medical,Liste Principale,15,DIVERS MATERIELS BIO-MEDICAUX,,,Sachet poubelle Noir,---,---,Unité,ABCD,,False,63
Annexe 2 — Materiel Bio-Medical,Liste Principale,15,DIVERS MATERIELS BIO-MEDICAUX,,,Sachet poubelle rouge,---,---,Unité,ABCD,,False,63
Annexe 2 — Materiel Bio-Medical,Liste Principale,15,DIVERS MATERIELS BIO-MEDICAUX,,,Seringue UU 10cc,---,---,Unité,ABCD,,False,63
Annexe 2 — Materiel Bio-Medical,Liste Principale,15,DIVERS MATERIELS BIO-MEDICAUX,,,Seringue UU 1cc,---,---,Unité,ABC,,False,63
Annexe 2 — Materiel Bio-Medical,Liste Principale,15,DIVERS MATERIELS BIO-MEDICAUX,,,"Seringue UU 2,5cc",---,---,Unité,ABCD,,False,63
Annexe 2 — Materiel Bio-Medical,Liste Principale,15,DIVERS MATERIELS BIO-MEDICAUX,,,Seringue UU 20cc,---,---,Unité,ABC,,False,63
Annexe 2 — Materiel Bio-Medical,Liste Principale,15,DIVERS MATERIELS BIO-MEDICAUX,,,Seringue UU 2cc,---,---,Unité,ABC,,False,63
Annexe 2 — Materiel Bio-Medical,Liste Principale,15,DIVERS MATERIELS BIO-MEDICAUX,,,Seringue UU 50cc,---,---,Unité,ABC,,False,63
Annexe 2 — Materiel Bio-Medical,Liste Principale,15,DIVERS MATERIELS BIO-MEDICAUX,,,Seringue UU 5cc,---,---,Unité,ABCD,,False,63
Annexe 2 — Materiel Bio-Medical,Liste Principale,15,DIVERS MATERIELS BIO-MEDICAUX,,,Seringue UU 60cc embout conique,---,---,Unité,ABC,,False,63
Annexe 2 — Materiel Bio-Medical,Liste Principale,15,DIVERS MATERIELS BIO-MEDICAUX,,,Seringue UU 60cc embout vissable,---,---,Unité,ABC,,False,63
Annexe 2 — Materiel Bio-Medical,Liste Principale,15,DIVERS MATERIELS BIO-MEDICAUX,,,Seringue UU à insuline + aiguille,---,---,Unité,ABC,,False,63
Annexe 2 — Materiel Bio-Medical,Liste Principale,15,DIVERS MATERIELS BIO-MEDICAUX,,,Seringue UU à tuberculine,---,---,Unité,ABC,,False,63
Annexe 2 — Materiel Bio-Medical,Liste Principale,15,DIVERS MATERIELS BIO-MEDICAUX,,,Sonde nasogastrique CH 6,---,---,Unité,ABC,,False,63
Annexe 2 — Materiel Bio-Medical,Liste Principale,15,DIVERS MATERIELS BIO-MEDICAUX,,,Sonde nasogastrique CH 8,---,---,Unité,ABC,,False,63
Annexe 2 — Materiel Bio-Medical,Liste Principale,15,DIVERS MATERIELS BIO-MEDICAUX,,,Sonde nasogastrique CH 10,---,---,Unité,ABC,,False,63
Annexe 2 — Materiel Bio-Medical,Liste Principale,15,DIVERS MATERIELS BIO-MEDICAUX,,,Sonde nasogastrique CH 12,---,---,Unité,ABC,,False,63
Annexe 2 — Materiel Bio-Medical,Liste Principale,15,DIVERS MATERIELS BIO-MEDICAUX,,,Sonde nasogastrique CH 14,---,---,Unité,ABC,,False,63
Annexe 2 — Materiel Bio-Medical,Liste Principale,15,DIVERS MATERIELS BIO-MEDICAUX,,,Sonde nasogastrique CH 16,---,---,Unité,ABC,,False,63
Annexe 2 — Materiel Bio-Medical,Liste Principale,15,DIVERS MATERIELS BIO-MEDICAUX,,,Sonde nasogastrique CH 18,---,---,Unité,ABC,,False,63
Annexe 2 — Materiel Bio-Medical,Liste Principale,15,DIVERS MATERIELS BIO-MEDICAUX,,,Sonde nasogastrique CH 20,---,---,Unité,AB,,False,63
Annexe 2 — Materiel Bio-Medical,Liste Principale,15,DIVERS MATERIELS BIO-MEDICAUX,,,Sonde urinaire de DUFOUR à 03 voies siliconée (CH 8),---,---,Unité,ABC,,False,63
Annexe 2 — Materiel Bio-Medical,Liste Principale,15,DIVERS MATERIELS BIO-MEDICAUX,,,Sonde urinaire de DUFOUR à 03 voies siliconée (CH 10),---,---,Unité,ABC,,False,63
Annexe 2 — Materiel Bio-Medical,Liste Principale,15,DIVERS MATERIELS BIO-MEDICAUX,,,Sonde urinaire de DUFOUR à 03 voies siliconée (CH 18),---,---,Unité,ABC,,False,63
Annexe 2 — Materiel Bio-Medical,Liste Principale,15,DIVERS MATERIELS BIO-MEDICAUX,,,Sonde urinaire de DUFOUR à 03 voies siliconée (CH 20),---,---,Unité,ABC,,False,63
Annexe 2 — Materiel Bio-Medical,Liste Principale,15,DIVERS MATERIELS BIO-MEDICAUX,,,Sonde urinaire de DUFOUR à 03 voies siliconée (CH 22),---,---,Unité,ABC,,False,63
Annexe 2 — Materiel Bio-Medical,Liste Principale,15,DIVERS MATERIELS BIO-MEDICAUX,,,Sonde urinaire de DUFOUR à 03 voies siliconée (CH 24),---,---,Unité,ABC,,False,63
Annexe 2 — Materiel Bio-Medical,Liste Principale,15,DIVERS MATERIELS BIO-MEDICAUX,,,Sonde urinaire de FOLEY siliconée (02 voies) (CH 16),---,---,Unité,ABC,,False,63
Annexe 2 — Materiel Bio-Medical,Liste Principale,15,DIVERS MATERIELS BIO-MEDICAUX,,,Sonde urinaire de FOLEY siliconée (02 voies) (CH 18),---,---,Unité,ABC,,False,63
Annexe 2 — Materiel Bio-Medical,Liste Principale,15,DIVERS MATERIELS BIO-MEDICAUX,,,Sonde urinaire de FOLEY siliconée (02 voies) (CH 20),---,---,Unité,ABC,,False,63
Annexe 2 — Materiel Bio-Medical,Liste Principale,15,DIVERS MATERIELS BIO-MEDICAUX,,,Sonde urinaire pédiatrique CH 8,---,---,Unité,ABC,,False,63
Annexe 2 — Materiel Bio-Medical,Liste Principale,15,DIVERS MATERIELS BIO-MEDICAUX,,,Sonde urinaire pédiatrique CH 10,---,---,Unité,ABC,,False,63
Annexe 2 — Materiel Bio-Medical,Liste Principale,15,DIVERS MATERIELS BIO-MEDICAUX,,,Sonde urinaire pédiatrique CH 12,---,---,Unité,ABC,,False,63
Annexe 2 — Materiel Bio-Medical,Liste Principale,15,DIVERS MATERIELS BIO-MEDICAUX,,,Sonde urinaire pédiatrique CH 14,---,---,Unité,ABC,,False,63
Annexe 2 — Materiel Bio-Medical,Liste Principale,15,DIVERS MATERIELS BIO-MEDICAUX,,,Tensiomètre complet adulte (+ sthétoscope),---,---,Unité,ABCD,,False,63
Annexe 2 — Materiel Bio-Medical,Liste Principale,15,DIVERS MATERIELS BIO-MEDICAUX,,,Tétine de vau,---,---,Unité,ABCD,,False,63
Annexe 2 — Materiel Bio-Medical,Liste Principale,15,DIVERS MATERIELS BIO-MEDICAUX,,,Thermomètre médical électronique,---,---,Unité,ABCD,,False,63
Annexe 2 — Materiel Bio-Medical,Liste Principale,15,DIVERS MATERIELS BIO-MEDICAUX,,,Transfuseur à filtre,---,---,Unité,ABC,,False,64
Annexe 2 — Materiel Bio-Medical,Liste Principale,16,CONSOMMABLES UTILISES EN OPHTALMOLOGIE,16.01,IMPLANTS INTRAOCULAIRES DE CHAMBRE POSTERIEURE,Implant de chambre postérieure 19 Dioptries,---,---,Unité,AB,,False,64
Annexe 2 — Materiel Bio-Medical,Liste Principale,16,CONSOMMABLES UTILISES EN OPHTALMOLOGIE,16.01,IMPLANTS INTRAOCULAIRES DE CHAMBRE POSTERIEURE,"Implant de chambre postérieure 19,5 Dioptries",---,---,Unité,AB,,False,64
Annexe 2 — Materiel Bio-Medical,Liste Principale,16,CONSOMMABLES UTILISES EN OPHTALMOLOGIE,16.01,IMPLANTS INTRAOCULAIRES DE CHAMBRE POSTERIEURE,Implant de chambre postérieure 20 Dioptries,---,---,Unité,AB,,False,64
Annexe 2 — Materiel Bio-Medical,Liste Principale,16,CONSOMMABLES UTILISES EN OPHTALMOLOGIE,16.01,IMPLANTS INTRAOCULAIRES DE CHAMBRE POSTERIEURE,"Implant de chambre postérieure 20,5 Dioptries",---,---,Unité,AB,,False,64
Annexe 2 — Materiel Bio-Medical,Liste Principale,16,CONSOMMABLES UTILISES EN OPHTALMOLOGIE,16.01,IMPLANTS INTRAOCULAIRES DE CHAMBRE POSTERIEURE,Implant de chambre postérieure 21 Dioptries,---,---,Unité,AB,,False,64
Annexe 2 — Materiel Bio-Medical,Liste Principale,16,CONSOMMABLES UTILISES EN OPHTALMOLOGIE,16.01,IMPLANTS INTRAOCULAIRES DE CHAMBRE POSTERIEURE,"Implant intraoculaire chambre postérieur 21,50 Dioptries",---,---,Unité,AB,,False,64
Annexe 2 — Materiel Bio-Medical,Liste Principale,16,CONSOMMABLES UTILISES EN OPHTALMOLOGIE,16.01,IMPLANTS INTRAOCULAIRES DE CHAMBRE POSTERIEURE,"Implant intraoculaire chambre postérieur 22,00 Dioptries",---,---,Unité,AB,,False,64
Annexe 2 — Materiel Bio-Medical,Liste Principale,16,CONSOMMABLES UTILISES EN OPHTALMOLOGIE,16.01,IMPLANTS INTRAOCULAIRES DE CHAMBRE POSTERIEURE,"Implant de chambre postérieure 22,5 Dioptries",---,---,Unité,AB,,False,64
Annexe 2 — Materiel Bio-Medical,Liste Principale,16,CONSOMMABLES UTILISES EN OPHTALMOLOGIE,16.01,IMPLANTS INTRAOCULAIRES DE CHAMBRE POSTERIEURE,"Implant intraoculaire chambre postérieur 23,00 Dioptries",---,---,Unité,AB,,False,64
Annexe 2 — Materiel Bio-Medical,Liste Principale,16,CONSOMMABLES UTILISES EN OPHTALMOLOGIE,16.01,IMPLANTS INTRAOCULAIRES DE CHAMBRE POSTERIEURE,"Implant de chambre postérieure 23,5 Dioptries",---,---,Unité,AB,,False,64
Annexe 2 — Materiel Bio-Medical,Liste Principale,16,CONSOMMABLES UTILISES EN OPHTALMOLOGIE,16.01,IMPLANTS INTRAOCULAIRES DE CHAMBRE POSTERIEURE,"Implant intraoculaire chambre postérieur 24,00 Dioptries",---,---,Unité,AB,,False,64
Annexe 2 — Materiel Bio-Medical,Liste Principale,16,CONSOMMABLES UTILISES EN OPHTALMOLOGIE,16.01,IMPLANTS INTRAOCULAIRES DE CHAMBRE POSTERIEURE,"Implant de chambre postérieure 24,5 Dioptries",---,---,Unité,AB,,False,64
Annexe 2 — Materiel Bio-Medical,Liste Principale,16,CONSOMMABLES UTILISES EN OPHTALMOLOGIE,16.01,IMPLANTS INTRAOCULAIRES DE CHAMBRE POSTERIEURE,Implant de chambre postérieure 25 Dioptries,---,---,Unité,AB,,False,64
Annexe 2 — Materiel Bio-Medical,Liste Principale,16,CONSOMMABLES UTILISES EN OPHTALMOLOGIE,16.02,IMPLANTS INTRAOCULAIRES DE CHAMBRE ANTERIEURE,Implant intraoculaire chambre antérieure 18 dioptries,---,---,Unité,AB,,False,64
Annexe 2 — Materiel Bio-Medical,Liste Principale,16,CONSOMMABLES UTILISES EN OPHTALMOLOGIE,16.02,IMPLANTS INTRAOCULAIRES DE CHAMBRE ANTERIEURE,Implant intraoculaire chambre antérieure 19 dioptries,---,---,Unité,AB,,False,64
Annexe 2 — Materiel Bio-Medical,Liste Principale,16,CONSOMMABLES UTILISES EN OPHTALMOLOGIE,16.02,IMPLANTS INTRAOCULAIRES DE CHAMBRE ANTERIEURE,Implant intraoculaire chambre antérieure 20 Dioptries,---,---,Unité,AB,,False,64
Annexe 2 — Materiel Bio-Medical,Liste Principale,16,CONSOMMABLES UTILISES EN OPHTALMOLOGIE,16.02,IMPLANTS INTRAOCULAIRES DE CHAMBRE ANTERIEURE,Viccoelastique (methyl cellulose),---,---,Unité,AB,,False,64
Annexe 2 — Materiel Bio-Medical,Liste Principale,16,CONSOMMABLES UTILISES EN OPHTALMOLOGIE,16.03,CONSOMMABLES,Agents de tamponnement (gaz SF6 et C3F8),---,---,Unité,AB,,False,64
Annexe 2 — Materiel Bio-Medical,Liste Principale,16,CONSOMMABLES UTILISES EN OPHTALMOLOGIE,16.03,CONSOMMABLES,Bandes de fluorescéine,---,---,Unité,AB,,False,64
Annexe 2 — Materiel Bio-Medical,Liste Principale,16,CONSOMMABLES UTILISES EN OPHTALMOLOGIE,16.03,CONSOMMABLES,"Bleu de Trypan, 0,06 %, 1 ml",---,---,Unité,AB,,False,64
Annexe 2 — Materiel Bio-Medical,Liste Principale,16,CONSOMMABLES UTILISES EN OPHTALMOLOGIE,16.03,CONSOMMABLES,Brosse à récurer,---,---,Unité,AB,,False,64
Annexe 2 — Materiel Bio-Medical,Liste Principale,16,CONSOMMABLES UTILISES EN OPHTALMOLOGIE,16.03,CONSOMMABLES,Colle de fibrine,---,---,Unité,AB,,False,64
Annexe 2 — Materiel Bio-Medical,Liste Principale,16,CONSOMMABLES UTILISES EN OPHTALMOLOGIE,16.03,CONSOMMABLES,Couteau 3.2 à usage unique,---,---,Unité,AB,,False,64
Annexe 2 — Materiel Bio-Medical,Liste Principale,16,CONSOMMABLES UTILISES EN OPHTALMOLOGIE,16.03,CONSOMMABLES,Couteau cresen à usage unique,---,---,Unité,AB,,False,64
Annexe 2 — Materiel Bio-Medical,Liste Principale,16,CONSOMMABLES UTILISES EN OPHTALMOLOGIE,16.03,CONSOMMABLES,Couteaux Ophtalmiques 15 dégré,---,---,Unité,AB,,False,64
Annexe 2 — Materiel Bio-Medical,Liste Principale,16,CONSOMMABLES UTILISES EN OPHTALMOLOGIE,16.03,CONSOMMABLES,Couteaux Ophtalmiques Kératome 2.8 mm,---,---,Unité,AB,,False,64
Annexe 2 — Materiel Bio-Medical,Liste Principale,16,CONSOMMABLES UTILISES EN OPHTALMOLOGIE,16.03,CONSOMMABLES,Méthylcellulose ou autres agents de couplage,---,---,Unité,AB,,False,64
Annexe 2 — Materiel Bio-Medical,Liste Principale,16,CONSOMMABLES UTILISES EN OPHTALMOLOGIE,16.03,CONSOMMABLES,Perfluorocarbone liquide,---,---,Unité,AB,,False,64
Annexe 2 — Materiel Bio-Medical,Liste Principale,16,CONSOMMABLES UTILISES EN OPHTALMOLOGIE,16.03,CONSOMMABLES,Solution antiseptique pour le lavage des mains (500 ml),---,---,Unité,AB,,False,64
Annexe 2 — Materiel Bio-Medical,Liste Principale,16,CONSOMMABLES UTILISES EN OPHTALMOLOGIE,16.03,CONSOMMABLES,Solution saline équilibrée,---,---,Unité,AB,,False,64
Annexe 2 — Materiel Bio-Medical,Liste Principale,17,CONSOMMABLES UTILISES EN CANCEROLOGIE INTRANTS ET CONSOMMABLES UTILISES POUR LE DEPISTAGE (DETECTION) ET LE TRAITEMENT DES LESIONS PRE-CANCEREUSES DU COL DE L'UTERUS,,,Acide acétique 90° 1L flacon,---,---,Flacon,A,,False,64
Annexe 2 — Materiel Bio-Medical,Liste Principale,17,CONSOMMABLES UTILISES EN CANCEROLOGIE INTRANTS ET CONSOMMABLES UTILISES POUR LE DEPISTAGE (DETECTION) ET LE TRAITEMENT DES LESIONS PRE-CANCEREUSES DU COL DE L'UTERUS,,,Brosse de prélèvement HPV P25,---,---,Brosse,A,,False,64
Annexe 2 — Materiel Bio-Medical,Liste Principale,17,CONSOMMABLES UTILISES EN CANCEROLOGIE INTRANTS ET CONSOMMABLES UTILISES POUR LE DEPISTAGE (DETECTION) ET LE TRAITEMENT DES LESIONS PRE-CANCEREUSES DU COL DE L'UTERUS,,,Compresse de gaze non stérile 10x10 cm Paquet/100,---,---,Paquet,A,,False,64
Annexe 2 — Materiel Bio-Medical,Liste Principale,17,CONSOMMABLES UTILISES EN CANCEROLOGIE INTRANTS ET CONSOMMABLES UTILISES POUR LE DEPISTAGE (DETECTION) ET LE TRAITEMENT DES LESIONS PRE-CANCEREUSES DU COL DE L'UTERUS,,,Coton hydrophile 1kg rouleau,---,---,Rouleau,A,,False,64
Annexe 2 — Materiel Bio-Medical,Liste Principale,17,CONSOMMABLES UTILISES EN CANCEROLOGIE INTRANTS ET CONSOMMABLES UTILISES POUR LE DEPISTAGE (DETECTION) ET LE TRAITEMENT DES LESIONS PRE-CANCEREUSES DU COL DE L'UTERUS,,,Eau de Javel 12° flacon,---,---,Flacon,A,,False,64
Annexe 2 — Materiel Bio-Medical,Liste Principale,17,CONSOMMABLES UTILISES EN CANCEROLOGIE INTRANTS ET CONSOMMABLES UTILISES POUR LE DEPISTAGE (DETECTION) ET LE TRAITEMENT DES LESIONS PRE-CANCEREUSES DU COL DE L'UTERUS,,,Ethanol 70° flacon,---,---,Flacon,A,,False,64
Annexe 2 — Materiel Bio-Medical,Liste Principale,17,CONSOMMABLES UTILISES EN CANCEROLOGIE INTRANTS ET CONSOMMABLES UTILISES POUR LE DEPISTAGE (DETECTION) ET LE TRAITEMENT DES LESIONS PRE-CANCEREUSES DU COL DE L'UTERUS,,,Gant chirurgical stérile T 7.5 Paquet/50,---,---,Paire,A,,False,64
Annexe 2 — Materiel Bio-Medical,Liste Principale,17,CONSOMMABLES UTILISES EN CANCEROLOGIE INTRANTS ET CONSOMMABLES UTILISES POUR LE DEPISTAGE (DETECTION) ET LE TRAITEMENT DES LESIONS PRE-CANCEREUSES DU COL DE L'UTERUS,,,Gant chirurgical stérile T 8 Paquet/50,---,---,Paire,A,,False,64
Annexe 2 — Materiel Bio-Medical,Liste Principale,17,CONSOMMABLES UTILISES EN CANCEROLOGIE INTRANTS ET CONSOMMABLES UTILISES POUR LE DEPISTAGE (DETECTION) ET LE TRAITEMENT DES LESIONS PRE-CANCEREUSES DU COL DE L'UTERUS,,,Gants d'examen en latex GM paquet/100,---,---,Paquet,A,,False,64
Annexe 2 — Materiel Bio-Medical,Liste Principale,17,CONSOMMABLES UTILISES EN CANCEROLOGIE INTRANTS ET CONSOMMABLES UTILISES POUR LE DEPISTAGE (DETECTION) ET LE TRAITEMENT DES LESIONS PRE-CANCEREUSES DU COL DE L'UTERUS,,,Gants d'examen en latex MM paquet/100,---,---,Paquet,A,,False,64
Annexe 2 — Materiel Bio-Medical,Liste Principale,17,CONSOMMABLES UTILISES EN CANCEROLOGIE INTRANTS ET CONSOMMABLES UTILISES POUR LE DEPISTAGE (DETECTION) ET LE TRAITEMENT DES LESIONS PRE-CANCEREUSES DU COL DE L'UTERUS,,,Gel hydro alcolique 100 ml flacon,---,---,Flacon,A,,False,64
Annexe 2 — Materiel Bio-Medical,Liste Principale,17,CONSOMMABLES UTILISES EN CANCEROLOGIE INTRANTS ET CONSOMMABLES UTILISES POUR LE DEPISTAGE (DETECTION) ET LE TRAITEMENT DES LESIONS PRE-CANCEREUSES DU COL DE L'UTERUS,,,Gel hydro alcolique 250 ml flacon,---,---,Flacon,A,,False,64
Annexe 2 — Materiel Bio-Medical,Liste Principale,17,CONSOMMABLES UTILISES EN CANCEROLOGIE INTRANTS ET CONSOMMABLES UTILISES POUR LE DEPISTAGE (DETECTION) ET LE TRAITEMENT DES LESIONS PRE-CANCEREUSES DU COL DE L'UTERUS,,,"Kit de prélevement Abbott cervi-collect 4N7307, Carton de 10 boites de 50 kits",---,---,Kit,A,,False,64
Annexe 2 — Materiel Bio-Medical,Liste Principale,17,CONSOMMABLES UTILISES EN CANCEROLOGIE INTRANTS ET CONSOMMABLES UTILISES POUR LE DEPISTAGE (DETECTION) ET LE TRAITEMENT DES LESIONS PRE-CANCEREUSES DU COL DE L'UTERUS,,,Liquide de conservation PreservCyt solution 70097-003,---,---,Flacon,A,,False,64
Annexe 2 — Materiel Bio-Medical,Liste Principale,17,CONSOMMABLES UTILISES EN CANCEROLOGIE INTRANTS ET CONSOMMABLES UTILISES POUR LE DEPISTAGE (DETECTION) ET LE TRAITEMENT DES LESIONS PRE-CANCEREUSES DU COL DE L'UTERUS,,,Masque chirurgical rectangulaire paquet/50,---,---,Paquet,A,,False,64
Annexe 2 — Materiel Bio-Medical,Liste Principale,17,CONSOMMABLES UTILISES EN CANCEROLOGIE INTRANTS ET CONSOMMABLES UTILISES POUR LE DEPISTAGE (DETECTION) ET LE TRAITEMENT DES LESIONS PRE-CANCEREUSES DU COL DE L'UTERUS INTRANTS ET CONSOMMABLES UTILISES POUR LE DEPISTAGE (DETECTION) ET LE TRAITEMENT DES LESIONS PRE-CANCEREUSES DU COL DE L'UTERUS,,,Phagospray pulvérisateur 750ml flacon,---,---,Flacon,ABCDE,,False,65
Annexe 2 — Materiel Bio-Medical,Liste Principale,17,CONSOMMABLES UTILISES EN CANCEROLOGIE INTRANTS ET CONSOMMABLES UTILISES POUR LE DEPISTAGE (DETECTION) ET LE TRAITEMENT DES LESIONS PRE-CANCEREUSES DU COL DE L'UTERUS INTRANTS ET CONSOMMABLES UTILISES POUR LE DEPISTAGE (DETECTION) ET LE TRAITEMENT DES LESIONS PRE-CANCEREUSES DU COL DE L'UTERUS,,,Préservatif masculin Paquet/144,---,---,Préservatif,A,,False,65
Annexe 2 — Materiel Bio-Medical,Liste Principale,17,CONSOMMABLES UTILISES EN CANCEROLOGIE INTRANTS ET CONSOMMABLES UTILISES POUR LE DEPISTAGE (DETECTION) ET LE TRAITEMENT DES LESIONS PRE-CANCEREUSES DU COL DE L'UTERUS INTRANTS ET CONSOMMABLES UTILISES POUR LE DEPISTAGE (DETECTION) ET LE TRAITEMENT DES LESIONS PRE-CANCEREUSES DU COL DE L'UTERUS,,,Sac Ziplock 100 x 10 dimension WxL 100x150 mm 4 inches x 6 inches paquet de 1000,---,---,Sachet,A,,False,65
Annexe 2 — Materiel Bio-Medical,Liste Principale,17,CONSOMMABLES UTILISES EN CANCEROLOGIE INTRANTS ET CONSOMMABLES UTILISES POUR LE DEPISTAGE (DETECTION) ET LE TRAITEMENT DES LESIONS PRE-CANCEREUSES DU COL DE L'UTERUS INTRANTS ET CONSOMMABLES UTILISES POUR LE DEPISTAGE (DETECTION) ET LE TRAITEMENT DES LESIONS PRE-CANCEREUSES DU COL DE L'UTERUS,,,Savon antiseptique 1 litre flacon,---,---,Flacon,A,,False,65
Annexe 2 — Materiel Bio-Medical,Liste Principale,17,CONSOMMABLES UTILISES EN CANCEROLOGIE INTRANTS ET CONSOMMABLES UTILISES POUR LE DEPISTAGE (DETECTION) ET LE TRAITEMENT DES LESIONS PRE-CANCEREUSES DU COL DE L'UTERUS INTRANTS ET CONSOMMABLES UTILISES POUR LE DEPISTAGE (DETECTION) ET LE TRAITEMENT DES LESIONS PRE-CANCEREUSES DU COL DE L'UTERUS,,,Seringue avec aiguille 10cc paquet/100,---,---,Seringue,A,,False,65
Annexe 2 — Materiel Bio-Medical,Liste Principale,17,CONSOMMABLES UTILISES EN CANCEROLOGIE INTRANTS ET CONSOMMABLES UTILISES POUR LE DEPISTAGE (DETECTION) ET LE TRAITEMENT DES LESIONS PRE-CANCEREUSES DU COL DE L'UTERUS INTRANTS ET CONSOMMABLES UTILISES POUR LE DEPISTAGE (DETECTION) ET LE TRAITEMENT DES LESIONS PRE-CANCEREUSES DU COL DE L'UTERUS,,,Serviette hygiénique paquet/10,---,---,Paquet,A,,False,65
Annexe 2 — Materiel Bio-Medical,Liste Principale,17,CONSOMMABLES UTILISES EN CANCEROLOGIE INTRANTS ET CONSOMMABLES UTILISES POUR LE DEPISTAGE (DETECTION) ET LE TRAITEMENT DES LESIONS PRE-CANCEREUSES DU COL DE L'UTERUS INTRANTS ET CONSOMMABLES UTILISES POUR LE DEPISTAGE (DETECTION) ET LE TRAITEMENT DES LESIONS PRE-CANCEREUSES DU COL DE L'UTERUS,,,Solution hydro alcolique surface 1 litre flacon,---,---,Flacon,A,,False,65
Annexe 2 — Materiel Bio-Medical,Liste Principale,17,CONSOMMABLES UTILISES EN CANCEROLOGIE INTRANTS ET CONSOMMABLES UTILISES POUR LE DEPISTAGE (DETECTION) ET LE TRAITEMENT DES LESIONS PRE-CANCEREUSES DU COL DE L'UTERUS INTRANTS ET CONSOMMABLES UTILISES POUR LE DEPISTAGE (DETECTION) ET LE TRAITEMENT DES LESIONS PRE-CANCEREUSES DU COL DE L'UTERUS,,,Spéculum vaginal grand à usage unique paquet/100,---,---,Spéculum,A,,False,65
Annexe 2 — Materiel Bio-Medical,Liste Principale,17,CONSOMMABLES UTILISES EN CANCEROLOGIE INTRANTS ET CONSOMMABLES UTILISES POUR LE DEPISTAGE (DETECTION) ET LE TRAITEMENT DES LESIONS PRE-CANCEREUSES DU COL DE L'UTERUS INTRANTS ET CONSOMMABLES UTILISES POUR LE DEPISTAGE (DETECTION) ET LE TRAITEMENT DES LESIONS PRE-CANCEREUSES DU COL DE L'UTERUS,,,Spéculum vaginal moyen à usage unique paquet/100,---,---,Spéculum,A,,False,65
Annexe 2 — Materiel Bio-Medical,Liste Principale,17,CONSOMMABLES UTILISES EN CANCEROLOGIE INTRANTS ET CONSOMMABLES UTILISES POUR LE DEPISTAGE (DETECTION) ET LE TRAITEMENT DES LESIONS PRE-CANCEREUSES DU COL DE L'UTERUS INTRANTS ET CONSOMMABLES UTILISES POUR LE DEPISTAGE (DETECTION) ET LE TRAITEMENT DES LESIONS PRE-CANCEREUSES DU COL DE L'UTERUS,,,Tige en bois pour écouvillon paquet/75,---,---,Paquet,A,,False,65
Annexe 2 — Materiel Bio-Medical,Liste Principale,17,CONSOMMABLES UTILISES EN CANCEROLOGIE INTRANTS ET CONSOMMABLES UTILISES POUR LE DEPISTAGE (DETECTION) ET LE TRAITEMENT DES LESIONS PRE-CANCEREUSES DU COL DE L'UTERUS INTRANTS ET CONSOMMABLES UTILISES POUR LE DEPISTAGE (DETECTION) ET LE TRAITEMENT DES LESIONS PRE-CANCEREUSES DU COL DE L'UTERUS INTRANTS ET CONSOMMABLES DE LABORATOIRE UTILISES POUR LE DEPISTAGE DU HPV,,,Am transport cap standard 4j7182,---,---,Boîte,A,,False,65
Annexe 2 — Materiel Bio-Medical,Liste Principale,17,CONSOMMABLES UTILISES EN CANCEROLOGIE INTRANTS ET CONSOMMABLES UTILISES POUR LE DEPISTAGE (DETECTION) ET LE TRAITEMENT DES LESIONS PRE-CANCEREUSES DU COL DE L'UTERUS INTRANTS ET CONSOMMABLES UTILISES POUR LE DEPISTAGE (DETECTION) ET LE TRAITEMENT DES LESIONS PRE-CANCEREUSES DU COL DE L'UTERUS INTRANTS ET CONSOMMABLES DE LABORATOIRE UTILISES POUR LE DEPISTAGE DU HPV,,,Appareil de protection respiratoire (APR) p/25,---,---,Paquet,A,,False,65
Annexe 2 — Materiel Bio-Medical,Liste Principale,17,CONSOMMABLES UTILISES EN CANCEROLOGIE INTRANTS ET CONSOMMABLES UTILISES POUR LE DEPISTAGE (DETECTION) ET LE TRAITEMENT DES LESIONS PRE-CANCEREUSES DU COL DE L'UTERUS INTRANTS ET CONSOMMABLES UTILISES POUR LE DEPISTAGE (DETECTION) ET LE TRAITEMENT DES LESIONS PRE-CANCEREUSES DU COL DE L'UTERUS INTRANTS ET CONSOMMABLES DE LABORATOIRE UTILISES POUR LE DEPISTAGE DU HPV,,,Blouses jetables p/5,---,---,Paquet,A,,False,65
Annexe 2 — Materiel Bio-Medical,Liste Principale,17,CONSOMMABLES UTILISES EN CANCEROLOGIE INTRANTS ET CONSOMMABLES UTILISES POUR LE DEPISTAGE (DETECTION) ET LE TRAITEMENT DES LESIONS PRE-CANCEREUSES DU COL DE L'UTERUS INTRANTS ET CONSOMMABLES UTILISES POUR LE DEPISTAGE (DETECTION) ET LE TRAITEMENT DES LESIONS PRE-CANCEREUSES DU COL DE L'UTERUS INTRANTS ET CONSOMMABLES DE LABORATOIRE UTILISES POUR LE DEPISTAGE DU HPV,,,CEPHEID XPERT® CHECK,---,---,Kit,A,,False,65
Annexe 2 — Materiel Bio-Medical,Liste Principale,17,CONSOMMABLES UTILISES EN CANCEROLOGIE INTRANTS ET CONSOMMABLES UTILISES POUR LE DEPISTAGE (DETECTION) ET LE TRAITEMENT DES LESIONS PRE-CANCEREUSES DU COL DE L'UTERUS INTRANTS ET CONSOMMABLES UTILISES POUR LE DEPISTAGE (DETECTION) ET LE TRAITEMENT DES LESIONS PRE-CANCEREUSES DU COL DE L'UTERUS INTRANTS ET CONSOMMABLES DE LABORATOIRE UTILISES POUR LE DEPISTAGE DU HPV,,,COBAS 4800 CORE TIPS WITH FILTER 1 ML40 RACKS OF 96 TIPS,---,---,Kit,A,,False,65
Annexe 2 — Materiel Bio-Medical,Liste Principale,17,CONSOMMABLES UTILISES EN CANCEROLOGIE INTRANTS ET CONSOMMABLES UTILISES POUR LE DEPISTAGE (DETECTION) ET LE TRAITEMENT DES LESIONS PRE-CANCEREUSES DU COL DE L'UTERUS INTRANTS ET CONSOMMABLES UTILISES POUR LE DEPISTAGE (DETECTION) ET LE TRAITEMENT DES LESIONS PRE-CANCEREUSES DU COL DE L'UTERUS INTRANTS ET CONSOMMABLES DE LABORATOIRE UTILISES POUR LE DEPISTAGE DU HPV,,,COBAS 4800 EXTRACTION PLATE 2.0 ML Paquet/40,---,---,Paquet,A,,False,65
Annexe 2 — Materiel Bio-Medical,Liste Principale,17,CONSOMMABLES UTILISES EN CANCEROLOGIE INTRANTS ET CONSOMMABLES UTILISES POUR LE DEPISTAGE (DETECTION) ET LE TRAITEMENT DES LESIONS PRE-CANCEREUSES DU COL DE L'UTERUS INTRANTS ET CONSOMMABLES UTILISES POUR LE DEPISTAGE (DETECTION) ET LE TRAITEMENT DES LESIONS PRE-CANCEREUSES DU COL DE L'UTERUS INTRANTS ET CONSOMMABLES DE LABORATOIRE UTILISES POUR LE DEPISTAGE DU HPV,,,COBAS 4800 HPV AMPLIFICATION /DETECTION 240 TESTS KIT,---,---,Kit,A,,False,65
Annexe 2 — Materiel Bio-Medical,Liste Principale,17,CONSOMMABLES UTILISES EN CANCEROLOGIE INTRANTS ET CONSOMMABLES UTILISES POUR LE DEPISTAGE (DETECTION) ET LE TRAITEMENT DES LESIONS PRE-CANCEREUSES DU COL DE L'UTERUS INTRANTS ET CONSOMMABLES UTILISES POUR LE DEPISTAGE (DETECTION) ET LE TRAITEMENT DES LESIONS PRE-CANCEREUSES DU COL DE L'UTERUS INTRANTS ET CONSOMMABLES DE LABORATOIRE UTILISES POUR LE DEPISTAGE DU HPV,,,COBAS 4800 HPV CONTROL 10 TESTS KIT,---,---,Kit,A,,False,65
Annexe 2 — Materiel Bio-Medical,Liste Principale,17,CONSOMMABLES UTILISES EN CANCEROLOGIE INTRANTS ET CONSOMMABLES UTILISES POUR LE DEPISTAGE (DETECTION) ET LE TRAITEMENT DES LESIONS PRE-CANCEREUSES DU COL DE L'UTERUS INTRANTS ET CONSOMMABLES UTILISES POUR LE DEPISTAGE (DETECTION) ET LE TRAITEMENT DES LESIONS PRE-CANCEREUSES DU COL DE L'UTERUS INTRANTS ET CONSOMMABLES DE LABORATOIRE UTILISES POUR LE DEPISTAGE DU HPV,,,Cobas 4800 reagent réservoir 200 ml carton/100,---,---,Carton,A,,False,65
Annexe 2 — Materiel Bio-Medical,Liste Principale,17,CONSOMMABLES UTILISES EN CANCEROLOGIE INTRANTS ET CONSOMMABLES UTILISES POUR LE DEPISTAGE (DETECTION) ET LE TRAITEMENT DES LESIONS PRE-CANCEREUSES DU COL DE L'UTERUS INTRANTS ET CONSOMMABLES UTILISES POUR LE DEPISTAGE (DETECTION) ET LE TRAITEMENT DES LESIONS PRE-CANCEREUSES DU COL DE L'UTERUS INTRANTS ET CONSOMMABLES DE LABORATOIRE UTILISES POUR LE DEPISTAGE DU HPV,,,Cobas 4800 reagent réservoir 50 ml carton/200,---,---,Carton,A,,False,65
Annexe 2 — Materiel Bio-Medical,Liste Principale,17,CONSOMMABLES UTILISES EN CANCEROLOGIE INTRANTS ET CONSOMMABLES UTILISES POUR LE DEPISTAGE (DETECTION) ET LE TRAITEMENT DES LESIONS PRE-CANCEREUSES DU COL DE L'UTERUS INTRANTS ET CONSOMMABLES UTILISES POUR LE DEPISTAGE (DETECTION) ET LE TRAITEMENT DES LESIONS PRE-CANCEREUSES DU COL DE L'UTERUS INTRANTS ET CONSOMMABLES DE LABORATOIRE UTILISES POUR LE DEPISTAGE DU HPV,,,COBAS 4800 SAMPLE PREPARATION 240 TESTS KIT,---,---,Kit,A,,False,65
Annexe 2 — Materiel Bio-Medical,Liste Principale,17,CONSOMMABLES UTILISES EN CANCEROLOGIE INTRANTS ET CONSOMMABLES UTILISES POUR LE DEPISTAGE (DETECTION) ET LE TRAITEMENT DES LESIONS PRE-CANCEREUSES DU COL DE L'UTERUS INTRANTS ET CONSOMMABLES UTILISES POUR LE DEPISTAGE (DETECTION) ET LE TRAITEMENT DES LESIONS PRE-CANCEREUSES DU COL DE L'UTERUS INTRANTS ET CONSOMMABLES DE LABORATOIRE UTILISES POUR LE DEPISTAGE DU HPV,,,COBAS 4800 SYSTEM WASH BUFFER 240 TESTS KIT,---,---,Kit,A,,False,65
Annexe 2 — Materiel Bio-Medical,Liste Principale,17,CONSOMMABLES UTILISES EN CANCEROLOGIE INTRANTS ET CONSOMMABLES UTILISES POUR LE DEPISTAGE (DETECTION) ET LE TRAITEMENT DES LESIONS PRE-CANCEREUSES DU COL DE L'UTERUS INTRANTS ET CONSOMMABLES UTILISES POUR LE DEPISTAGE (DETECTION) ET LE TRAITEMENT DES LESIONS PRE-CANCEREUSES DU COL DE L'UTERUS INTRANTS ET CONSOMMABLES DE LABORATOIRE UTILISES POUR LE DEPISTAGE DU HPV,,,COBAS 4800 SYSTÈME AD-PLATE 0.3ML 50 SEALING FILMS KIT,---,---,Kit,A,,False,65
Annexe 2 — Materiel Bio-Medical,Liste Principale,17,CONSOMMABLES UTILISES EN CANCEROLOGIE INTRANTS ET CONSOMMABLES UTILISES POUR LE DEPISTAGE (DETECTION) ET LE TRAITEMENT DES LESIONS PRE-CANCEREUSES DU COL DE L'UTERUS INTRANTS ET CONSOMMABLES UTILISES POUR LE DEPISTAGE (DETECTION) ET LE TRAITEMENT DES LESIONS PRE-CANCEREUSES DU COL DE L'UTERUS INTRANTS ET CONSOMMABLES DE LABORATOIRE UTILISES POUR LE DEPISTAGE DU HPV,,,COBAS 4800 SYSTEME LIQUIDE CYTOLOGY PREPARATION 240 TESTS KIT,---,---,Kit,A,,False,65
Annexe 2 — Materiel Bio-Medical,Liste Principale,17,CONSOMMABLES UTILISES EN CANCEROLOGIE INTRANTS ET CONSOMMABLES UTILISES POUR LE DEPISTAGE (DETECTION) ET LE TRAITEMENT DES LESIONS PRE-CANCEREUSES DU COL DE L'UTERUS INTRANTS ET CONSOMMABLES UTILISES POUR LE DEPISTAGE (DETECTION) ET LE TRAITEMENT DES LESIONS PRE-CANCEREUSES DU COL DE L'UTERUS INTRANTS ET CONSOMMABLES DE LABORATOIRE UTILISES POUR LE DEPISTAGE DU HPV,,,COBAS 4800 WASTE BAG BIOHAZARD Paquet/25,---,---,Paquet,A,,False,65
Annexe 2 — Materiel Bio-Medical,Liste Principale,17,CONSOMMABLES UTILISES EN CANCEROLOGIE INTRANTS ET CONSOMMABLES UTILISES POUR LE DEPISTAGE (DETECTION) ET LE TRAITEMENT DES LESIONS PRE-CANCEREUSES DU COL DE L'UTERUS INTRANTS ET CONSOMMABLES UTILISES POUR LE DEPISTAGE (DETECTION) ET LE TRAITEMENT DES LESIONS PRE-CANCEREUSES DU COL DE L'UTERUS INTRANTS ET CONSOMMABLES DE LABORATOIRE UTILISES POUR LE DEPISTAGE DU HPV,,,Couvertures adhésives optiques Abbott 4j7175 boite de 100,---,---,Boîte,A,,False,65
Annexe 2 — Materiel Bio-Medical,Liste Principale,17,CONSOMMABLES UTILISES EN CANCEROLOGIE INTRANTS ET CONSOMMABLES UTILISES POUR LE DEPISTAGE (DETECTION) ET LE TRAITEMENT DES LESIONS PRE-CANCEREUSES DU COL DE L'UTERUS INTRANTS ET CONSOMMABLES UTILISES POUR LE DEPISTAGE (DETECTION) ET LE TRAITEMENT DES LESIONS PRE-CANCEREUSES DU COL DE L'UTERUS INTRANTS ET CONSOMMABLES DE LABORATOIRE UTILISES POUR LE DEPISTAGE DU HPV,,,Cryoboite pour cryotube en plastique 2 ml 81 positions,---,---,Cryoboite,A,,False,65
Annexe 2 — Materiel Bio-Medical,Liste Principale,17,CONSOMMABLES UTILISES EN CANCEROLOGIE INTRANTS ET CONSOMMABLES UTILISES POUR LE DEPISTAGE (DETECTION) ET LE TRAITEMENT DES LESIONS PRE-CANCEREUSES DU COL DE L'UTERUS INTRANTS ET CONSOMMABLES UTILISES POUR LE DEPISTAGE (DETECTION) ET LE TRAITEMENT DES LESIONS PRE-CANCEREUSES DU COL DE L'UTERUS INTRANTS ET CONSOMMABLES DE LABORATOIRE UTILISES POUR LE DEPISTAGE DU HPV,,,Cryotube 2 ml sachet de 100,---,---,Paquet,A,,False,65
Annexe 2 — Materiel Bio-Medical,Liste Principale,17,CONSOMMABLES UTILISES EN CANCEROLOGIE INTRANTS ET CONSOMMABLES UTILISES POUR LE DEPISTAGE (DETECTION) ET LE TRAITEMENT DES LESIONS PRE-CANCEREUSES DU COL DE L'UTERUS INTRANTS ET CONSOMMABLES UTILISES POUR LE DEPISTAGE (DETECTION) ET LE TRAITEMENT DES LESIONS PRE-CANCEREUSES DU COL DE L'UTERUS INTRANTS ET CONSOMMABLES DE LABORATOIRE UTILISES POUR LE DEPISTAGE DU HPV,,,Cuves a réactifs Abbott de 200 ml 4j7160 carton de 6x15,---,---,Carton,A,,False,65
Annexe 2 — Materiel Bio-Medical,Liste Principale,17,CONSOMMABLES UTILISES EN CANCEROLOGIE INTRANTS ET CONSOMMABLES UTILISES POUR LE DEPISTAGE (DETECTION) ET LE TRAITEMENT DES LESIONS PRE-CANCEREUSES DU COL DE L'UTERUS INTRANTS ET CONSOMMABLES UTILISES POUR LE DEPISTAGE (DETECTION) ET LE TRAITEMENT DES LESIONS PRE-CANCEREUSES DU COL DE L'UTERUS INTRANTS ET CONSOMMABLES DE LABORATOIRE UTILISES POUR LE DEPISTAGE DU HPV,,,Embout Abbott 1000ul 4j7110 carton de 24x96,---,---,Carton,A,,False,65
Annexe 2 — Materiel Bio-Medical,Liste Principale,17,CONSOMMABLES UTILISES EN CANCEROLOGIE INTRANTS ET CONSOMMABLES UTILISES POUR LE DEPISTAGE (DETECTION) ET LE TRAITEMENT DES LESIONS PRE-CANCEREUSES DU COL DE L'UTERUS INTRANTS ET CONSOMMABLES UTILISES POUR LE DEPISTAGE (DETECTION) ET LE TRAITEMENT DES LESIONS PRE-CANCEREUSES DU COL DE L'UTERUS INTRANTS ET CONSOMMABLES DE LABORATOIRE UTILISES POUR LE DEPISTAGE DU HPV,,,Embout Abbott 200ul 4j7117 carton de 24x96,---,---,Carton,A,,False,65
Annexe 2 — Materiel Bio-Medical,Liste Principale,17,CONSOMMABLES UTILISES EN CANCEROLOGIE INTRANTS ET CONSOMMABLES UTILISES POUR LE DEPISTAGE (DETECTION) ET LE TRAITEMENT DES LESIONS PRE-CANCEREUSES DU COL DE L'UTERUS INTRANTS ET CONSOMMABLES UTILISES POUR LE DEPISTAGE (DETECTION) ET LE TRAITEMENT DES LESIONS PRE-CANCEREUSES DU COL DE L'UTERUS INTRANTS ET CONSOMMABLES DE LABORATOIRE UTILISES POUR LE DEPISTAGE DU HPV,,,Embouts à filtre stériles 100 à 1000 µL paquet,---,---,Embout,A,,False,65
Annexe 2 — Materiel Bio-Medical,Liste Principale,17,CONSOMMABLES UTILISES EN CANCEROLOGIE INTRANTS ET CONSOMMABLES UTILISES POUR LE DEPISTAGE (DETECTION) ET LE TRAITEMENT DES LESIONS PRE-CANCEREUSES DU COL DE L'UTERUS INTRANTS ET CONSOMMABLES UTILISES POUR LE DEPISTAGE (DETECTION) ET LE TRAITEMENT DES LESIONS PRE-CANCEREUSES DU COL DE L'UTERUS INTRANTS ET CONSOMMABLES DE LABORATOIRE UTILISES POUR LE DEPISTAGE DU HPV,,,Ethanol absolue qualité biologie moléculaire 5 litres unité,---,---,Flacon,A,,False,65
Annexe 2 — Materiel Bio-Medical,Liste Principale,17,CONSOMMABLES UTILISES EN CANCEROLOGIE INTRANTS ET CONSOMMABLES UTILISES POUR LE DEPISTAGE (DETECTION) ET LE TRAITEMENT DES LESIONS PRE-CANCEREUSES DU COL DE L'UTERUS INTRANTS ET CONSOMMABLES UTILISES POUR LE DEPISTAGE (DETECTION) ET LE TRAITEMENT DES LESIONS PRE-CANCEREUSES DU COL DE L'UTERUS INTRANTS ET CONSOMMABLES DE LABORATOIRE UTILISES POUR LE DEPISTAGE DU HPV,,,GANTS SANS TALC PAQUET DE100,---,---,Paquet,A,,False,65
Annexe 2 — Materiel Bio-Medical,Liste Principale,17,CONSOMMABLES UTILISES EN CANCEROLOGIE INTRANTS ET CONSOMMABLES UTILISES POUR LE DEPISTAGE (DETECTION) ET LE TRAITEMENT DES LESIONS PRE-CANCEREUSES DU COL DE L'UTERUS INTRANTS ET CONSOMMABLES UTILISES POUR LE DEPISTAGE (DETECTION) ET LE TRAITEMENT DES LESIONS PRE-CANCEREUSES DU COL DE L'UTERUS INTRANTS ET CONSOMMABLES DE LABORATOIRE UTILISES POUR LE DEPISTAGE DU HPV,,,Gants mm sans talc paquet de100,---,---,Paquet,A,,False,65
Annexe 2 — Materiel Bio-Medical,Liste Principale,17,CONSOMMABLES UTILISES EN CANCEROLOGIE INTRANTS ET CONSOMMABLES UTILISES POUR LE DEPISTAGE (DETECTION) ET LE TRAITEMENT DES LESIONS PRE-CANCEREUSES DU COL DE L'UTERUS INTRANTS ET CONSOMMABLES UTILISES POUR LE DEPISTAGE (DETECTION) ET LE TRAITEMENT DES LESIONS PRE-CANCEREUSES DU COL DE L'UTERUS INTRANTS ET CONSOMMABLES DE LABORATOIRE UTILISES POUR LE DEPISTAGE DU HPV,,,Gants sans talc paquet de 100,---,---,Paquet,A,,False,65
Annexe 2 — Materiel Bio-Medical,Liste Principale,17,CONSOMMABLES UTILISES EN CANCEROLOGIE INTRANTS ET CONSOMMABLES UTILISES POUR LE DEPISTAGE (DETECTION) ET LE TRAITEMENT DES LESIONS PRE-CANCEREUSES DU COL DE L'UTERUS INTRANTS ET CONSOMMABLES UTILISES POUR LE DEPISTAGE (DETECTION) ET LE TRAITEMENT DES LESIONS PRE-CANCEREUSES DU COL DE L'UTERUS INTRANTS ET CONSOMMABLES DE LABORATOIRE UTILISES POUR LE DEPISTAGE DU HPV,,,Glutaraldéhyde 2% HLD désinfectant de haut niveau,---,---,Flacon,A,,False,65
Annexe 2 — Materiel Bio-Medical,Liste Principale,17,CONSOMMABLES UTILISES EN CANCEROLOGIE INTRANTS ET CONSOMMABLES UTILISES POUR LE DEPISTAGE (DETECTION) ET LE TRAITEMENT DES LESIONS PRE-CANCEREUSES DU COL DE L'UTERUS INTRANTS ET CONSOMMABLES UTILISES POUR LE DEPISTAGE (DETECTION) ET LE TRAITEMENT DES LESIONS PRE-CANCEREUSES DU COL DE L'UTERUS INTRANTS ET CONSOMMABLES DE LABORATOIRE UTILISES POUR LE DEPISTAGE DU HPV,,,Kit d'amplification HPV à haut risque ABBOTT REALTIME 2N0992 - KIT 4 X 24,---,---,Kit,A,,False,65
Annexe 2 — Materiel Bio-Medical,Liste Principale,17,CONSOMMABLES UTILISES EN CANCEROLOGIE INTRANTS ET CONSOMMABLES UTILISES POUR LE DEPISTAGE (DETECTION) ET LE TRAITEMENT DES LESIONS PRE-CANCEREUSES DU COL DE L'UTERUS INTRANTS ET CONSOMMABLES UTILISES POUR LE DEPISTAGE (DETECTION) ET LE TRAITEMENT DES LESIONS PRE-CANCEREUSES DU COL DE L'UTERUS INTRANTS ET CONSOMMABLES DE LABORATOIRE UTILISES POUR LE DEPISTAGE DU HPV TESTS,,,Kit de calibration optique 4J7193 - UNITE,---,---,Kit,A,,False,65
Annexe 2 — Materiel Bio-Medical,Liste Principale,17,CONSOMMABLES UTILISES EN CANCEROLOGIE INTRANTS ET CONSOMMABLES UTILISES POUR LE DEPISTAGE (DETECTION) ET LE TRAITEMENT DES LESIONS PRE-CANCEREUSES DU COL DE L'UTERUS INTRANTS ET CONSOMMABLES UTILISES POUR LE DEPISTAGE (DETECTION) ET LE TRAITEMENT DES LESIONS PRE-CANCEREUSES DU COL DE L'UTERUS INTRANTS ET CONSOMMABLES DE LABORATOIRE UTILISES POUR LE DEPISTAGE DU HPV TESTS,,,Kit de contrôle HPV A HAUT RISQUE ABBOTT REALTIME 2N0980 - KIT 2X12,---,---,Kit,A,,False,65
Annexe 2 — Materiel Bio-Medical,Liste Principale,17,CONSOMMABLES UTILISES EN CANCEROLOGIE INTRANTS ET CONSOMMABLES UTILISES POUR LE DEPISTAGE (DETECTION) ET LE TRAITEMENT DES LESIONS PRE-CANCEREUSES DU COL DE L'UTERUS INTRANTS ET CONSOMMABLES UTILISES POUR LE DEPISTAGE (DETECTION) ET LE TRAITEMENT DES LESIONS PRE-CANCEREUSES DU COL DE L'UTERUS INTRANTS ET CONSOMMABLES DE LABORATOIRE UTILISES POUR LE DEPISTAGE DU HPV TESTS,,,Kit de préparation d'échantillons D'ADN 6K1224 - KIT 4X24,---,---,Kit,A,,False,65
Annexe 2 — Materiel Bio-Medical,Liste Principale,17,CONSOMMABLES UTILISES EN CANCEROLOGIE INTRANTS ET CONSOMMABLES UTILISES POUR LE DEPISTAGE (DETECTION) ET LE TRAITEMENT DES LESIONS PRE-CANCEREUSES DU COL DE L'UTERUS INTRANTS ET CONSOMMABLES UTILISES POUR LE DEPISTAGE (DETECTION) ET LE TRAITEMENT DES LESIONS PRE-CANCEREUSES DU COL DE L'UTERUS INTRANTS ET CONSOMMABLES DE LABORATOIRE UTILISES POUR LE DEPISTAGE DU HPV TESTS,,,"Pipettes de transfert stérile 3,5 ml paquet",---,---,Pipette,A,,False,65
Annexe 2 — Materiel Bio-Medical,Liste Principale,17,CONSOMMABLES UTILISES EN CANCEROLOGIE INTRANTS ET CONSOMMABLES UTILISES POUR LE DEPISTAGE (DETECTION) ET LE TRAITEMENT DES LESIONS PRE-CANCEREUSES DU COL DE L'UTERUS INTRANTS ET CONSOMMABLES UTILISES POUR LE DEPISTAGE (DETECTION) ET LE TRAITEMENT DES LESIONS PRE-CANCEREUSES DU COL DE L'UTERUS INTRANTS ET CONSOMMABLES DE LABORATOIRE UTILISES POUR LE DEPISTAGE DU HPV TESTS,,,Plaque a puits profonds Abbott 4j7130 carton 8x4,---,---,Carton,A,,False,65
Annexe 2 — Materiel Bio-Medical,Liste Principale,17,CONSOMMABLES UTILISES EN CANCEROLOGIE INTRANTS ET CONSOMMABLES UTILISES POUR LE DEPISTAGE (DETECTION) ET LE TRAITEMENT DES LESIONS PRE-CANCEREUSES DU COL DE L'UTERUS INTRANTS ET CONSOMMABLES UTILISES POUR LE DEPISTAGE (DETECTION) ET LE TRAITEMENT DES LESIONS PRE-CANCEREUSES DU COL DE L'UTERUS INTRANTS ET CONSOMMABLES DE LABORATOIRE UTILISES POUR LE DEPISTAGE DU HPV TESTS,,,Plaque de PCR Abbott 4j7170 boite 2x10,---,---,Boîte,A,,False,65
Annexe 2 — Materiel Bio-Medical,Liste Principale,17,CONSOMMABLES UTILISES EN CANCEROLOGIE INTRANTS ET CONSOMMABLES UTILISES POUR LE DEPISTAGE (DETECTION) ET LE TRAITEMENT DES LESIONS PRE-CANCEREUSES DU COL DE L'UTERUS INTRANTS ET CONSOMMABLES UTILISES POUR LE DEPISTAGE (DETECTION) ET LE TRAITEMENT DES LESIONS PRE-CANCEREUSES DU COL DE L'UTERUS INTRANTS ET CONSOMMABLES DE LABORATOIRE UTILISES POUR LE DEPISTAGE DU HPV TESTS,,,Protecteur de paillasse rouleau,---,---,Rouleau,A,,False,65
Annexe 2 — Materiel Bio-Medical,Liste Principale,17,CONSOMMABLES UTILISES EN CANCEROLOGIE INTRANTS ET CONSOMMABLES UTILISES POUR LE DEPISTAGE (DETECTION) ET LE TRAITEMENT DES LESIONS PRE-CANCEREUSES DU COL DE L'UTERUS INTRANTS ET CONSOMMABLES UTILISES POUR LE DEPISTAGE (DETECTION) ET LE TRAITEMENT DES LESIONS PRE-CANCEREUSES DU COL DE L'UTERUS INTRANTS ET CONSOMMABLES DE LABORATOIRE UTILISES POUR LE DEPISTAGE DU HPV TESTS,,,Sac BioHazard Abbott 4j7145 carton de 50,---,---,Carton,A,,False,65
Annexe 2 — Materiel Bio-Medical,Liste Principale,17,CONSOMMABLES UTILISES EN CANCEROLOGIE INTRANTS ET CONSOMMABLES UTILISES POUR LE DEPISTAGE (DETECTION) ET LE TRAITEMENT DES LESIONS PRE-CANCEREUSES DU COL DE L'UTERUS INTRANTS ET CONSOMMABLES UTILISES POUR LE DEPISTAGE (DETECTION) ET LE TRAITEMENT DES LESIONS PRE-CANCEREUSES DU COL DE L'UTERUS INTRANTS ET CONSOMMABLES DE LABORATOIRE UTILISES POUR LE DEPISTAGE DU HPV TESTS,,,Sacs autoclavables BioHazard 10 litres,---,---,Sac,A,,False,65
Annexe 2 — Materiel Bio-Medical,Liste Principale,17,CONSOMMABLES UTILISES EN CANCEROLOGIE INTRANTS ET CONSOMMABLES UTILISES POUR LE DEPISTAGE (DETECTION) ET LE TRAITEMENT DES LESIONS PRE-CANCEREUSES DU COL DE L'UTERUS INTRANTS ET CONSOMMABLES UTILISES POUR LE DEPISTAGE (DETECTION) ET LE TRAITEMENT DES LESIONS PRE-CANCEREUSES DU COL DE L'UTERUS INTRANTS ET CONSOMMABLES DE LABORATOIRE UTILISES POUR LE DEPISTAGE DU HPV TESTS,,,Sacs autoclavables BioHazard 100 litres,---,---,Sac,A,,False,65
Annexe 2 — Materiel Bio-Medical,Liste Principale,17,CONSOMMABLES UTILISES EN CANCEROLOGIE INTRANTS ET CONSOMMABLES UTILISES POUR LE DEPISTAGE (DETECTION) ET LE TRAITEMENT DES LESIONS PRE-CANCEREUSES DU COL DE L'UTERUS INTRANTS ET CONSOMMABLES UTILISES POUR LE DEPISTAGE (DETECTION) ET LE TRAITEMENT DES LESIONS PRE-CANCEREUSES DU COL DE L'UTERUS INTRANTS ET CONSOMMABLES DE LABORATOIRE UTILISES POUR LE DEPISTAGE DU HPV TESTS,,,Sacs autoclavables rouges 37 x 48 cm paquet de 10,---,---,Paquet,A,,False,65
Annexe 2 — Materiel Bio-Medical,Liste Principale,17,CONSOMMABLES UTILISES EN CANCEROLOGIE INTRANTS ET CONSOMMABLES UTILISES POUR LE DEPISTAGE (DETECTION) ET LE TRAITEMENT DES LESIONS PRE-CANCEREUSES DU COL DE L'UTERUS INTRANTS ET CONSOMMABLES UTILISES POUR LE DEPISTAGE (DETECTION) ET LE TRAITEMENT DES LESIONS PRE-CANCEREUSES DU COL DE L'UTERUS INTRANTS ET CONSOMMABLES DE LABORATOIRE UTILISES POUR LE DEPISTAGE DU HPV TESTS,,,Sacs autoclavables rouges 8 x 12 cm paquet de 200 (10),---,---,Paquet,A,,False,65
Annexe 2 — Materiel Bio-Medical,Liste Principale,17,CONSOMMABLES UTILISES EN CANCEROLOGIE INTRANTS ET CONSOMMABLES UTILISES POUR LE DEPISTAGE (DETECTION) ET LE TRAITEMENT DES LESIONS PRE-CANCEREUSES DU COL DE L'UTERUS INTRANTS ET CONSOMMABLES UTILISES POUR LE DEPISTAGE (DETECTION) ET LE TRAITEMENT DES LESIONS PRE-CANCEREUSES DU COL DE L'UTERUS INTRANTS ET CONSOMMABLES DE LABORATOIRE UTILISES POUR LE DEPISTAGE DU HPV TESTS INTRANTS ET CONSOMMABLES DE LABORATOIRE UTILISES POUR LE DEPISTAGE DU HPV,,,"Sérum physiologique NaCl 0,9%",---,---,Flacon,A,,False,66
Annexe 2 — Materiel Bio-Medical,Liste Principale,17,CONSOMMABLES UTILISES EN CANCEROLOGIE INTRANTS ET CONSOMMABLES UTILISES POUR LE DEPISTAGE (DETECTION) ET LE TRAITEMENT DES LESIONS PRE-CANCEREUSES DU COL DE L'UTERUS INTRANTS ET CONSOMMABLES UTILISES POUR LE DEPISTAGE (DETECTION) ET LE TRAITEMENT DES LESIONS PRE-CANCEREUSES DU COL DE L'UTERUS INTRANTS ET CONSOMMABLES DE LABORATOIRE UTILISES POUR LE DEPISTAGE DU HPV TESTS INTRANTS ET CONSOMMABLES DE LABORATOIRE UTILISES POUR LE DEPISTAGE DU HPV,,,Test HPV 10 tests kit (cartouche test xpert hpv k10 gxhpv-ce-10),---,---,Cartouche,A,,False,66
Annexe 2 — Materiel Bio-Medical,Liste Principale,17,CONSOMMABLES UTILISES EN CANCEROLOGIE INTRANTS ET CONSOMMABLES UTILISES POUR LE DEPISTAGE (DETECTION) ET LE TRAITEMENT DES LESIONS PRE-CANCEREUSES DU COL DE L'UTERUS INTRANTS ET CONSOMMABLES UTILISES POUR LE DEPISTAGE (DETECTION) ET LE TRAITEMENT DES LESIONS PRE-CANCEREUSES DU COL DE L'UTERUS INTRANTS ET CONSOMMABLES DE LABORATOIRE UTILISES POUR LE DEPISTAGE DU HPV TESTS INTRANTS ET CONSOMMABLES DE LABORATOIRE UTILISES POUR LE DEPISTAGE DU HPV,,,Tube de mix Abbott 4j7180 carton de 6x25,---,---,Carton,A,,False,66
Annexe 2 — Materiel Bio-Medical,Liste Principale,17,CONSOMMABLES UTILISES EN CANCEROLOGIE INTRANTS ET CONSOMMABLES UTILISES POUR LE DEPISTAGE (DETECTION) ET LE TRAITEMENT DES LESIONS PRE-CANCEREUSES DU COL DE L'UTERUS INTRANTS ET CONSOMMABLES UTILISES POUR LE DEPISTAGE (DETECTION) ET LE TRAITEMENT DES LESIONS PRE-CANCEREUSES DU COL DE L'UTERUS INTRANTS ET CONSOMMABLES DE LABORATOIRE UTILISES POUR LE DEPISTAGE DU HPV TESTS INTRANTS ET CONSOMMABLES DE LABORATOIRE UTILISES POUR LE DEPISTAGE DU HPV,,,Tubes réactionnels Abbott de 5 ml 4j7120 carton de 4x500,---,---,Carton,A,,False,66
Annexe 2 — Materiel Bio-Medical,Liste Principale,17,CONSOMMABLES UTILISES EN CANCEROLOGIE INTRANTS ET CONSOMMABLES UTILISES POUR LE DEPISTAGE (DETECTION) ET LE TRAITEMENT DES LESIONS PRE-CANCEREUSES DU COL DE L'UTERUS INTRANTS ET CONSOMMABLES UTILISES POUR LE DEPISTAGE (DETECTION) ET LE TRAITEMENT DES LESIONS PRE-CANCEREUSES DU COL DE L'UTERUS INTRANTS ET CONSOMMABLES DE LABORATOIRE UTILISES POUR LE DEPISTAGE DU HPV TESTS INTRANTS ET CONSOMMABLES DE LABORATOIRE UTILISES POUR LE DEPISTAGE DU HPV,17.03,INTRANTS ET CONSOMMABLES UTILISES EN ANATOMIE ET CYTOLOGIE PATHOLOGIQUE,"10X EZ PREP SOLUTION, 2L",---,---,Flacon,A,,False,66
Annexe 2 — Materiel Bio-Medical,Liste Principale,17,CONSOMMABLES UTILISES EN CANCEROLOGIE INTRANTS ET CONSOMMABLES UTILISES POUR LE DEPISTAGE (DETECTION) ET LE TRAITEMENT DES LESIONS PRE-CANCEREUSES DU COL DE L'UTERUS INTRANTS ET CONSOMMABLES UTILISES POUR LE DEPISTAGE (DETECTION) ET LE TRAITEMENT DES LESIONS PRE-CANCEREUSES DU COL DE L'UTERUS INTRANTS ET CONSOMMABLES DE LABORATOIRE UTILISES POUR LE DEPISTAGE DU HPV TESTS INTRANTS ET CONSOMMABLES DE LABORATOIRE UTILISES POUR LE DEPISTAGE DU HPV,17.03,INTRANTS ET CONSOMMABLES UTILISES EN ANATOMIE ET CYTOLOGIE PATHOLOGIQUE,"10X SSC SOLUTION, 2L",---,---,Flacon,A,,False,66
Annexe 2 — Materiel Bio-Medical,Liste Principale,17,CONSOMMABLES UTILISES EN CANCEROLOGIE INTRANTS ET CONSOMMABLES UTILISES POUR LE DEPISTAGE (DETECTION) ET LE TRAITEMENT DES LESIONS PRE-CANCEREUSES DU COL DE L'UTERUS INTRANTS ET CONSOMMABLES UTILISES POUR LE DEPISTAGE (DETECTION) ET LE TRAITEMENT DES LESIONS PRE-CANCEREUSES DU COL DE L'UTERUS INTRANTS ET CONSOMMABLES DE LABORATOIRE UTILISES POUR LE DEPISTAGE DU HPV TESTS INTRANTS ET CONSOMMABLES DE LABORATOIRE UTILISES POUR LE DEPISTAGE DU HPV,17.03,INTRANTS ET CONSOMMABLES UTILISES EN ANATOMIE ET CYTOLOGIE PATHOLOGIQUE,Aiguille G 23,---,---,Aiguille,A,,False,66
Annexe 2 — Materiel Bio-Medical,Liste Principale,17,CONSOMMABLES UTILISES EN CANCEROLOGIE INTRANTS ET CONSOMMABLES UTILISES POUR LE DEPISTAGE (DETECTION) ET LE TRAITEMENT DES LESIONS PRE-CANCEREUSES DU COL DE L'UTERUS INTRANTS ET CONSOMMABLES UTILISES POUR LE DEPISTAGE (DETECTION) ET LE TRAITEMENT DES LESIONS PRE-CANCEREUSES DU COL DE L'UTERUS INTRANTS ET CONSOMMABLES DE LABORATOIRE UTILISES POUR LE DEPISTAGE DU HPV TESTS INTRANTS ET CONSOMMABLES DE LABORATOIRE UTILISES POUR LE DEPISTAGE DU HPV,17.03,INTRANTS ET CONSOMMABLES UTILISES EN ANATOMIE ET CYTOLOGIE PATHOLOGIQUE,Alcool 96 degrés (bidon de 25 litres),---,---,Bidon,A,,False,66
Annexe 2 — Materiel Bio-Medical,Liste Principale,17,CONSOMMABLES UTILISES EN CANCEROLOGIE INTRANTS ET CONSOMMABLES UTILISES POUR LE DEPISTAGE (DETECTION) ET LE TRAITEMENT DES LESIONS PRE-CANCEREUSES DU COL DE L'UTERUS INTRANTS ET CONSOMMABLES UTILISES POUR LE DEPISTAGE (DETECTION) ET LE TRAITEMENT DES LESIONS PRE-CANCEREUSES DU COL DE L'UTERUS INTRANTS ET CONSOMMABLES DE LABORATOIRE UTILISES POUR LE DEPISTAGE DU HPV TESTS INTRANTS ET CONSOMMABLES DE LABORATOIRE UTILISES POUR LE DEPISTAGE DU HPV,17.03,INTRANTS ET CONSOMMABLES UTILISES EN ANATOMIE ET CYTOLOGIE PATHOLOGIQUE,"Alcool absolu (bidon 2,5 litres)",---,---,Bidon,A,,False,66
Annexe 2 — Materiel Bio-Medical,Liste Principale,17,CONSOMMABLES UTILISES EN CANCEROLOGIE INTRANTS ET CONSOMMABLES UTILISES POUR LE DEPISTAGE (DETECTION) ET LE TRAITEMENT DES LESIONS PRE-CANCEREUSES DU COL DE L'UTERUS INTRANTS ET CONSOMMABLES UTILISES POUR LE DEPISTAGE (DETECTION) ET LE TRAITEMENT DES LESIONS PRE-CANCEREUSES DU COL DE L'UTERUS INTRANTS ET CONSOMMABLES DE LABORATOIRE UTILISES POUR LE DEPISTAGE DU HPV TESTS INTRANTS ET CONSOMMABLES DE LABORATOIRE UTILISES POUR LE DEPISTAGE DU HPV,17.03,INTRANTS ET CONSOMMABLES UTILISES EN ANATOMIE ET CYTOLOGIE PATHOLOGIQUE,Bac de coloration en verre,---,---,Bac,A,,False,66
Annexe 2 — Materiel Bio-Medical,Liste Principale,17,CONSOMMABLES UTILISES EN CANCEROLOGIE INTRANTS ET CONSOMMABLES UTILISES POUR LE DEPISTAGE (DETECTION) ET LE TRAITEMENT DES LESIONS PRE-CANCEREUSES DU COL DE L'UTERUS INTRANTS ET CONSOMMABLES UTILISES POUR LE DEPISTAGE (DETECTION) ET LE TRAITEMENT DES LESIONS PRE-CANCEREUSES DU COL DE L'UTERUS INTRANTS ET CONSOMMABLES DE LABORATOIRE UTILISES POUR LE DEPISTAGE DU HPV TESTS INTRANTS ET CONSOMMABLES DE LABORATOIRE UTILISES POUR LE DEPISTAGE DU HPV,17.03,INTRANTS ET CONSOMMABLES UTILISES EN ANATOMIE ET CYTOLOGIE PATHOLOGIQUE,Balance électronique,---,---,Balance,A,,False,66
Annexe 2 — Materiel Bio-Medical,Liste Principale,17,CONSOMMABLES UTILISES EN CANCEROLOGIE INTRANTS ET CONSOMMABLES UTILISES POUR LE DEPISTAGE (DETECTION) ET LE TRAITEMENT DES LESIONS PRE-CANCEREUSES DU COL DE L'UTERUS INTRANTS ET CONSOMMABLES UTILISES POUR LE DEPISTAGE (DETECTION) ET LE TRAITEMENT DES LESIONS PRE-CANCEREUSES DU COL DE L'UTERUS INTRANTS ET CONSOMMABLES DE LABORATOIRE UTILISES POUR LE DEPISTAGE DU HPV TESTS INTRANTS ET CONSOMMABLES DE LABORATOIRE UTILISES POUR LE DEPISTAGE DU HPV,17.03,INTRANTS ET CONSOMMABLES UTILISES EN ANATOMIE ET CYTOLOGIE PATHOLOGIQUE,BLUING REAGENT,---,---,Flacon,A,,False,66
Annexe 2 — Materiel Bio-Medical,Liste Principale,17,CONSOMMABLES UTILISES EN CANCEROLOGIE INTRANTS ET CONSOMMABLES UTILISES POUR LE DEPISTAGE (DETECTION) ET LE TRAITEMENT DES LESIONS PRE-CANCEREUSES DU COL DE L'UTERUS INTRANTS ET CONSOMMABLES UTILISES POUR LE DEPISTAGE (DETECTION) ET LE TRAITEMENT DES LESIONS PRE-CANCEREUSES DU COL DE L'UTERUS INTRANTS ET CONSOMMABLES DE LABORATOIRE UTILISES POUR LE DEPISTAGE DU HPV TESTS INTRANTS ET CONSOMMABLES DE LABORATOIRE UTILISES POUR LE DEPISTAGE DU HPV,17.03,INTRANTS ET CONSOMMABLES UTILISES EN ANATOMIE ET CYTOLOGIE PATHOLOGIQUE,Boîte de macroscopie,---,---,Boîte,A,,False,66
Annexe 2 — Materiel Bio-Medical,Liste Principale,17,CONSOMMABLES UTILISES EN CANCEROLOGIE INTRANTS ET CONSOMMABLES UTILISES POUR LE DEPISTAGE (DETECTION) ET LE TRAITEMENT DES LESIONS PRE-CANCEREUSES DU COL DE L'UTERUS INTRANTS ET CONSOMMABLES UTILISES POUR LE DEPISTAGE (DETECTION) ET LE TRAITEMENT DES LESIONS PRE-CANCEREUSES DU COL DE L'UTERUS INTRANTS ET CONSOMMABLES DE LABORATOIRE UTILISES POUR LE DEPISTAGE DU HPV TESTS INTRANTS ET CONSOMMABLES DE LABORATOIRE UTILISES POUR LE DEPISTAGE DU HPV,17.03,INTRANTS ET CONSOMMABLES UTILISES EN ANATOMIE ET CYTOLOGIE PATHOLOGIQUE,Carbonate de lithium (bouteille de 500g),---,---,Flacon,A,,False,66
Annexe 2 — Materiel Bio-Medical,Liste Principale,17,CONSOMMABLES UTILISES EN CANCEROLOGIE INTRANTS ET CONSOMMABLES UTILISES POUR LE DEPISTAGE (DETECTION) ET LE TRAITEMENT DES LESIONS PRE-CANCEREUSES DU COL DE L'UTERUS INTRANTS ET CONSOMMABLES UTILISES POUR LE DEPISTAGE (DETECTION) ET LE TRAITEMENT DES LESIONS PRE-CANCEREUSES DU COL DE L'UTERUS INTRANTS ET CONSOMMABLES DE LABORATOIRE UTILISES POUR LE DEPISTAGE DU HPV TESTS INTRANTS ET CONSOMMABLES DE LABORATOIRE UTILISES POUR LE DEPISTAGE DU HPV,17.03,INTRANTS ET CONSOMMABLES UTILISES EN ANATOMIE ET CYTOLOGIE PATHOLOGIQUE,Cassette d’inclusion à usage unique pour biopsie – (paquet de 1000),---,---,Cassette,A,,False,66
Annexe 2 — Materiel Bio-Medical,Liste Principale,17,CONSOMMABLES UTILISES EN CANCEROLOGIE INTRANTS ET CONSOMMABLES UTILISES POUR LE DEPISTAGE (DETECTION) ET LE TRAITEMENT DES LESIONS PRE-CANCEREUSES DU COL DE L'UTERUS INTRANTS ET CONSOMMABLES UTILISES POUR LE DEPISTAGE (DETECTION) ET LE TRAITEMENT DES LESIONS PRE-CANCEREUSES DU COL DE L'UTERUS INTRANTS ET CONSOMMABLES DE LABORATOIRE UTILISES POUR LE DEPISTAGE DU HPV TESTS INTRANTS ET CONSOMMABLES DE LABORATOIRE UTILISES POUR LE DEPISTAGE DU HPV,17.03,INTRANTS ET CONSOMMABLES UTILISES EN ANATOMIE ET CYTOLOGIE PATHOLOGIQUE,Cassette d’inclusion à usage unique pour pièces opératoires. (Paquet de,---,---,Cassette,A,,False,66
Annexe 2 — Materiel Bio-Medical,Liste Principale,17,CONSOMMABLES UTILISES EN CANCEROLOGIE INTRANTS ET CONSOMMABLES UTILISES POUR LE DEPISTAGE (DETECTION) ET LE TRAITEMENT DES LESIONS PRE-CANCEREUSES DU COL DE L'UTERUS INTRANTS ET CONSOMMABLES UTILISES POUR LE DEPISTAGE (DETECTION) ET LE TRAITEMENT DES LESIONS PRE-CANCEREUSES DU COL DE L'UTERUS INTRANTS ET CONSOMMABLES DE LABORATOIRE UTILISES POUR LE DEPISTAGE DU HPV TESTS INTRANTS ET CONSOMMABLES DE LABORATOIRE UTILISES POUR LE DEPISTAGE DU HPV,17.03,INTRANTS ET CONSOMMABLES UTILISES EN ANATOMIE ET CYTOLOGIE PATHOLOGIQUE 1000),"CELL CONDITIONING SOLUTION, CC1, 2L",---,---,Flacon,A,,False,66
Annexe 2 — Materiel Bio-Medical,Liste Principale,17,CONSOMMABLES UTILISES EN CANCEROLOGIE INTRANTS ET CONSOMMABLES UTILISES POUR LE DEPISTAGE (DETECTION) ET LE TRAITEMENT DES LESIONS PRE-CANCEREUSES DU COL DE L'UTERUS INTRANTS ET CONSOMMABLES UTILISES POUR LE DEPISTAGE (DETECTION) ET LE TRAITEMENT DES LESIONS PRE-CANCEREUSES DU COL DE L'UTERUS INTRANTS ET CONSOMMABLES DE LABORATOIRE UTILISES POUR LE DEPISTAGE DU HPV TESTS INTRANTS ET CONSOMMABLES DE LABORATOIRE UTILISES POUR LE DEPISTAGE DU HPV,17.03,INTRANTS ET CONSOMMABLES UTILISES EN ANATOMIE ET CYTOLOGIE PATHOLOGIQUE 1000),Colorant indélébile 250 ml - bleu CELLPATH,---,---,Flacon,A,,False,66
Annexe 2 — Materiel Bio-Medical,Liste Principale,17,CONSOMMABLES UTILISES EN CANCEROLOGIE INTRANTS ET CONSOMMABLES UTILISES POUR LE DEPISTAGE (DETECTION) ET LE TRAITEMENT DES LESIONS PRE-CANCEREUSES DU COL DE L'UTERUS INTRANTS ET CONSOMMABLES UTILISES POUR LE DEPISTAGE (DETECTION) ET LE TRAITEMENT DES LESIONS PRE-CANCEREUSES DU COL DE L'UTERUS INTRANTS ET CONSOMMABLES DE LABORATOIRE UTILISES POUR LE DEPISTAGE DU HPV TESTS INTRANTS ET CONSOMMABLES DE LABORATOIRE UTILISES POUR LE DEPISTAGE DU HPV,17.03,INTRANTS ET CONSOMMABLES UTILISES EN ANATOMIE ET CYTOLOGIE PATHOLOGIQUE 1000),Colorant indélébile 250 ml - noir CELLPATH,---,---,Flacon,A,,False,66
Annexe 2 — Materiel Bio-Medical,Liste Principale,17,CONSOMMABLES UTILISES EN CANCEROLOGIE INTRANTS ET CONSOMMABLES UTILISES POUR LE DEPISTAGE (DETECTION) ET LE TRAITEMENT DES LESIONS PRE-CANCEREUSES DU COL DE L'UTERUS INTRANTS ET CONSOMMABLES UTILISES POUR LE DEPISTAGE (DETECTION) ET LE TRAITEMENT DES LESIONS PRE-CANCEREUSES DU COL DE L'UTERUS INTRANTS ET CONSOMMABLES DE LABORATOIRE UTILISES POUR LE DEPISTAGE DU HPV TESTS INTRANTS ET CONSOMMABLES DE LABORATOIRE UTILISES POUR LE DEPISTAGE DU HPV,17.03,INTRANTS ET CONSOMMABLES UTILISES EN ANATOMIE ET CYTOLOGIE PATHOLOGIQUE 1000),Colorant indélébile 250 ml - rouge CELLPATH,---,---,Flacon,A,,False,66
Annexe 2 — Materiel Bio-Medical,Liste Principale,17,CONSOMMABLES UTILISES EN CANCEROLOGIE INTRANTS ET CONSOMMABLES UTILISES POUR LE DEPISTAGE (DETECTION) ET LE TRAITEMENT DES LESIONS PRE-CANCEREUSES DU COL DE L'UTERUS INTRANTS ET CONSOMMABLES UTILISES POUR LE DEPISTAGE (DETECTION) ET LE TRAITEMENT DES LESIONS PRE-CANCEREUSES DU COL DE L'UTERUS INTRANTS ET CONSOMMABLES DE LABORATOIRE UTILISES POUR LE DEPISTAGE DU HPV TESTS INTRANTS ET CONSOMMABLES DE LABORATOIRE UTILISES POUR LE DEPISTAGE DU HPV,17.03,INTRANTS ET CONSOMMABLES UTILISES EN ANATOMIE ET CYTOLOGIE PATHOLOGIQUE 1000),Colorant indélébile 250 ml – vert CELLPATH,---,---,Flacon,A,,False,66
Annexe 2 — Materiel Bio-Medical,Liste Principale,17,CONSOMMABLES UTILISES EN CANCEROLOGIE INTRANTS ET CONSOMMABLES UTILISES POUR LE DEPISTAGE (DETECTION) ET LE TRAITEMENT DES LESIONS PRE-CANCEREUSES DU COL DE L'UTERUS INTRANTS ET CONSOMMABLES UTILISES POUR LE DEPISTAGE (DETECTION) ET LE TRAITEMENT DES LESIONS PRE-CANCEREUSES DU COL DE L'UTERUS INTRANTS ET CONSOMMABLES DE LABORATOIRE UTILISES POUR LE DEPISTAGE DU HPV TESTS INTRANTS ET CONSOMMABLES DE LABORATOIRE UTILISES POUR LE DEPISTAGE DU HPV,17.03,INTRANTS ET CONSOMMABLES UTILISES EN ANATOMIE ET CYTOLOGIE PATHOLOGIQUE 1000),Colorants de Papanicolaou EA 50 (bidon 1 litre),---,---,Bidon,A,,False,66
Annexe 2 — Materiel Bio-Medical,Liste Principale,17,CONSOMMABLES UTILISES EN CANCEROLOGIE INTRANTS ET CONSOMMABLES UTILISES POUR LE DEPISTAGE (DETECTION) ET LE TRAITEMENT DES LESIONS PRE-CANCEREUSES DU COL DE L'UTERUS INTRANTS ET CONSOMMABLES UTILISES POUR LE DEPISTAGE (DETECTION) ET LE TRAITEMENT DES LESIONS PRE-CANCEREUSES DU COL DE L'UTERUS INTRANTS ET CONSOMMABLES DE LABORATOIRE UTILISES POUR LE DEPISTAGE DU HPV TESTS INTRANTS ET CONSOMMABLES DE LABORATOIRE UTILISES POUR LE DEPISTAGE DU HPV,17.03,INTRANTS ET CONSOMMABLES UTILISES EN ANATOMIE ET CYTOLOGIE PATHOLOGIQUE 1000),Colorants de Papanicolaou orange g (bidon 1 litre),---,---,Bidon,A,,False,66
Annexe 2 — Materiel Bio-Medical,Liste Principale,17,CONSOMMABLES UTILISES EN CANCEROLOGIE INTRANTS ET CONSOMMABLES UTILISES POUR LE DEPISTAGE (DETECTION) ET LE TRAITEMENT DES LESIONS PRE-CANCEREUSES DU COL DE L'UTERUS INTRANTS ET CONSOMMABLES UTILISES POUR LE DEPISTAGE (DETECTION) ET LE TRAITEMENT DES LESIONS PRE-CANCEREUSES DU COL DE L'UTERUS INTRANTS ET CONSOMMABLES DE LABORATOIRE UTILISES POUR LE DEPISTAGE DU HPV TESTS INTRANTS ET CONSOMMABLES DE LABORATOIRE UTILISES POUR LE DEPISTAGE DU HPV,17.03,INTRANTS ET CONSOMMABLES UTILISES EN ANATOMIE ET CYTOLOGIE PATHOLOGIQUE 1000),CONFIRM ANTI-ER (SP1) KIT DE 50 TESTS,---,---,Kit,A,,False,66
Annexe 2 — Materiel Bio-Medical,Liste Principale,17,CONSOMMABLES UTILISES EN CANCEROLOGIE INTRANTS ET CONSOMMABLES UTILISES POUR LE DEPISTAGE (DETECTION) ET LE TRAITEMENT DES LESIONS PRE-CANCEREUSES DU COL DE L'UTERUS INTRANTS ET CONSOMMABLES UTILISES POUR LE DEPISTAGE (DETECTION) ET LE TRAITEMENT DES LESIONS PRE-CANCEREUSES DU COL DE L'UTERUS INTRANTS ET CONSOMMABLES DE LABORATOIRE UTILISES POUR LE DEPISTAGE DU HPV TESTS INTRANTS ET CONSOMMABLES DE LABORATOIRE UTILISES POUR LE DEPISTAGE DU HPV,17.03,INTRANTS ET CONSOMMABLES UTILISES EN ANATOMIE ET CYTOLOGIE PATHOLOGIQUE 1000),CONFIRM ANTI-PR (1E2) KIT DE 50 TESTS,---,---,Kit,A,,False,66
Annexe 2 — Materiel Bio-Medical,Liste Principale,17,CONSOMMABLES UTILISES EN CANCEROLOGIE INTRANTS ET CONSOMMABLES UTILISES POUR LE DEPISTAGE (DETECTION) ET LE TRAITEMENT DES LESIONS PRE-CANCEREUSES DU COL DE L'UTERUS INTRANTS ET CONSOMMABLES UTILISES POUR LE DEPISTAGE (DETECTION) ET LE TRAITEMENT DES LESIONS PRE-CANCEREUSES DU COL DE L'UTERUS INTRANTS ET CONSOMMABLES DE LABORATOIRE UTILISES POUR LE DEPISTAGE DU HPV TESTS INTRANTS ET CONSOMMABLES DE LABORATOIRE UTILISES POUR LE DEPISTAGE DU HPV,17.03,INTRANTS ET CONSOMMABLES UTILISES EN ANATOMIE ET CYTOLOGIE PATHOLOGIQUE 1000),Cytobrush,---,---,Brosse,A,,False,66
Annexe 2 — Materiel Bio-Medical,Liste Principale,17,CONSOMMABLES UTILISES EN CANCEROLOGIE INTRANTS ET CONSOMMABLES UTILISES POUR LE DEPISTAGE (DETECTION) ET LE TRAITEMENT DES LESIONS PRE-CANCEREUSES DU COL DE L'UTERUS INTRANTS ET CONSOMMABLES UTILISES POUR LE DEPISTAGE (DETECTION) ET LE TRAITEMENT DES LESIONS PRE-CANCEREUSES DU COL DE L'UTERUS INTRANTS ET CONSOMMABLES DE LABORATOIRE UTILISES POUR LE DEPISTAGE DU HPV TESTS INTRANTS ET CONSOMMABLES DE LABORATOIRE UTILISES POUR LE DEPISTAGE DU HPV,17.03,INTRANTS ET CONSOMMABLES UTILISES EN ANATOMIE ET CYTOLOGIE PATHOLOGIQUE 1000),Cytolaque,---,---,Cytolaque,A,,False,66
Annexe 2 — Materiel Bio-Medical,Liste Principale,17,CONSOMMABLES UTILISES EN CANCEROLOGIE INTRANTS ET CONSOMMABLES UTILISES POUR LE DEPISTAGE (DETECTION) ET LE TRAITEMENT DES LESIONS PRE-CANCEREUSES DU COL DE L'UTERUS INTRANTS ET CONSOMMABLES UTILISES POUR LE DEPISTAGE (DETECTION) ET LE TRAITEMENT DES LESIONS PRE-CANCEREUSES DU COL DE L'UTERUS INTRANTS ET CONSOMMABLES DE LABORATOIRE UTILISES POUR LE DEPISTAGE DU HPV TESTS INTRANTS ET CONSOMMABLES DE LABORATOIRE UTILISES POUR LE DEPISTAGE DU HPV,17.03,INTRANTS ET CONSOMMABLES UTILISES EN ANATOMIE ET CYTOLOGIE PATHOLOGIQUE 1000),Décalcifiant lent a base EDTA,---,---,Flacon,A,,False,66
Annexe 2 — Materiel Bio-Medical,Liste Principale,17,CONSOMMABLES UTILISES EN CANCEROLOGIE INTRANTS ET CONSOMMABLES UTILISES POUR LE DEPISTAGE (DETECTION) ET LE TRAITEMENT DES LESIONS PRE-CANCEREUSES DU COL DE L'UTERUS INTRANTS ET CONSOMMABLES UTILISES POUR LE DEPISTAGE (DETECTION) ET LE TRAITEMENT DES LESIONS PRE-CANCEREUSES DU COL DE L'UTERUS INTRANTS ET CONSOMMABLES DE LABORATOIRE UTILISES POUR LE DEPISTAGE DU HPV TESTS INTRANTS ET CONSOMMABLES DE LABORATOIRE UTILISES POUR LE DEPISTAGE DU HPV,17.03,INTRANTS ET CONSOMMABLES UTILISES EN ANATOMIE ET CYTOLOGIE PATHOLOGIQUE 1000),Décalcifiant rapide,---,---,Flacon,A,,False,66
Annexe 2 — Materiel Bio-Medical,Liste Principale,17,CONSOMMABLES UTILISES EN CANCEROLOGIE INTRANTS ET CONSOMMABLES UTILISES POUR LE DEPISTAGE (DETECTION) ET LE TRAITEMENT DES LESIONS PRE-CANCEREUSES DU COL DE L'UTERUS INTRANTS ET CONSOMMABLES UTILISES POUR LE DEPISTAGE (DETECTION) ET LE TRAITEMENT DES LESIONS PRE-CANCEREUSES DU COL DE L'UTERUS INTRANTS ET CONSOMMABLES DE LABORATOIRE UTILISES POUR LE DEPISTAGE DU HPV TESTS INTRANTS ET CONSOMMABLES DE LABORATOIRE UTILISES POUR LE DEPISTAGE DU HPV,17.03,INTRANTS ET CONSOMMABLES UTILISES EN ANATOMIE ET CYTOLOGIE PATHOLOGIQUE 1000),Eosine solution 1% (flacon de 1 litre),---,---,Flacon,A,,False,66
Annexe 2 — Materiel Bio-Medical,Liste Principale,17,CONSOMMABLES UTILISES EN CANCEROLOGIE INTRANTS ET CONSOMMABLES UTILISES POUR LE DEPISTAGE (DETECTION) ET LE TRAITEMENT DES LESIONS PRE-CANCEREUSES DU COL DE L'UTERUS INTRANTS ET CONSOMMABLES UTILISES POUR LE DEPISTAGE (DETECTION) ET LE TRAITEMENT DES LESIONS PRE-CANCEREUSES DU COL DE L'UTERUS INTRANTS ET CONSOMMABLES DE LABORATOIRE UTILISES POUR LE DEPISTAGE DU HPV TESTS INTRANTS ET CONSOMMABLES DE LABORATOIRE UTILISES POUR LE DEPISTAGE DU HPV,17.03,INTRANTS ET CONSOMMABLES UTILISES EN ANATOMIE ET CYTOLOGIE PATHOLOGIQUE 1000),Formol 37% (bidon 5 litres),---,---,Bidon,A,,False,66
Annexe 2 — Materiel Bio-Medical,Liste Principale,17,CONSOMMABLES UTILISES EN CANCEROLOGIE INTRANTS ET CONSOMMABLES UTILISES POUR LE DEPISTAGE (DETECTION) ET LE TRAITEMENT DES LESIONS PRE-CANCEREUSES DU COL DE L'UTERUS INTRANTS ET CONSOMMABLES UTILISES POUR LE DEPISTAGE (DETECTION) ET LE TRAITEMENT DES LESIONS PRE-CANCEREUSES DU COL DE L'UTERUS INTRANTS ET CONSOMMABLES DE LABORATOIRE UTILISES POUR LE DEPISTAGE DU HPV TESTS INTRANTS ET CONSOMMABLES DE LABORATOIRE UTILISES POUR LE DEPISTAGE DU HPV,17.03,INTRANTS ET CONSOMMABLES UTILISES EN ANATOMIE ET CYTOLOGIE PATHOLOGIQUE 1000),Gants propres (boite de 100),---,---,Paquet,A,,False,66
Annexe 2 — Materiel Bio-Medical,Liste Principale,17,CONSOMMABLES UTILISES EN CANCEROLOGIE INTRANTS ET CONSOMMABLES UTILISES POUR LE DEPISTAGE (DETECTION) ET LE TRAITEMENT DES LESIONS PRE-CANCEREUSES DU COL DE L'UTERUS INTRANTS ET CONSOMMABLES UTILISES POUR LE DEPISTAGE (DETECTION) ET LE TRAITEMENT DES LESIONS PRE-CANCEREUSES DU COL DE L'UTERUS INTRANTS ET CONSOMMABLES DE LABORATOIRE UTILISES POUR LE DEPISTAGE DU HPV TESTS INTRANTS ET CONSOMMABLES DE LABORATOIRE UTILISES POUR LE DEPISTAGE DU HPV,17.03,INTRANTS ET CONSOMMABLES UTILISES EN ANATOMIE ET CYTOLOGIE PATHOLOGIQUE 1000),Giemsa lent (bidon 1 litre),---,---,Bidon,A,,False,66
Annexe 2 — Materiel Bio-Medical,Liste Principale,17,CONSOMMABLES UTILISES EN CANCEROLOGIE INTRANTS ET CONSOMMABLES UTILISES POUR LE DEPISTAGE (DETECTION) ET LE TRAITEMENT DES LESIONS PRE-CANCEREUSES DU COL DE L'UTERUS INTRANTS ET CONSOMMABLES UTILISES POUR LE DEPISTAGE (DETECTION) ET LE TRAITEMENT DES LESIONS PRE-CANCEREUSES DU COL DE L'UTERUS INTRANTS ET CONSOMMABLES DE LABORATOIRE UTILISES POUR LE DEPISTAGE DU HPV TESTS INTRANTS ET CONSOMMABLES DE LABORATOIRE UTILISES POUR LE DEPISTAGE DU HPV,17.03,INTRANTS ET CONSOMMABLES UTILISES EN ANATOMIE ET CYTOLOGIE PATHOLOGIQUE 1000),Giemsa rapide (bidon 1 litre),---,---,Bidon,A,,False,66
Annexe 2 — Materiel Bio-Medical,Liste Principale,17,CONSOMMABLES UTILISES EN CANCEROLOGIE INTRANTS ET CONSOMMABLES UTILISES POUR LE DEPISTAGE (DETECTION) ET LE TRAITEMENT DES LESIONS PRE-CANCEREUSES DU COL DE L'UTERUS INTRANTS ET CONSOMMABLES UTILISES POUR LE DEPISTAGE (DETECTION) ET LE TRAITEMENT DES LESIONS PRE-CANCEREUSES DU COL DE L'UTERUS INTRANTS ET CONSOMMABLES DE LABORATOIRE UTILISES POUR LE DEPISTAGE DU HPV TESTS INTRANTS ET CONSOMMABLES DE LABORATOIRE UTILISES POUR LE DEPISTAGE DU HPV,17.03,INTRANTS ET CONSOMMABLES UTILISES EN ANATOMIE ET CYTOLOGIE PATHOLOGIQUE 1000),Haricot en inox,---,---,Haricot,A,,False,66
Annexe 2 — Materiel Bio-Medical,Liste Principale,17,CONSOMMABLES UTILISES EN CANCEROLOGIE INTRANTS ET CONSOMMABLES UTILISES POUR LE DEPISTAGE (DETECTION) ET LE TRAITEMENT DES LESIONS PRE-CANCEREUSES DU COL DE L'UTERUS INTRANTS ET CONSOMMABLES UTILISES POUR LE DEPISTAGE (DETECTION) ET LE TRAITEMENT DES LESIONS PRE-CANCEREUSES DU COL DE L'UTERUS INTRANTS ET CONSOMMABLES DE LABORATOIRE UTILISES POUR LE DEPISTAGE DU HPV TESTS INTRANTS ET CONSOMMABLES DE LABORATOIRE UTILISES POUR LE DEPISTAGE DU HPV,17.03,INTRANTS ET CONSOMMABLES UTILISES EN ANATOMIE ET CYTOLOGIE PATHOLOGIQUE 1000),HEMATOXYLIN II KIT DE 50 TESTS,---,---,Kit,A,,False,66
Annexe 2 — Materiel Bio-Medical,Liste Principale,17,CONSOMMABLES UTILISES EN CANCEROLOGIE INTRANTS ET CONSOMMABLES UTILISES POUR LE DEPISTAGE (DETECTION) ET LE TRAITEMENT DES LESIONS PRE-CANCEREUSES DU COL DE L'UTERUS INTRANTS ET CONSOMMABLES UTILISES POUR LE DEPISTAGE (DETECTION) ET LE TRAITEMENT DES LESIONS PRE-CANCEREUSES DU COL DE L'UTERUS INTRANTS ET CONSOMMABLES DE LABORATOIRE UTILISES POUR LE DEPISTAGE DU HPV TESTS INTRANTS ET CONSOMMABLES DE LABORATOIRE UTILISES POUR LE DEPISTAGE DU HPV,17.03,INTRANTS ET CONSOMMABLES UTILISES EN ANATOMIE ET CYTOLOGIE PATHOLOGIQUE 1000),Hématoxyline de Mayer (bidon 1 litre),---,---,Bidon,A,,False,66
Annexe 2 — Materiel Bio-Medical,Liste Principale,17,CONSOMMABLES UTILISES EN CANCEROLOGIE INTRANTS ET CONSOMMABLES UTILISES POUR LE DEPISTAGE (DETECTION) ET LE TRAITEMENT DES LESIONS PRE-CANCEREUSES DU COL DE L'UTERUS INTRANTS ET CONSOMMABLES UTILISES POUR LE DEPISTAGE (DETECTION) ET LE TRAITEMENT DES LESIONS PRE-CANCEREUSES DU COL DE L'UTERUS INTRANTS ET CONSOMMABLES DE LABORATOIRE UTILISES POUR LE DEPISTAGE DU HPV TESTS INTRANTS ET CONSOMMABLES DE LABORATOIRE UTILISES POUR LE DEPISTAGE DU HPV,17.03,INTRANTS ET CONSOMMABLES UTILISES EN ANATOMIE ET CYTOLOGIE PATHOLOGIQUE 1000),Kit bleu alcalin (pour 100 tests),---,---,Kit,A,,False,66
Annexe 2 — Materiel Bio-Medical,Liste Principale,17,CONSOMMABLES UTILISES EN CANCEROLOGIE INTRANTS ET CONSOMMABLES UTILISES POUR LE DEPISTAGE (DETECTION) ET LE TRAITEMENT DES LESIONS PRE-CANCEREUSES DU COL DE L'UTERUS INTRANTS ET CONSOMMABLES UTILISES POUR LE DEPISTAGE (DETECTION) ET LE TRAITEMENT DES LESIONS PRE-CANCEREUSES DU COL DE L'UTERUS INTRANTS ET CONSOMMABLES DE LABORATOIRE UTILISES POUR LE DEPISTAGE DU HPV TESTS INTRANTS ET CONSOMMABLES DE LABORATOIRE UTILISES POUR LE DEPISTAGE DU HPV,17.03,INTRANTS ET CONSOMMABLES UTILISES EN ANATOMIE ET CYTOLOGIE PATHOLOGIQUE 1000),Kit de PAS (pour 100 tests),---,---,Kit,A,,False,66
Annexe 2 — Materiel Bio-Medical,Liste Principale,17,CONSOMMABLES UTILISES EN CANCEROLOGIE INTRANTS ET CONSOMMABLES UTILISES POUR LE DEPISTAGE (DETECTION) ET LE TRAITEMENT DES LESIONS PRE-CANCEREUSES DU COL DE L'UTERUS INTRANTS ET CONSOMMABLES UTILISES POUR LE DEPISTAGE (DETECTION) ET LE TRAITEMENT DES LESIONS PRE-CANCEREUSES DU COL DE L'UTERUS INTRANTS ET CONSOMMABLES DE LABORATOIRE UTILISES POUR LE DEPISTAGE DU HPV TESTS INTRANTS ET CONSOMMABLES DE LABORATOIRE UTILISES POUR LE DEPISTAGE DU HPV,17.03,INTRANTS ET CONSOMMABLES UTILISES EN ANATOMIE ET CYTOLOGIE PATHOLOGIQUE 1000),Kit de PERLS (pour 100 tests),---,---,Kit,A,,False,66
Annexe 2 — Materiel Bio-Medical,Liste Principale,17,CONSOMMABLES UTILISES EN CANCEROLOGIE INTRANTS ET CONSOMMABLES UTILISES POUR LE DEPISTAGE (DETECTION) ET LE TRAITEMENT DES LESIONS PRE-CANCEREUSES DU COL DE L'UTERUS INTRANTS ET CONSOMMABLES UTILISES POUR LE DEPISTAGE (DETECTION) ET LE TRAITEMENT DES LESIONS PRE-CANCEREUSES DU COL DE L'UTERUS INTRANTS ET CONSOMMABLES DE LABORATOIRE UTILISES POUR LE DEPISTAGE DU HPV TESTS INTRANTS ET CONSOMMABLES DE LABORATOIRE UTILISES POUR LE DEPISTAGE DU HPV,17.03,INTRANTS ET CONSOMMABLES UTILISES EN ANATOMIE ET CYTOLOGIE PATHOLOGIQUE 1000),Kit de trichrome (pour 100 tests),---,---,Kit,A,,False,66
Annexe 2 — Materiel Bio-Medical,Liste Principale,17,CONSOMMABLES UTILISES EN CANCEROLOGIE INTRANTS ET CONSOMMABLES UTILISES POUR LE DEPISTAGE (DETECTION) ET LE TRAITEMENT DES LESIONS PRE-CANCEREUSES DU COL DE L'UTERUS INTRANTS ET CONSOMMABLES UTILISES POUR LE DEPISTAGE (DETECTION) ET LE TRAITEMENT DES LESIONS PRE-CANCEREUSES DU COL DE L'UTERUS INTRANTS ET CONSOMMABLES DE LABORATOIRE UTILISES POUR LE DEPISTAGE DU HPV TESTS INTRANTS ET CONSOMMABLES DE LABORATOIRE UTILISES POUR LE DEPISTAGE DU HPV,17.03,INTRANTS ET CONSOMMABLES UTILISES EN ANATOMIE ET CYTOLOGIE PATHOLOGIQUE 1000),Kit GROCOTT (pour 100 tests),---,---,Kit,A,,False,66
Annexe 2 — Materiel Bio-Medical,Liste Principale,17,CONSOMMABLES UTILISES EN CANCEROLOGIE INTRANTS ET CONSOMMABLES UTILISES POUR LE DEPISTAGE (DETECTION) ET LE TRAITEMENT DES LESIONS PRE-CANCEREUSES DU COL DE L'UTERUS INTRANTS ET CONSOMMABLES UTILISES POUR LE DEPISTAGE (DETECTION) ET LE TRAITEMENT DES LESIONS PRE-CANCEREUSES DU COL DE L'UTERUS INTRANTS ET CONSOMMABLES DE LABORATOIRE UTILISES POUR LE DEPISTAGE DU HPV TESTS INTRANTS ET CONSOMMABLES DE LABORATOIRE UTILISES POUR LE DEPISTAGE DU HPV,17.03,INTRANTS ET CONSOMMABLES UTILISES EN ANATOMIE ET CYTOLOGIE PATHOLOGIQUE 1000),"KIT PACK, EBAR (LABELS BARCODE PRINTER)",---,---,Rouleau,A,,False,66
Annexe 2 — Materiel Bio-Medical,Liste Principale,17,CONSOMMABLES UTILISES EN CANCEROLOGIE INTRANTS ET CONSOMMABLES UTILISES POUR LE DEPISTAGE (DETECTION) ET LE TRAITEMENT DES LESIONS PRE-CANCEREUSES DU COL DE L'UTERUS INTRANTS ET CONSOMMABLES UTILISES POUR LE DEPISTAGE (DETECTION) ET LE TRAITEMENT DES LESIONS PRE-CANCEREUSES DU COL DE L'UTERUS INTRANTS ET CONSOMMABLES DE LABORATOIRE UTILISES POUR LE DEPISTAGE DU HPV TESTS INTRANTS ET CONSOMMABLES DE LABORATOIRE UTILISES POUR LE DEPISTAGE DU HPV,17.03,INTRANTS ET CONSOMMABLES UTILISES EN ANATOMIE ET CYTOLOGIE PATHOLOGIQUE 1000),Lame de bistouri (Paquet de 100),---,---,Lame,A,,False,66
Annexe 2 — Materiel Bio-Medical,Liste Principale,17,CONSOMMABLES UTILISES EN CANCEROLOGIE INTRANTS ET CONSOMMABLES UTILISES POUR LE DEPISTAGE (DETECTION) ET LE TRAITEMENT DES LESIONS PRE-CANCEREUSES DU COL DE L'UTERUS INTRANTS ET CONSOMMABLES UTILISES POUR LE DEPISTAGE (DETECTION) ET LE TRAITEMENT DES LESIONS PRE-CANCEREUSES DU COL DE L'UTERUS INTRANTS ET CONSOMMABLES DE LABORATOIRE UTILISES POUR LE DEPISTAGE DU HPV TESTS INTRANTS ET CONSOMMABLES DE LABORATOIRE UTILISES POUR LE DEPISTAGE DU HPV,17.03,INTRANTS ET CONSOMMABLES UTILISES EN ANATOMIE ET CYTOLOGIE PATHOLOGIQUE 1000),Lame de microtome (Boite de 50),---,---,Lame,A,,False,66
Annexe 2 — Materiel Bio-Medical,Liste Principale,17,CONSOMMABLES UTILISES EN CANCEROLOGIE INTRANTS ET CONSOMMABLES UTILISES POUR LE DEPISTAGE (DETECTION) ET LE TRAITEMENT DES LESIONS PRE-CANCEREUSES DU COL DE L'UTERUS INTRANTS ET CONSOMMABLES UTILISES POUR LE DEPISTAGE (DETECTION) ET LE TRAITEMENT DES LESIONS PRE-CANCEREUSES DU COL DE L'UTERUS INTRANTS ET CONSOMMABLES DE LABORATOIRE UTILISES POUR LE DEPISTAGE DU HPV TESTS INTRANTS ET CONSOMMABLES DE LABORATOIRE UTILISES POUR LE DEPISTAGE DU HPV,17.03,INTRANTS ET CONSOMMABLES UTILISES EN ANATOMIE ET CYTOLOGIE PATHOLOGIQUE 1000),Lame jetable pour couteau de macroscopie (paquet de 50 lames),---,---,Lame,A,,False,66
Annexe 2 — Materiel Bio-Medical,Liste Principale,17,CONSOMMABLES UTILISES EN CANCEROLOGIE INTRANTS ET CONSOMMABLES UTILISES POUR LE DEPISTAGE (DETECTION) ET LE TRAITEMENT DES LESIONS PRE-CANCEREUSES DU COL DE L'UTERUS INTRANTS ET CONSOMMABLES UTILISES POUR LE DEPISTAGE (DETECTION) ET LE TRAITEMENT DES LESIONS PRE-CANCEREUSES DU COL DE L'UTERUS INTRANTS ET CONSOMMABLES DE LABORATOIRE UTILISES POUR LE DEPISTAGE DU HPV TESTS INTRANTS ET CONSOMMABLES DE LABORATOIRE UTILISES POUR LE DEPISTAGE DU HPV,17.03,INTRANTS ET CONSOMMABLES UTILISES EN ANATOMIE ET CYTOLOGIE PATHOLOGIQUE 1000),LAME MICROSCOPE ADHESIVE SUPERFROST SLIDES/PLUS 25X75mm B/72,---,---,Lame,A,,False,66
Annexe 2 — Materiel Bio-Medical,Liste Principale,17,CONSOMMABLES UTILISES EN CANCEROLOGIE INTRANTS ET CONSOMMABLES UTILISES POUR LE DEPISTAGE (DETECTION) ET LE TRAITEMENT DES LESIONS PRE-CANCEREUSES DU COL DE L'UTERUS INTRANTS ET CONSOMMABLES UTILISES POUR LE DEPISTAGE (DETECTION) ET LE TRAITEMENT DES LESIONS PRE-CANCEREUSES DU COL DE L'UTERUS INTRANTS ET CONSOMMABLES DE LABORATOIRE UTILISES POUR LE DEPISTAGE DU HPV TESTS INTRANTS ET CONSOMMABLES DE LABORATOIRE UTILISES POUR LE DEPISTAGE DU HPV,17.03,INTRANTS ET CONSOMMABLES UTILISES EN ANATOMIE ET CYTOLOGIE PATHOLOGIQUE 1000),LAMELLE COUVRE OBJET 24X40mm B/100,---,---,Lamelle,A,,False,66
Annexe 2 — Materiel Bio-Medical,Liste Principale,17,CONSOMMABLES UTILISES EN CANCEROLOGIE INTRANTS ET CONSOMMABLES UTILISES POUR LE DEPISTAGE (DETECTION) ET LE TRAITEMENT DES LESIONS PRE-CANCEREUSES DU COL DE L'UTERUS INTRANTS ET CONSOMMABLES UTILISES POUR LE DEPISTAGE (DETECTION) ET LE TRAITEMENT DES LESIONS PRE-CANCEREUSES DU COL DE L'UTERUS INTRANTS ET CONSOMMABLES DE LABORATOIRE UTILISES POUR LE DEPISTAGE DU HPV TESTS INTRANTS ET CONSOMMABLES DE LABORATOIRE UTILISES POUR LE DEPISTAGE DU HPV,17.03,INTRANTS ET CONSOMMABLES UTILISES EN ANATOMIE ET CYTOLOGIE PATHOLOGIQUE 1000),Lamelles couvre-objet 24x50mm (Paquet de 100),---,---,Lamelle,A,,False,66
Annexe 2 — Materiel Bio-Medical,Liste Principale,17,CONSOMMABLES UTILISES EN CANCEROLOGIE INTRANTS ET CONSOMMABLES UTILISES POUR LE DEPISTAGE (DETECTION) ET LE TRAITEMENT DES LESIONS PRE-CANCEREUSES DU COL DE L'UTERUS INTRANTS ET CONSOMMABLES UTILISES POUR LE DEPISTAGE (DETECTION) ET LE TRAITEMENT DES LESIONS PRE-CANCEREUSES DU COL DE L'UTERUS INTRANTS ET CONSOMMABLES DE LABORATOIRE UTILISES POUR LE DEPISTAGE DU HPV TESTS INTRANTS ET CONSOMMABLES DE LABORATOIRE UTILISES POUR LE DEPISTAGE DU HPV,17.03,INTRANTS ET CONSOMMABLES UTILISES EN ANATOMIE ET CYTOLOGIE PATHOLOGIQUE 1000),Lames porte-objet a bord rode (Paquet de 50),---,---,Lame,A,,False,66
Annexe 2 — Materiel Bio-Medical,Liste Principale,17,CONSOMMABLES UTILISES EN CANCEROLOGIE INTRANTS ET CONSOMMABLES UTILISES POUR LE DEPISTAGE (DETECTION) ET LE TRAITEMENT DES LESIONS PRE-CANCEREUSES DU COL DE L'UTERUS INTRANTS ET CONSOMMABLES UTILISES POUR LE DEPISTAGE (DETECTION) ET LE TRAITEMENT DES LESIONS PRE-CANCEREUSES DU COL DE L'UTERUS INTRANTS ET CONSOMMABLES DE LABORATOIRE UTILISES POUR LE DEPISTAGE DU HPV TESTS INTRANTS ET CONSOMMABLES DE LABORATOIRE UTILISES POUR LE DEPISTAGE DU HPV,17.03,INTRANTS ET CONSOMMABLES UTILISES EN ANATOMIE ET CYTOLOGIE PATHOLOGIQUE 1000),LCS,---,---,Flacon,A,,False,66
Annexe 2 — Materiel Bio-Medical,Liste Principale,17,CONSOMMABLES UTILISES EN CANCEROLOGIE INTRANTS ET CONSOMMABLES UTILISES POUR LE DEPISTAGE (DETECTION) ET LE TRAITEMENT DES LESIONS PRE-CANCEREUSES DU COL DE L'UTERUS INTRANTS ET CONSOMMABLES UTILISES POUR LE DEPISTAGE (DETECTION) ET LE TRAITEMENT DES LESIONS PRE-CANCEREUSES DU COL DE L'UTERUS INTRANTS ET CONSOMMABLES DE LABORATOIRE UTILISES POUR LE DEPISTAGE DU HPV TESTS INTRANTS ET CONSOMMABLES DE LABORATOIRE UTILISES POUR LE DEPISTAGE DU HPV,17.03,INTRANTS ET CONSOMMABLES UTILISES EN ANATOMIE ET CYTOLOGIE PATHOLOGIQUE 1000),Manche de couteau pour macroscopie,---,---,Manche,A,,False,66
Annexe 2 — Materiel Bio-Medical,Liste Principale,17,CONSOMMABLES UTILISES EN CANCEROLOGIE INTRANTS ET CONSOMMABLES UTILISES POUR LE DEPISTAGE (DETECTION) ET LE TRAITEMENT DES LESIONS PRE-CANCEREUSES DU COL DE L'UTERUS INTRANTS ET CONSOMMABLES UTILISES POUR LE DEPISTAGE (DETECTION) ET LE TRAITEMENT DES LESIONS PRE-CANCEREUSES DU COL DE L'UTERUS INTRANTS ET CONSOMMABLES DE LABORATOIRE UTILISES POUR LE DEPISTAGE DU HPV TESTS INTRANTS ET CONSOMMABLES DE LABORATOIRE UTILISES POUR LE DEPISTAGE DU HPV,17.03,INTRANTS ET CONSOMMABLES UTILISES EN ANATOMIE ET CYTOLOGIE PATHOLOGIQUE,MAY-GRUNWALD (flacon de 1 litre),---,---,Flacon,A,,False,67
Annexe 2 — Materiel Bio-Medical,Liste Principale,17,CONSOMMABLES UTILISES EN CANCEROLOGIE INTRANTS ET CONSOMMABLES UTILISES POUR LE DEPISTAGE (DETECTION) ET LE TRAITEMENT DES LESIONS PRE-CANCEREUSES DU COL DE L'UTERUS INTRANTS ET CONSOMMABLES UTILISES POUR LE DEPISTAGE (DETECTION) ET LE TRAITEMENT DES LESIONS PRE-CANCEREUSES DU COL DE L'UTERUS INTRANTS ET CONSOMMABLES DE LABORATOIRE UTILISES POUR LE DEPISTAGE DU HPV TESTS INTRANTS ET CONSOMMABLES DE LABORATOIRE UTILISES POUR LE DEPISTAGE DU HPV,17.03,INTRANTS ET CONSOMMABLES UTILISES EN ANATOMIE ET CYTOLOGIE PATHOLOGIQUE,Moule en inox pour inclusion en paraffine pour biopsie,---,---,Moule,A,,False,67
Annexe 2 — Materiel Bio-Medical,Liste Principale,17,CONSOMMABLES UTILISES EN CANCEROLOGIE INTRANTS ET CONSOMMABLES UTILISES POUR LE DEPISTAGE (DETECTION) ET LE TRAITEMENT DES LESIONS PRE-CANCEREUSES DU COL DE L'UTERUS INTRANTS ET CONSOMMABLES UTILISES POUR LE DEPISTAGE (DETECTION) ET LE TRAITEMENT DES LESIONS PRE-CANCEREUSES DU COL DE L'UTERUS INTRANTS ET CONSOMMABLES DE LABORATOIRE UTILISES POUR LE DEPISTAGE DU HPV TESTS INTRANTS ET CONSOMMABLES DE LABORATOIRE UTILISES POUR LE DEPISTAGE DU HPV,17.03,INTRANTS ET CONSOMMABLES UTILISES EN ANATOMIE ET CYTOLOGIE PATHOLOGIQUE,Moule en inox pour inclusion en paraffine pour pièce opératoire,---,---,Moule,A,,False,67
Annexe 2 — Materiel Bio-Medical,Liste Principale,17,CONSOMMABLES UTILISES EN CANCEROLOGIE INTRANTS ET CONSOMMABLES UTILISES POUR LE DEPISTAGE (DETECTION) ET LE TRAITEMENT DES LESIONS PRE-CANCEREUSES DU COL DE L'UTERUS INTRANTS ET CONSOMMABLES UTILISES POUR LE DEPISTAGE (DETECTION) ET LE TRAITEMENT DES LESIONS PRE-CANCEREUSES DU COL DE L'UTERUS INTRANTS ET CONSOMMABLES DE LABORATOIRE UTILISES POUR LE DEPISTAGE DU HPV TESTS INTRANTS ET CONSOMMABLES DE LABORATOIRE UTILISES POUR LE DEPISTAGE DU HPV,17.03,INTRANTS ET CONSOMMABLES UTILISES EN ANATOMIE ET CYTOLOGIE PATHOLOGIQUE,Mousses de biopsie ultra fine (paquet de 1000),---,---,Mousse,A,,False,67
Annexe 2 — Materiel Bio-Medical,Liste Principale,17,CONSOMMABLES UTILISES EN CANCEROLOGIE INTRANTS ET CONSOMMABLES UTILISES POUR LE DEPISTAGE (DETECTION) ET LE TRAITEMENT DES LESIONS PRE-CANCEREUSES DU COL DE L'UTERUS INTRANTS ET CONSOMMABLES UTILISES POUR LE DEPISTAGE (DETECTION) ET LE TRAITEMENT DES LESIONS PRE-CANCEREUSES DU COL DE L'UTERUS INTRANTS ET CONSOMMABLES DE LABORATOIRE UTILISES POUR LE DEPISTAGE DU HPV TESTS INTRANTS ET CONSOMMABLES DE LABORATOIRE UTILISES POUR LE DEPISTAGE DU HPV,17.03,INTRANTS ET CONSOMMABLES UTILISES EN ANATOMIE ET CYTOLOGIE PATHOLOGIQUE,OPTIVIEW AMPLICATION KIT,---,---,Flacon,A,,False,67
Annexe 2 — Materiel Bio-Medical,Liste Principale,17,CONSOMMABLES UTILISES EN CANCEROLOGIE INTRANTS ET CONSOMMABLES UTILISES POUR LE DEPISTAGE (DETECTION) ET LE TRAITEMENT DES LESIONS PRE-CANCEREUSES DU COL DE L'UTERUS INTRANTS ET CONSOMMABLES UTILISES POUR LE DEPISTAGE (DETECTION) ET LE TRAITEMENT DES LESIONS PRE-CANCEREUSES DU COL DE L'UTERUS INTRANTS ET CONSOMMABLES DE LABORATOIRE UTILISES POUR LE DEPISTAGE DU HPV TESTS INTRANTS ET CONSOMMABLES DE LABORATOIRE UTILISES POUR LE DEPISTAGE DU HPV,17.03,INTRANTS ET CONSOMMABLES UTILISES EN ANATOMIE ET CYTOLOGIE PATHOLOGIQUE,OPTIVIEW DAB DETECTION KIT,---,---,Flacon,A,,False,67
Annexe 2 — Materiel Bio-Medical,Liste Principale,17,CONSOMMABLES UTILISES EN CANCEROLOGIE INTRANTS ET CONSOMMABLES UTILISES POUR LE DEPISTAGE (DETECTION) ET LE TRAITEMENT DES LESIONS PRE-CANCEREUSES DU COL DE L'UTERUS INTRANTS ET CONSOMMABLES UTILISES POUR LE DEPISTAGE (DETECTION) ET LE TRAITEMENT DES LESIONS PRE-CANCEREUSES DU COL DE L'UTERUS INTRANTS ET CONSOMMABLES DE LABORATOIRE UTILISES POUR LE DEPISTAGE DU HPV TESTS INTRANTS ET CONSOMMABLES DE LABORATOIRE UTILISES POUR LE DEPISTAGE DU HPV,17.03,INTRANTS ET CONSOMMABLES UTILISES EN ANATOMIE ET CYTOLOGIE PATHOLOGIQUE,Panier de coloration,---,---,Panier,A,,False,67
Annexe 2 — Materiel Bio-Medical,Liste Principale,17,CONSOMMABLES UTILISES EN CANCEROLOGIE INTRANTS ET CONSOMMABLES UTILISES POUR LE DEPISTAGE (DETECTION) ET LE TRAITEMENT DES LESIONS PRE-CANCEREUSES DU COL DE L'UTERUS INTRANTS ET CONSOMMABLES UTILISES POUR LE DEPISTAGE (DETECTION) ET LE TRAITEMENT DES LESIONS PRE-CANCEREUSES DU COL DE L'UTERUS INTRANTS ET CONSOMMABLES DE LABORATOIRE UTILISES POUR LE DEPISTAGE DU HPV TESTS INTRANTS ET CONSOMMABLES DE LABORATOIRE UTILISES POUR LE DEPISTAGE DU HPV,17.03,INTRANTS ET CONSOMMABLES UTILISES EN ANATOMIE ET CYTOLOGIE PATHOLOGIQUE,Papier filtre,---,---,Papier,A,,False,67
Annexe 2 — Materiel Bio-Medical,Liste Principale,17,CONSOMMABLES UTILISES EN CANCEROLOGIE INTRANTS ET CONSOMMABLES UTILISES POUR LE DEPISTAGE (DETECTION) ET LE TRAITEMENT DES LESIONS PRE-CANCEREUSES DU COL DE L'UTERUS INTRANTS ET CONSOMMABLES UTILISES POUR LE DEPISTAGE (DETECTION) ET LE TRAITEMENT DES LESIONS PRE-CANCEREUSES DU COL DE L'UTERUS INTRANTS ET CONSOMMABLES DE LABORATOIRE UTILISES POUR LE DEPISTAGE DU HPV TESTS INTRANTS ET CONSOMMABLES DE LABORATOIRE UTILISES POUR LE DEPISTAGE DU HPV,17.03,INTRANTS ET CONSOMMABLES UTILISES EN ANATOMIE ET CYTOLOGIE PATHOLOGIQUE,Paraffine histologie (Sac de 5Kg),---,---,Sac,A,,False,67
Annexe 2 — Materiel Bio-Medical,Liste Principale,17,CONSOMMABLES UTILISES EN CANCEROLOGIE INTRANTS ET CONSOMMABLES UTILISES POUR LE DEPISTAGE (DETECTION) ET LE TRAITEMENT DES LESIONS PRE-CANCEREUSES DU COL DE L'UTERUS INTRANTS ET CONSOMMABLES UTILISES POUR LE DEPISTAGE (DETECTION) ET LE TRAITEMENT DES LESIONS PRE-CANCEREUSES DU COL DE L'UTERUS INTRANTS ET CONSOMMABLES DE LABORATOIRE UTILISES POUR LE DEPISTAGE DU HPV TESTS INTRANTS ET CONSOMMABLES DE LABORATOIRE UTILISES POUR LE DEPISTAGE DU HPV,17.03,INTRANTS ET CONSOMMABLES UTILISES EN ANATOMIE ET CYTOLOGIE PATHOLOGIQUE,PD-L1 (SP142) IHC ASSAY-US EXPORT KIT 50 TESTS,---,---,Kit,A,,False,67
Annexe 2 — Materiel Bio-Medical,Liste Principale,17,CONSOMMABLES UTILISES EN CANCEROLOGIE INTRANTS ET CONSOMMABLES UTILISES POUR LE DEPISTAGE (DETECTION) ET LE TRAITEMENT DES LESIONS PRE-CANCEREUSES DU COL DE L'UTERUS INTRANTS ET CONSOMMABLES UTILISES POUR LE DEPISTAGE (DETECTION) ET LE TRAITEMENT DES LESIONS PRE-CANCEREUSES DU COL DE L'UTERUS INTRANTS ET CONSOMMABLES DE LABORATOIRE UTILISES POUR LE DEPISTAGE DU HPV TESTS INTRANTS ET CONSOMMABLES DE LABORATOIRE UTILISES POUR LE DEPISTAGE DU HPV,17.03,INTRANTS ET CONSOMMABLES UTILISES EN ANATOMIE ET CYTOLOGIE PATHOLOGIQUE,Plots de Cytocentrifugeuse (tube),---,---,Tube,A,,False,67
Annexe 2 — Materiel Bio-Medical,Liste Principale,17,CONSOMMABLES UTILISES EN CANCEROLOGIE INTRANTS ET CONSOMMABLES UTILISES POUR LE DEPISTAGE (DETECTION) ET LE TRAITEMENT DES LESIONS PRE-CANCEREUSES DU COL DE L'UTERUS INTRANTS ET CONSOMMABLES UTILISES POUR LE DEPISTAGE (DETECTION) ET LE TRAITEMENT DES LESIONS PRE-CANCEREUSES DU COL DE L'UTERUS INTRANTS ET CONSOMMABLES DE LABORATOIRE UTILISES POUR LE DEPISTAGE DU HPV TESTS INTRANTS ET CONSOMMABLES DE LABORATOIRE UTILISES POUR LE DEPISTAGE DU HPV,17.03,INTRANTS ET CONSOMMABLES UTILISES EN ANATOMIE ET CYTOLOGIE PATHOLOGIQUE,RABBIT MONOCLONAL NEGATIVE CONTROL,---,---,Flacon,A,,False,67
Annexe 2 — Materiel Bio-Medical,Liste Principale,17,CONSOMMABLES UTILISES EN CANCEROLOGIE INTRANTS ET CONSOMMABLES UTILISES POUR LE DEPISTAGE (DETECTION) ET LE TRAITEMENT DES LESIONS PRE-CANCEREUSES DU COL DE L'UTERUS INTRANTS ET CONSOMMABLES UTILISES POUR LE DEPISTAGE (DETECTION) ET LE TRAITEMENT DES LESIONS PRE-CANCEREUSES DU COL DE L'UTERUS INTRANTS ET CONSOMMABLES DE LABORATOIRE UTILISES POUR LE DEPISTAGE DU HPV TESTS INTRANTS ET CONSOMMABLES DE LABORATOIRE UTILISES POUR LE DEPISTAGE DU HPV,17.03,INTRANTS ET CONSOMMABLES UTILISES EN ANATOMIE ET CYTOLOGIE PATHOLOGIQUE,REACTION BUFFER CONCENTRATE (10X),---,---,Flacon,A,,False,67
Annexe 2 — Materiel Bio-Medical,Liste Principale,17,CONSOMMABLES UTILISES EN CANCEROLOGIE INTRANTS ET CONSOMMABLES UTILISES POUR LE DEPISTAGE (DETECTION) ET LE TRAITEMENT DES LESIONS PRE-CANCEREUSES DU COL DE L'UTERUS INTRANTS ET CONSOMMABLES UTILISES POUR LE DEPISTAGE (DETECTION) ET LE TRAITEMENT DES LESIONS PRE-CANCEREUSES DU COL DE L'UTERUS INTRANTS ET CONSOMMABLES DE LABORATOIRE UTILISES POUR LE DEPISTAGE DU HPV TESTS INTRANTS ET CONSOMMABLES DE LABORATOIRE UTILISES POUR LE DEPISTAGE DU HPV,17.03,INTRANTS ET CONSOMMABLES UTILISES EN ANATOMIE ET CYTOLOGIE PATHOLOGIQUE,RIBBON EBAR PRINTER 0 2,---,---,Rouleau,A,,False,67
Annexe 2 — Materiel Bio-Medical,Liste Principale,17,CONSOMMABLES UTILISES EN CANCEROLOGIE INTRANTS ET CONSOMMABLES UTILISES POUR LE DEPISTAGE (DETECTION) ET LE TRAITEMENT DES LESIONS PRE-CANCEREUSES DU COL DE L'UTERUS INTRANTS ET CONSOMMABLES UTILISES POUR LE DEPISTAGE (DETECTION) ET LE TRAITEMENT DES LESIONS PRE-CANCEREUSES DU COL DE L'UTERUS INTRANTS ET CONSOMMABLES DE LABORATOIRE UTILISES POUR LE DEPISTAGE DU HPV TESTS INTRANTS ET CONSOMMABLES DE LABORATOIRE UTILISES POUR LE DEPISTAGE DU HPV,17.03,INTRANTS ET CONSOMMABLES UTILISES EN ANATOMIE ET CYTOLOGIE PATHOLOGIQUE,SERINGUE 10 CC,---,---,Seringue,A,,False,67
Annexe 2 — Materiel Bio-Medical,Liste Principale,17,CONSOMMABLES UTILISES EN CANCEROLOGIE INTRANTS ET CONSOMMABLES UTILISES POUR LE DEPISTAGE (DETECTION) ET LE TRAITEMENT DES LESIONS PRE-CANCEREUSES DU COL DE L'UTERUS INTRANTS ET CONSOMMABLES UTILISES POUR LE DEPISTAGE (DETECTION) ET LE TRAITEMENT DES LESIONS PRE-CANCEREUSES DU COL DE L'UTERUS INTRANTS ET CONSOMMABLES DE LABORATOIRE UTILISES POUR LE DEPISTAGE DU HPV TESTS INTRANTS ET CONSOMMABLES DE LABORATOIRE UTILISES POUR LE DEPISTAGE DU HPV,17.03,INTRANTS ET CONSOMMABLES UTILISES EN ANATOMIE ET CYTOLOGIE PATHOLOGIQUE,Solution de montage EUKITT 500ml,---,---,Flacon,A,,False,67
Annexe 2 — Materiel Bio-Medical,Liste Principale,17,CONSOMMABLES UTILISES EN CANCEROLOGIE INTRANTS ET CONSOMMABLES UTILISES POUR LE DEPISTAGE (DETECTION) ET LE TRAITEMENT DES LESIONS PRE-CANCEREUSES DU COL DE L'UTERUS INTRANTS ET CONSOMMABLES UTILISES POUR LE DEPISTAGE (DETECTION) ET LE TRAITEMENT DES LESIONS PRE-CANCEREUSES DU COL DE L'UTERUS INTRANTS ET CONSOMMABLES DE LABORATOIRE UTILISES POUR LE DEPISTAGE DU HPV TESTS INTRANTS ET CONSOMMABLES DE LABORATOIRE UTILISES POUR LE DEPISTAGE DU HPV,17.03,INTRANTS ET CONSOMMABLES UTILISES EN ANATOMIE ET CYTOLOGIE PATHOLOGIQUE,Spatule d'AYRES,---,---,Spatule,A,,False,67
Annexe 2 — Materiel Bio-Medical,Liste Principale,17,CONSOMMABLES UTILISES EN CANCEROLOGIE INTRANTS ET CONSOMMABLES UTILISES POUR LE DEPISTAGE (DETECTION) ET LE TRAITEMENT DES LESIONS PRE-CANCEREUSES DU COL DE L'UTERUS INTRANTS ET CONSOMMABLES UTILISES POUR LE DEPISTAGE (DETECTION) ET LE TRAITEMENT DES LESIONS PRE-CANCEREUSES DU COL DE L'UTERUS INTRANTS ET CONSOMMABLES DE LABORATOIRE UTILISES POUR LE DEPISTAGE DU HPV TESTS INTRANTS ET CONSOMMABLES DE LABORATOIRE UTILISES POUR LE DEPISTAGE DU HPV,17.03,INTRANTS ET CONSOMMABLES UTILISES EN ANATOMIE ET CYTOLOGIE PATHOLOGIQUE,Speculum,---,---,Spéculum,A,,False,67
Annexe 2 — Materiel Bio-Medical,Liste Principale,17,CONSOMMABLES UTILISES EN CANCEROLOGIE INTRANTS ET CONSOMMABLES UTILISES POUR LE DEPISTAGE (DETECTION) ET LE TRAITEMENT DES LESIONS PRE-CANCEREUSES DU COL DE L'UTERUS INTRANTS ET CONSOMMABLES UTILISES POUR LE DEPISTAGE (DETECTION) ET LE TRAITEMENT DES LESIONS PRE-CANCEREUSES DU COL DE L'UTERUS INTRANTS ET CONSOMMABLES DE LABORATOIRE UTILISES POUR LE DEPISTAGE DU HPV TESTS INTRANTS ET CONSOMMABLES DE LABORATOIRE UTILISES POUR LE DEPISTAGE DU HPV,17.03,INTRANTS ET CONSOMMABLES UTILISES EN ANATOMIE ET CYTOLOGIE PATHOLOGIQUE,"Toluène (bidon 2,5 litres)",---,---,Bidon,A,,False,67
Annexe 2 — Materiel Bio-Medical,Liste Principale,17,CONSOMMABLES UTILISES EN CANCEROLOGIE INTRANTS ET CONSOMMABLES UTILISES POUR LE DEPISTAGE (DETECTION) ET LE TRAITEMENT DES LESIONS PRE-CANCEREUSES DU COL DE L'UTERUS INTRANTS ET CONSOMMABLES UTILISES POUR LE DEPISTAGE (DETECTION) ET LE TRAITEMENT DES LESIONS PRE-CANCEREUSES DU COL DE L'UTERUS INTRANTS ET CONSOMMABLES DE LABORATOIRE UTILISES POUR LE DEPISTAGE DU HPV TESTS INTRANTS ET CONSOMMABLES DE LABORATOIRE UTILISES POUR LE DEPISTAGE DU HPV,17.03,INTRANTS ET CONSOMMABLES UTILISES EN ANATOMIE ET CYTOLOGIE PATHOLOGIQUE,ULTRAVIEW UNIVERSAL DAB DETECTION KIT,---,---,Flacon,A,,False,67
Annexe 2 — Materiel Bio-Medical,Liste Principale,17,CONSOMMABLES UTILISES EN CANCEROLOGIE INTRANTS ET CONSOMMABLES UTILISES POUR LE DEPISTAGE (DETECTION) ET LE TRAITEMENT DES LESIONS PRE-CANCEREUSES DU COL DE L'UTERUS INTRANTS ET CONSOMMABLES UTILISES POUR LE DEPISTAGE (DETECTION) ET LE TRAITEMENT DES LESIONS PRE-CANCEREUSES DU COL DE L'UTERUS INTRANTS ET CONSOMMABLES DE LABORATOIRE UTILISES POUR LE DEPISTAGE DU HPV TESTS INTRANTS ET CONSOMMABLES DE LABORATOIRE UTILISES POUR LE DEPISTAGE DU HPV,17.03,INTRANTS ET CONSOMMABLES UTILISES EN ANATOMIE ET CYTOLOGIE PATHOLOGIQUE,VENTANA ANTI-HER2/NEU (4B5) RABBIT,---,---,Kit,A,,False,67
Annexe 2 — Materiel Bio-Medical,Liste Complementaire,01,CONSOMMABLES ET REACTIFS DE LABORATOIRE,01.01,CONSOMMABLES DE LABORATOIRE,Agitateur de Kline,---,---,Unité,AB,,False,67
Annexe 2 — Materiel Bio-Medical,Liste Complementaire,01,CONSOMMABLES ET REACTIFS DE LABORATOIRE,01.01,CONSOMMABLES DE LABORATOIRE,Anse de platine,---,---,Unité,AB,,False,67
Annexe 2 — Materiel Bio-Medical,Liste Complementaire,01,CONSOMMABLES ET REACTIFS DE LABORATOIRE,01.01,CONSOMMABLES DE LABORATOIRE,API NH kit de revelation,---,---,Unité,A,,False,67
Annexe 2 — Materiel Bio-Medical,Liste Complementaire,01,CONSOMMABLES ET REACTIFS DE LABORATOIRE,01.01,CONSOMMABLES DE LABORATOIRE,Bacs en verre,---,---,Unité,ABC,,False,67
Annexe 2 — Materiel Bio-Medical,Liste Complementaire,01,CONSOMMABLES ET REACTIFS DE LABORATOIRE,01.01,CONSOMMABLES DE LABORATOIRE,Bactopick stérile,---,---,Unité,ABC,,False,67
Annexe 2 — Materiel Bio-Medical,Liste Complementaire,01,CONSOMMABLES ET REACTIFS DE LABORATOIRE,01.01,CONSOMMABLES DE LABORATOIRE,Ballon fond plat 100ml,---,---,Unité,AB,,False,67
Annexe 2 — Materiel Bio-Medical,Liste Complementaire,01,CONSOMMABLES ET REACTIFS DE LABORATOIRE,01.01,CONSOMMABLES DE LABORATOIRE,Bavettes à usage unique en boîte,---,---,Unité,ABCD,,False,67
Annexe 2 — Materiel Bio-Medical,Liste Complementaire,01,CONSOMMABLES ET REACTIFS DE LABORATOIRE,01.01,CONSOMMABLES DE LABORATOIRE,Batch hemoculture,---,---,Unité,A,,False,67
Annexe 2 — Materiel Bio-Medical,Liste Complementaire,01,CONSOMMABLES ET REACTIFS DE LABORATOIRE,01.01,CONSOMMABLES DE LABORATOIRE,Bec Bunsen plus veilleuse,---,---,Unité,ABC,,False,67
Annexe 2 — Materiel Bio-Medical,Liste Complementaire,01,CONSOMMABLES ET REACTIFS DE LABORATOIRE,01.01,CONSOMMABLES DE LABORATOIRE,Bec macker,---,---,Unité,ABC,,False,67
Annexe 2 — Materiel Bio-Medical,Liste Complementaire,01,CONSOMMABLES ET REACTIFS DE LABORATOIRE,01.01,CONSOMMABLES DE LABORATOIRE,Bocal en verre gradué 2 L,---,---,Unité,AB,,False,67
Annexe 2 — Materiel Bio-Medical,Liste Complementaire,01,CONSOMMABLES ET REACTIFS DE LABORATOIRE,01.01,CONSOMMABLES DE LABORATOIRE,Boîte de Pétri stérile 60 mm,---,---,Unité,A,,False,67
Annexe 2 — Materiel Bio-Medical,Liste Complementaire,01,CONSOMMABLES ET REACTIFS DE LABORATOIRE,01.01,CONSOMMABLES DE LABORATOIRE,Boîte de rangement pour lames porte objet,---,---,Unité,ABC,,False,67
Annexe 2 — Materiel Bio-Medical,Liste Complementaire,01,CONSOMMABLES ET REACTIFS DE LABORATOIRE,01.01,CONSOMMABLES DE LABORATOIRE,Boîte métallique pour chambre humide,---,---,Unité,ABC,,False,67
Annexe 2 — Materiel Bio-Medical,Liste Complementaire,01,CONSOMMABLES ET REACTIFS DE LABORATOIRE,01.01,CONSOMMABLES DE LABORATOIRE,Cassettes d'inclusion,---,---,Unité,ABC,,False,67
Annexe 2 — Materiel Bio-Medical,Liste Complementaire,01,CONSOMMABLES ET REACTIFS DE LABORATOIRE,01.01,CONSOMMABLES DE LABORATOIRE,Cellules de Nageotte,---,---,Unité,ABC,,False,67
Annexe 2 — Materiel Bio-Medical,Liste Complementaire,01,CONSOMMABLES ET REACTIFS DE LABORATOIRE,01.01,CONSOMMABLES DE LABORATOIRE,Compteur électronique,---,---,Unité,ABC,,False,67
Annexe 2 — Materiel Bio-Medical,Liste Complementaire,01,CONSOMMABLES ET REACTIFS DE LABORATOIRE,01.01,CONSOMMABLES DE LABORATOIRE,Compteur manuel,---,---,Unité,ABC,,False,67
Annexe 2 — Materiel Bio-Medical,Liste Complementaire,01,CONSOMMABLES ET REACTIFS DE LABORATOIRE,01.01,CONSOMMABLES DE LABORATOIRE,Cristallisoir 3 litres,---,---,Unité,ABC,,False,67
Annexe 2 — Materiel Bio-Medical,Liste Complementaire,01,CONSOMMABLES ET REACTIFS DE LABORATOIRE,01.01,CONSOMMABLES DE LABORATOIRE,Cristallisoir 5 litres,---,---,Unité,ABC,,False,67
Annexe 2 — Materiel Bio-Medical,Liste Complementaire,01,CONSOMMABLES ET REACTIFS DE LABORATOIRE,01.01,CONSOMMABLES DE LABORATOIRE,Cryomarqueur pointe fine,---,---,Unité,ABC,,False,67
Annexe 2 — Materiel Bio-Medical,Liste Complementaire,01,CONSOMMABLES ET REACTIFS DE LABORATOIRE,01.01,CONSOMMABLES DE LABORATOIRE,Cuves à spectrophotomètre,---,---,Unité,AB,,False,67
Annexe 2 — Materiel Bio-Medical,Liste Complementaire,01,CONSOMMABLES ET REACTIFS DE LABORATOIRE,01.01,CONSOMMABLES DE LABORATOIRE,Ecouvillon stérile,---,---,Unité,ABCD,,False,67
Annexe 2 — Materiel Bio-Medical,Liste Complementaire,01,CONSOMMABLES ET REACTIFS DE LABORATOIRE,01.01,CONSOMMABLES DE LABORATOIRE,Ecouvillon stérile tige plastique embout dacron,---,---,Unité,AB,,False,67
Annexe 2 — Materiel Bio-Medical,Liste Complementaire,01,CONSOMMABLES ET REACTIFS DE LABORATOIRE,01.01,CONSOMMABLES DE LABORATOIRE,Ecouvillon en coton stérile tige plastique ou bois,---,---,Unité,AB,,False,67
Annexe 2 — Materiel Bio-Medical,Liste Complementaire,01,CONSOMMABLES ET REACTIFS DE LABORATOIRE,01.01,CONSOMMABLES DE LABORATOIRE,Ecouvillon tige métallique,---,---,Unité,AB,,False,67
Annexe 2 — Materiel Bio-Medical,Liste Complementaire,01,CONSOMMABLES ET REACTIFS DE LABORATOIRE,01.01,CONSOMMABLES DE LABORATOIRE,Embouts à filtre pour P100,---,---,Unité,A,,False,67
Annexe 2 — Materiel Bio-Medical,Liste Complementaire,01,CONSOMMABLES ET REACTIFS DE LABORATOIRE,01.01,CONSOMMABLES DE LABORATOIRE,Embouts à filtre pour P1000,---,---,Unité,A,,False,67
Annexe 2 — Materiel Bio-Medical,Liste Complementaire,01,CONSOMMABLES ET REACTIFS DE LABORATOIRE,01.01,CONSOMMABLES DE LABORATOIRE,Embouts à filtre pour P20,---,---,Unité,A,,False,68
Annexe 2 — Materiel Bio-Medical,Liste Complementaire,01,CONSOMMABLES ET REACTIFS DE LABORATOIRE,01.01,CONSOMMABLES DE LABORATOIRE,Entonnoir muni de robinet,---,---,Unité,ABC,,False,68
Annexe 2 — Materiel Bio-Medical,Liste Complementaire,01,CONSOMMABLES ET REACTIFS DE LABORATOIRE,01.01,CONSOMMABLES DE LABORATOIRE,fauteuil de prélèvement,---,---,Unité,A,,False,68
Annexe 2 — Materiel Bio-Medical,Liste Complementaire,01,CONSOMMABLES ET REACTIFS DE LABORATOIRE,01.01,CONSOMMABLES DE LABORATOIRE,Feutres Dako,---,---,Unité,AB,,False,68
Annexe 2 — Materiel Bio-Medical,Liste Complementaire,01,CONSOMMABLES ET REACTIFS DE LABORATOIRE,01.01,CONSOMMABLES DE LABORATOIRE,"Fil de platine en nickel chrome 0,5 diamètre",---,---,Unité,AB,,False,68
Annexe 2 — Materiel Bio-Medical,Liste Complementaire,01,CONSOMMABLES ET REACTIFS DE LABORATOIRE,01.01,CONSOMMABLES DE LABORATOIRE,Flacon culture stérile 125 ml,---,---,Unité,A,,False,68
Annexe 2 — Materiel Bio-Medical,Liste Complementaire,01,CONSOMMABLES ET REACTIFS DE LABORATOIRE,01.01,CONSOMMABLES DE LABORATOIRE,Flacon culture stérile 250 ml,---,---,Unité,A,,False,68
Annexe 2 — Materiel Bio-Medical,Liste Complementaire,01,CONSOMMABLES ET REACTIFS DE LABORATOIRE,01.01,CONSOMMABLES DE LABORATOIRE,Flacon culture stérile 500 ml,---,---,Unité,A,,False,68
Annexe 2 — Materiel Bio-Medical,Liste Complementaire,01,CONSOMMABLES ET REACTIFS DE LABORATOIRE,01.01,CONSOMMABLES DE LABORATOIRE,Flacon en plastique 125 ml,---,---,Unité,ABC,,False,68
Annexe 2 — Materiel Bio-Medical,Liste Complementaire,01,CONSOMMABLES ET REACTIFS DE LABORATOIRE,01.01,CONSOMMABLES DE LABORATOIRE,Flacon en plastique opaque 250 ml,---,---,Unité,ABC,,False,68
Annexe 2 — Materiel Bio-Medical,Liste Complementaire,01,CONSOMMABLES ET REACTIFS DE LABORATOIRE,01.01,CONSOMMABLES DE LABORATOIRE,Flacon en plastique opaque 500 ml,---,---,Unité,ABC,,False,68
Annexe 2 — Materiel Bio-Medical,Liste Complementaire,01,CONSOMMABLES ET REACTIFS DE LABORATOIRE,01.01,CONSOMMABLES DE LABORATOIRE,Flacon en verre 125 ml,---,---,Unité,ABC,,False,68
Annexe 2 — Materiel Bio-Medical,Liste Complementaire,01,CONSOMMABLES ET REACTIFS DE LABORATOIRE,01.01,CONSOMMABLES DE LABORATOIRE,Flacon en verre 15 ml,---,---,Unité,ABC,,False,68
Annexe 2 — Materiel Bio-Medical,Liste Complementaire,01,CONSOMMABLES ET REACTIFS DE LABORATOIRE,01.01,CONSOMMABLES DE LABORATOIRE,Flacon en verre 30 ml,---,---,Unité,ABC,,False,68
Annexe 2 — Materiel Bio-Medical,Liste Complementaire,01,CONSOMMABLES ET REACTIFS DE LABORATOIRE,01.01,CONSOMMABLES DE LABORATOIRE,Goupillon pour tubes à essais,---,---,Unité,ABC,,False,68
Annexe 2 — Materiel Bio-Medical,Liste Complementaire,01,CONSOMMABLES ET REACTIFS DE LABORATOIRE,01.01,CONSOMMABLES DE LABORATOIRE,Goupillon pour tubes à vis,---,---,Unité,ABC,,False,68
Annexe 2 — Materiel Bio-Medical,Liste Complementaire,01,CONSOMMABLES ET REACTIFS DE LABORATOIRE,01.01,CONSOMMABLES DE LABORATOIRE,Graveurs de lames (pointe diamant),---,---,Unité,ABC,,False,68
Annexe 2 — Materiel Bio-Medical,Liste Complementaire,01,CONSOMMABLES ET REACTIFS DE LABORATOIRE,01.01,CONSOMMABLES DE LABORATOIRE,Lame de Mc MASTER,---,---,Unité,A,,False,68
Annexe 2 — Materiel Bio-Medical,Liste Complementaire,01,CONSOMMABLES ET REACTIFS DE LABORATOIRE,01.01,CONSOMMABLES DE LABORATOIRE,Lame porte objet,---,---,Unité,ABC,,False,68
Annexe 2 — Materiel Bio-Medical,Liste Complementaire,01,CONSOMMABLES ET REACTIFS DE LABORATOIRE,01.01,CONSOMMABLES DE LABORATOIRE,Lamelle couvre objet 20/20,---,---,Unité,ABCD,,False,68
Annexe 2 — Materiel Bio-Medical,Liste Complementaire,01,CONSOMMABLES ET REACTIFS DE LABORATOIRE,01.01,CONSOMMABLES DE LABORATOIRE,Lamelle couvre-objet 22x22 - - boîte de 100,---,---,Unité,ABC,,False,68
Annexe 2 — Materiel Bio-Medical,Liste Complementaire,01,CONSOMMABLES ET REACTIFS DE LABORATOIRE,01.01,CONSOMMABLES DE LABORATOIRE,Lamelle couvre-objet 32x22 - - boîte de 100,---,---,Unité,ABC,,False,68
Annexe 2 — Materiel Bio-Medical,Liste Complementaire,01,CONSOMMABLES ET REACTIFS DE LABORATOIRE,01.01,CONSOMMABLES DE LABORATOIRE,Lamelle couvre-objet (40x24 mm),---,---,Unité,ABC,,False,68
Annexe 2 — Materiel Bio-Medical,Liste Complementaire,01,CONSOMMABLES ET REACTIFS DE LABORATOIRE,01.01,CONSOMMABLES DE LABORATOIRE,Lamelle couvre-objet (50x24 mm),---,---,Unité,ABC,,False,68
Annexe 2 — Materiel Bio-Medical,Liste Complementaire,01,CONSOMMABLES ET REACTIFS DE LABORATOIRE,01.01,CONSOMMABLES DE LABORATOIRE,lames de microtome à usage unique S35 fsh,---,---,Unité,A,,False,68
Annexe 2 — Materiel Bio-Medical,Liste Complementaire,01,CONSOMMABLES ET REACTIFS DE LABORATOIRE,01.01,CONSOMMABLES DE LABORATOIRE,Lames rondes,---,---,Unité,A,,False,68
Annexe 2 — Materiel Bio-Medical,Liste Complementaire,01,CONSOMMABLES ET REACTIFS DE LABORATOIRE,01.01,CONSOMMABLES DE LABORATOIRE,Lunettes de protection,---,---,Unité,ABC,,False,68
Annexe 2 — Materiel Bio-Medical,Liste Complementaire,01,CONSOMMABLES ET REACTIFS DE LABORATOIRE,01.01,CONSOMMABLES DE LABORATOIRE,Masques de protection,---,---,Unité,ABC,,False,68
Annexe 2 — Materiel Bio-Medical,Liste Complementaire,01,CONSOMMABLES ET REACTIFS DE LABORATOIRE,01.01,CONSOMMABLES DE LABORATOIRE,"Microtubes avec bouchons de 0,2 ml",---,---,Unité,A,,False,68
Annexe 2 — Materiel Bio-Medical,Liste Complementaire,01,CONSOMMABLES ET REACTIFS DE LABORATOIRE,01.01,CONSOMMABLES DE LABORATOIRE,Milieu bouillon nutritif,---,---,Unité,AB,,False,68
Annexe 2 — Materiel Bio-Medical,Liste Complementaire,01,CONSOMMABLES ET REACTIFS DE LABORATOIRE,01.01,CONSOMMABLES DE LABORATOIRE,Milieu casitone,---,---,Unité,AB,,False,68
Annexe 2 — Materiel Bio-Medical,Liste Complementaire,01,CONSOMMABLES ET REACTIFS DE LABORATOIRE,01.01,CONSOMMABLES DE LABORATOIRE,Milieu de Sabouraud +Chloramphenicol,---,---,Unité,AB,,False,68
Annexe 2 — Materiel Bio-Medical,Liste Complementaire,01,CONSOMMABLES ET REACTIFS DE LABORATOIRE,01.01,CONSOMMABLES DE LABORATOIRE,Milieu gélose nutritive,---,---,Unité,AB,,False,68
Annexe 2 — Materiel Bio-Medical,Liste Complementaire,01,CONSOMMABLES ET REACTIFS DE LABORATOIRE,01.01,CONSOMMABLES DE LABORATOIRE,Milieu Gono base,---,---,Unité,AB,,False,68
Annexe 2 — Materiel Bio-Medical,Liste Complementaire,01,CONSOMMABLES ET REACTIFS DE LABORATOIRE,01.01,CONSOMMABLES DE LABORATOIRE,Milieu Kigler,---,---,Unité,AB,,False,68
Annexe 2 — Materiel Bio-Medical,Liste Complementaire,01,CONSOMMABLES ET REACTIFS DE LABORATOIRE,01.01,CONSOMMABLES DE LABORATOIRE,Milieu semi-synthétique,---,---,Unité,AB,,False,68
Annexe 2 — Materiel Bio-Medical,Liste Complementaire,01,CONSOMMABLES ET REACTIFS DE LABORATOIRE,01.01,CONSOMMABLES DE LABORATOIRE,Milieu thioglycolate,---,---,Unité,AB,,False,68
Annexe 2 — Materiel Bio-Medical,Liste Complementaire,01,CONSOMMABLES ET REACTIFS DE LABORATOIRE,01.01,CONSOMMABLES DE LABORATOIRE,Mini-bac plastiques,---,---,Unité,AB,,False,68
Annexe 2 — Materiel Bio-Medical,Liste Complementaire,01,CONSOMMABLES ET REACTIFS DE LABORATOIRE,01.01,CONSOMMABLES DE LABORATOIRE,Minuterie 120 mn avec sonnerie,---,---,Unité,ABC,,False,68
Annexe 2 — Materiel Bio-Medical,Liste Complementaire,01,CONSOMMABLES ET REACTIFS DE LABORATOIRE,01.01,CONSOMMABLES DE LABORATOIRE,Minuterie 60 mn,---,---,Unité,ABC,,False,68
Annexe 2 — Materiel Bio-Medical,Liste Complementaire,01,CONSOMMABLES ET REACTIFS DE LABORATOIRE,01.01,CONSOMMABLES DE LABORATOIRE,Miroir de clar,---,---,Unité,A,,False,68
Annexe 2 — Materiel Bio-Medical,Liste Complementaire,01,CONSOMMABLES ET REACTIFS DE LABORATOIRE,01.01,CONSOMMABLES DE LABORATOIRE,Panier à lames,---,---,Unité,ABC,,False,68
Annexe 2 — Materiel Bio-Medical,Liste Complementaire,01,CONSOMMABLES ET REACTIFS DE LABORATOIRE,01.01,CONSOMMABLES DE LABORATOIRE,Papier buvard (feuille),---,---,Unité,A,,False,68
Annexe 2 — Materiel Bio-Medical,Liste Complementaire,01,CONSOMMABLES ET REACTIFS DE LABORATOIRE,01.01,CONSOMMABLES DE LABORATOIRE,Papier chandon,---,---,Unité,ABC,,False,68
Annexe 2 — Materiel Bio-Medical,Liste Complementaire,01,CONSOMMABLES ET REACTIFS DE LABORATOIRE,01.01,CONSOMMABLES DE LABORATOIRE,Papier Joseph,---,---,Unité,ABC,,False,68
Annexe 2 — Materiel Bio-Medical,Liste Complementaire,01,CONSOMMABLES ET REACTIFS DE LABORATOIRE,01.01,CONSOMMABLES DE LABORATOIRE,Papier PH (1 à 10),---,---,Unité,A,,False,68
Annexe 2 — Materiel Bio-Medical,Liste Complementaire,01,CONSOMMABLES ET REACTIFS DE LABORATOIRE,01.01,CONSOMMABLES DE LABORATOIRE,Papier PH (1 à 14),---,---,Unité,A,,False,68
Annexe 2 — Materiel Bio-Medical,Liste Complementaire,01,CONSOMMABLES ET REACTIFS DE LABORATOIRE,01.01,CONSOMMABLES DE LABORATOIRE,Papier watman,---,---,Unité,AB,,False,68
Annexe 2 — Materiel Bio-Medical,Liste Complementaire,01,CONSOMMABLES ET REACTIFS DE LABORATOIRE,01.01,CONSOMMABLES DE LABORATOIRE,Pate de karaya,---,---,Unité,A,,False,68
Annexe 2 — Materiel Bio-Medical,Liste Complementaire,01,CONSOMMABLES ET REACTIFS DE LABORATOIRE,01.01,CONSOMMABLES DE LABORATOIRE,Pate de scellement tube micro hemato.,---,---,Unité,A,,False,68
Annexe 2 — Materiel Bio-Medical,Liste Complementaire,01,CONSOMMABLES ET REACTIFS DE LABORATOIRE,01.01,CONSOMMABLES DE LABORATOIRE,Pince en plastique,---,---,Unité,ABC,,False,68
Annexe 2 — Materiel Bio-Medical,Liste Complementaire,01,CONSOMMABLES ET REACTIFS DE LABORATOIRE,01.01,CONSOMMABLES DE LABORATOIRE,Pince sans griffe,---,---,Unité,ABC,,False,68
Annexe 2 — Materiel Bio-Medical,Liste Complementaire,01,CONSOMMABLES ET REACTIFS DE LABORATOIRE,01.01,CONSOMMABLES DE LABORATOIRE,Pinces plates sans griffe,---,---,Unité,ABC,,False,68
Annexe 2 — Materiel Bio-Medical,Liste Complementaire,01,CONSOMMABLES ET REACTIFS DE LABORATOIRE,01.01,CONSOMMABLES DE LABORATOIRE,Pipette Aid,---,---,Unité,A,,False,68
Annexe 2 — Materiel Bio-Medical,Liste Complementaire,01,CONSOMMABLES ET REACTIFS DE LABORATOIRE,01.01,CONSOMMABLES DE LABORATOIRE,Pipette à sérum à usage unique,---,---,Unité,ABC,,False,69
Annexe 2 — Materiel Bio-Medical,Liste Complementaire,01,CONSOMMABLES ET REACTIFS DE LABORATOIRE,01.01,CONSOMMABLES DE LABORATOIRE,Pipette de transfert (jumbo) à poire,---,---,Unité,ABC,,False,69
Annexe 2 — Materiel Bio-Medical,Liste Complementaire,01,CONSOMMABLES ET REACTIFS DE LABORATOIRE,01.01,CONSOMMABLES DE LABORATOIRE,Pipette de westergreen pour V.S.,---,---,Unité,A,,False,69
Annexe 2 — Materiel Bio-Medical,Liste Complementaire,01,CONSOMMABLES ET REACTIFS DE LABORATOIRE,01.01,CONSOMMABLES DE LABORATOIRE,Pipette graduée 10 ml (verre),---,---,Unité,ABC,,False,69
Annexe 2 — Materiel Bio-Medical,Liste Complementaire,01,CONSOMMABLES ET REACTIFS DE LABORATOIRE,01.01,CONSOMMABLES DE LABORATOIRE,Pipette graduée 1 ml (verre),---,---,Unité,ABC,,False,69
Annexe 2 — Materiel Bio-Medical,Liste Complementaire,01,CONSOMMABLES ET REACTIFS DE LABORATOIRE,01.01,CONSOMMABLES DE LABORATOIRE,Pipette graduée 2 ml (verre),---,---,Unité,ABC,,False,69
Annexe 2 — Materiel Bio-Medical,Liste Complementaire,01,CONSOMMABLES ET REACTIFS DE LABORATOIRE,01.01,CONSOMMABLES DE LABORATOIRE,Pipette graduée 5 ml (verre),---,---,Unité,ABC,,False,69
Annexe 2 — Materiel Bio-Medical,Liste Complementaire,01,CONSOMMABLES ET REACTIFS DE LABORATOIRE,01.01,CONSOMMABLES DE LABORATOIRE,Pissette en plastique 500 ml,---,---,Unité,ABC,,False,69
Annexe 2 — Materiel Bio-Medical,Liste Complementaire,01,CONSOMMABLES ET REACTIFS DE LABORATOIRE,01.01,CONSOMMABLES DE LABORATOIRE,Plaque d'acétate de celulose à pour électrophorèse,---,---,Unité,AB,,False,69
Annexe 2 — Materiel Bio-Medical,Liste Complementaire,01,CONSOMMABLES ET REACTIFS DE LABORATOIRE,01.01,CONSOMMABLES DE LABORATOIRE,Plaque d'acétate de celulose à pH alcalin pour électrophorèse des protéines,---,---,Unité,A,,False,69
Annexe 2 — Materiel Bio-Medical,Liste Complementaire,01,CONSOMMABLES ET REACTIFS DE LABORATOIRE,01.01,CONSOMMABLES DE LABORATOIRE,Plaque de Kline non stérile en verre 24 trous,---,---,Unité,ABC,,False,69
Annexe 2 — Materiel Bio-Medical,Liste Complementaire,01,CONSOMMABLES ET REACTIFS DE LABORATOIRE,01.01,CONSOMMABLES DE LABORATOIRE,Plaques de microtitration stérile à fond en U/rond,---,---,Unité,ABC,,False,69
Annexe 2 — Materiel Bio-Medical,Liste Complementaire,01,CONSOMMABLES ET REACTIFS DE LABORATOIRE,01.01,CONSOMMABLES DE LABORATOIRE,Plateau inox,---,---,Unité,ABC,,False,69
Annexe 2 — Materiel Bio-Medical,Liste Complementaire,01,CONSOMMABLES ET REACTIFS DE LABORATOIRE,01.01,CONSOMMABLES DE LABORATOIRE,Portoir de lames en bois,---,---,Unité,ABC,,False,69
Annexe 2 — Materiel Bio-Medical,Liste Complementaire,01,CONSOMMABLES ET REACTIFS DE LABORATOIRE,01.01,CONSOMMABLES DE LABORATOIRE,Portoir de tubes de Borell,---,---,Unité,ABC,,False,69
Annexe 2 — Materiel Bio-Medical,Liste Complementaire,01,CONSOMMABLES ET REACTIFS DE LABORATOIRE,01.01,CONSOMMABLES DE LABORATOIRE,Portoir en inox tube à hémolyse,---,---,Unité,ABC,,False,69
Annexe 2 — Materiel Bio-Medical,Liste Complementaire,01,CONSOMMABLES ET REACTIFS DE LABORATOIRE,01.01,CONSOMMABLES DE LABORATOIRE,Portoir lames en plastique,---,---,Unité,ABC,,False,69
Annexe 2 — Materiel Bio-Medical,Liste Complementaire,01,CONSOMMABLES ET REACTIFS DE LABORATOIRE,01.01,CONSOMMABLES DE LABORATOIRE,Portoir plastique pour tube à hémolyse 24 trous,---,---,Unité,AB,,False,69
Annexe 2 — Materiel Bio-Medical,Liste Complementaire,01,CONSOMMABLES ET REACTIFS DE LABORATOIRE,01.01,CONSOMMABLES DE LABORATOIRE,Portoir pour microtubes,---,---,Unité,A,,False,69
Annexe 2 — Materiel Bio-Medical,Liste Complementaire,01,CONSOMMABLES ET REACTIFS DE LABORATOIRE,01.01,CONSOMMABLES DE LABORATOIRE,Rubans indicateurs de stérilisation pour autoclave,---,---,Unité,AB,,False,69
Annexe 2 — Materiel Bio-Medical,Liste Complementaire,01,CONSOMMABLES ET REACTIFS DE LABORATOIRE,01.01,CONSOMMABLES DE LABORATOIRE,Rubans indicateurs de stérilisation pour Poupinel,---,---,Unité,AB,,False,69
Annexe 2 — Materiel Bio-Medical,Liste Complementaire,01,CONSOMMABLES ET REACTIFS DE LABORATOIRE,01.01,CONSOMMABLES DE LABORATOIRE,Sachets stomacher stérile en polyéthylène 400ml,---,---,Unité,A,,False,69
Annexe 2 — Materiel Bio-Medical,Liste Complementaire,01,CONSOMMABLES ET REACTIFS DE LABORATOIRE,01.01,CONSOMMABLES DE LABORATOIRE,Spatule à poudre,---,---,Unité,ABC,,False,69
Annexe 2 — Materiel Bio-Medical,Liste Complementaire,01,CONSOMMABLES ET REACTIFS DE LABORATOIRE,01.01,CONSOMMABLES DE LABORATOIRE,Spatule double,---,---,Unité,AB,,False,69
Annexe 2 — Materiel Bio-Medical,Liste Complementaire,01,CONSOMMABLES ET REACTIFS DE LABORATOIRE,01.01,CONSOMMABLES DE LABORATOIRE,Tamis à fond conique,---,---,Unité,AB,,False,69
Annexe 2 — Materiel Bio-Medical,Liste Complementaire,01,CONSOMMABLES ET REACTIFS DE LABORATOIRE,01.01,CONSOMMABLES DE LABORATOIRE,Tamis à fond rond,---,---,Unité,ABC,,False,69
Annexe 2 — Materiel Bio-Medical,Liste Complementaire,01,CONSOMMABLES ET REACTIFS DE LABORATOIRE,01.01,CONSOMMABLES DE LABORATOIRE,Tétine pour pipette pasteur,---,---,Unité,ABC,,False,69
Annexe 2 — Materiel Bio-Medical,Liste Complementaire,01,CONSOMMABLES ET REACTIFS DE LABORATOIRE,01.01,CONSOMMABLES DE LABORATOIRE,Thermomètres pour congélateurs à -20°C,---,---,Unité,ABC,,False,69
Annexe 2 — Materiel Bio-Medical,Liste Complementaire,01,CONSOMMABLES ET REACTIFS DE LABORATOIRE,01.01,CONSOMMABLES DE LABORATOIRE,Thermomètres pour congélateurs à -80°C,---,---,Unité,ABC,,False,69
Annexe 2 — Materiel Bio-Medical,Liste Complementaire,01,CONSOMMABLES ET REACTIFS DE LABORATOIRE,01.01,CONSOMMABLES DE LABORATOIRE,Thermomètres de 0°C à 20°C pour les réfrigérateurs,---,---,Unité,ABC,,False,69
Annexe 2 — Materiel Bio-Medical,Liste Complementaire,01,CONSOMMABLES ET REACTIFS DE LABORATOIRE,01.01,CONSOMMABLES DE LABORATOIRE,Thermomètres de 0°C à 40°C pour les étuves,---,---,Unité,ABC,,False,69
Annexe 2 — Materiel Bio-Medical,Liste Complementaire,01,CONSOMMABLES ET REACTIFS DE LABORATOIRE,01.01,CONSOMMABLES DE LABORATOIRE,Trocart de Malarmé à usage unique,---,---,Unité,A,,False,69
Annexe 2 — Materiel Bio-Medical,Liste Complementaire,01,CONSOMMABLES ET REACTIFS DE LABORATOIRE,01.01,CONSOMMABLES DE LABORATOIRE,Tube à centrifuger en verre de 10 ml,---,---,Unité,A,,False,69
Annexe 2 — Materiel Bio-Medical,Liste Complementaire,01,CONSOMMABLES ET REACTIFS DE LABORATOIRE,01.01,CONSOMMABLES DE LABORATOIRE,Tube à hémolyse 12/65,---,---,Unité,AB,,False,69
Annexe 2 — Materiel Bio-Medical,Liste Complementaire,01,CONSOMMABLES ET REACTIFS DE LABORATOIRE,01.01,CONSOMMABLES DE LABORATOIRE,Tube à hémolyse 12/70,---,---,Unité,AB,,False,69
Annexe 2 — Materiel Bio-Medical,Liste Complementaire,01,CONSOMMABLES ET REACTIFS DE LABORATOIRE,01.01,CONSOMMABLES DE LABORATOIRE,Tube à hémolyse 12/75,---,---,Unité,AB,,False,69
Annexe 2 — Materiel Bio-Medical,Liste Complementaire,01,CONSOMMABLES ET REACTIFS DE LABORATOIRE,01.01,CONSOMMABLES DE LABORATOIRE,Tube à vis,---,---,Unité,AB,,False,69
Annexe 2 — Materiel Bio-Medical,Liste Complementaire,01,CONSOMMABLES ET REACTIFS DE LABORATOIRE,01.01,CONSOMMABLES DE LABORATOIRE,Tube à vis en verre à fond plat avec capsulle en alluminium 16×18 mm,---,---,Unité,AB,,False,69
Annexe 2 — Materiel Bio-Medical,Liste Complementaire,01,CONSOMMABLES ET REACTIFS DE LABORATOIRE,01.01,CONSOMMABLES DE LABORATOIRE,"Tube Eppendorf stérile 1,5 ml",---,---,Unité,AB,,False,69
Annexe 2 — Materiel Bio-Medical,Liste Complementaire,01,CONSOMMABLES ET REACTIFS DE LABORATOIRE,01.02,REACTIFS DE LABORATOIRE,Cleanlys solution,---,---,Unité,ABC,,False,69
Annexe 2 — Materiel Bio-Medical,Liste Complementaire,01,CONSOMMABLES ET REACTIFS DE LABORATOIRE,01.02,REACTIFS DE LABORATOIRE,Ac anti-CMV (Cytomégalovirus) ELISA,---,---,Unité,AB,,False,69
Annexe 2 — Materiel Bio-Medical,Liste Complementaire,01,CONSOMMABLES ET REACTIFS DE LABORATOIRE,01.02,REACTIFS DE LABORATOIRE,Ac antiHAV IgM (Hépatite A) ELISA,---,---,Unité,AB,,False,69
Annexe 2 — Materiel Bio-Medical,Liste Complementaire,01,CONSOMMABLES ET REACTIFS DE LABORATOIRE,01.02,REACTIFS DE LABORATOIRE,Ac antiHBC IgM (Hépatite B) ELISA,---,---,Unité,AB,,False,69
Annexe 2 — Materiel Bio-Medical,Liste Complementaire,01,CONSOMMABLES ET REACTIFS DE LABORATOIRE,01.02,REACTIFS DE LABORATOIRE,Ac antiHBC totaux (Hépatite B) ELISA,---,---,Unité,AB,,False,69
Annexe 2 — Materiel Bio-Medical,Liste Complementaire,01,CONSOMMABLES ET REACTIFS DE LABORATOIRE,01.02,REACTIFS DE LABORATOIRE,Ac antiHBE (Hépatite B) ELISA,---,---,Unité,AB,,False,69
Annexe 2 — Materiel Bio-Medical,Liste Complementaire,01,CONSOMMABLES ET REACTIFS DE LABORATOIRE,01.02,REACTIFS DE LABORATOIRE,Ac antiHBs (Hépatite B) ELISA,---,---,Unité,AB,,False,69
Annexe 2 — Materiel Bio-Medical,Liste Complementaire,01,CONSOMMABLES ET REACTIFS DE LABORATOIRE,01.02,REACTIFS DE LABORATOIRE,Ac antiHCV (Hépatite C) ELISA,---,---,Unité,AB,,False,69
Annexe 2 — Materiel Bio-Medical,Liste Complementaire,01,CONSOMMABLES ET REACTIFS DE LABORATOIRE,01.02,REACTIFS DE LABORATOIRE,Ag HBe test EIA (Hépatite B),---,---,Unité,AB,,False,69
Annexe 2 — Materiel Bio-Medical,Liste Complementaire,01,CONSOMMABLES ET REACTIFS DE LABORATOIRE,01.02,REACTIFS DE LABORATOIRE,Ag HBs ( test rapide )/(Hépatite B) BANDELETTE OU CASSETTE,---,---,Unité,ABC,,False,69
Annexe 2 — Materiel Bio-Medical,Liste Complementaire,01,CONSOMMABLES ET REACTIFS DE LABORATOIRE,01.02,REACTIFS DE LABORATOIRE,Ag HBs test EIA (Hépatite B),---,---,Unité,AB,,False,69
Annexe 2 — Materiel Bio-Medical,Liste Complementaire,01,CONSOMMABLES ET REACTIFS DE LABORATOIRE,01.02,REACTIFS DE LABORATOIRE,Agarose poudre,---,---,Unité,A,,False,69
Annexe 2 — Materiel Bio-Medical,Liste Complementaire,01,CONSOMMABLES ET REACTIFS DE LABORATOIRE,01.02,REACTIFS DE LABORATOIRE,Amibiase HAI,---,---,Unité,AB,,False,69
Annexe 2 — Materiel Bio-Medical,Liste Complementaire,01,CONSOMMABLES ET REACTIFS DE LABORATOIRE,01.02,REACTIFS DE LABORATOIRE,Ampoule oxydase,---,---,Unité,A,,False,69
Annexe 2 — Materiel Bio-Medical,Liste Complementaire,01,CONSOMMABLES ET REACTIFS DE LABORATOIRE,01.02,REACTIFS DE LABORATOIRE,Anti c monoclonal (groupe sanguin),---,---,Unité,AB,,False,70
Annexe 2 — Materiel Bio-Medical,Liste Complementaire,01,CONSOMMABLES ET REACTIFS DE LABORATOIRE,01.02,REACTIFS DE LABORATOIRE,Anti C monoclonal (groupe sanguin),---,---,Unité,AB,,False,70
Annexe 2 — Materiel Bio-Medical,Liste Complementaire,01,CONSOMMABLES ET REACTIFS DE LABORATOIRE,01.02,REACTIFS DE LABORATOIRE,Anti e monoclonal (groupe sanguin),---,---,Unité,AB,,False,70
Annexe 2 — Materiel Bio-Medical,Liste Complementaire,01,CONSOMMABLES ET REACTIFS DE LABORATOIRE,01.02,REACTIFS DE LABORATOIRE,Anti E monoclonal (groupe sanguin),---,---,Unité,AB,,False,70
Annexe 2 — Materiel Bio-Medical,Liste Complementaire,01,CONSOMMABLES ET REACTIFS DE LABORATOIRE,01.02,REACTIFS DE LABORATOIRE,Anti Kpa (Kell) (groupe sanguin),---,---,Unité,A,,False,70
Annexe 2 — Materiel Bio-Medical,Liste Complementaire,01,CONSOMMABLES ET REACTIFS DE LABORATOIRE,01.02,REACTIFS DE LABORATOIRE,Anti Kpb (Kell) (groupe sanguin),---,---,Unité,A,,False,70
Annexe 2 — Materiel Bio-Medical,Liste Complementaire,01,CONSOMMABLES ET REACTIFS DE LABORATOIRE,01.02,REACTIFS DE LABORATOIRE,Anti Lea (Lewis) (groupe sanguin),---,---,Unité,A,,False,70
Annexe 2 — Materiel Bio-Medical,Liste Complementaire,01,CONSOMMABLES ET REACTIFS DE LABORATOIRE,01.02,REACTIFS DE LABORATOIRE,Anti Leb (Lewis) (groupe sanguin),---,---,Unité,A,,False,70
Annexe 2 — Materiel Bio-Medical,Liste Complementaire,01,CONSOMMABLES ET REACTIFS DE LABORATOIRE,01.02,REACTIFS DE LABORATOIRE,Antiglobuline anti-complément,---,---,Unité,A,,False,70
Annexe 2 — Materiel Bio-Medical,Liste Complementaire,01,CONSOMMABLES ET REACTIFS DE LABORATOIRE,01.02,REACTIFS DE LABORATOIRE,Antiglobuline anti-IgG,---,---,Unité,A,,False,70
Annexe 2 — Materiel Bio-Medical,Liste Complementaire,01,CONSOMMABLES ET REACTIFS DE LABORATOIRE,01.02,REACTIFS DE LABORATOIRE,Antiglobuline polyvalent C3b,---,---,Unité,A,,False,70
Annexe 2 — Materiel Bio-Medical,Liste Complementaire,01,CONSOMMABLES ET REACTIFS DE LABORATOIRE,01.02,REACTIFS DE LABORATOIRE,Antiglobuline polyvalent C3d,---,---,Unité,A,,False,70
Annexe 2 — Materiel Bio-Medical,Liste Complementaire,01,CONSOMMABLES ET REACTIFS DE LABORATOIRE,01.02,REACTIFS DE LABORATOIRE,API 20 C-Aux+kit de révélation,---,---,Unité,AB,,False,70
Annexe 2 — Materiel Bio-Medical,Liste Complementaire,01,CONSOMMABLES ET REACTIFS DE LABORATOIRE,01.02,REACTIFS DE LABORATOIRE,API 20 E+kit de révélation,---,---,Unité,AB,,False,70
Annexe 2 — Materiel Bio-Medical,Liste Complementaire,01,CONSOMMABLES ET REACTIFS DE LABORATOIRE,01.02,REACTIFS DE LABORATOIRE,API 20 N E+kit de révélation,---,---,Unité,AB,,False,70
Annexe 2 — Materiel Bio-Medical,Liste Complementaire,01,CONSOMMABLES ET REACTIFS DE LABORATOIRE,01.02,REACTIFS DE LABORATOIRE,API NaCl 085,---,---,Unité,AB,,False,70
Annexe 2 — Materiel Bio-Medical,Liste Complementaire,01,CONSOMMABLES ET REACTIFS DE LABORATOIRE,01.02,REACTIFS DE LABORATOIRE,API suspension medium,---,---,Unité,A,,False,70
Annexe 2 — Materiel Bio-Medical,Liste Complementaire,01,CONSOMMABLES ET REACTIFS DE LABORATOIRE,01.02,REACTIFS DE LABORATOIRE,ASDB (Antistreptodornase),---,---,Unité,AB,,False,70
Annexe 2 — Materiel Bio-Medical,Liste Complementaire,01,CONSOMMABLES ET REACTIFS DE LABORATOIRE,01.02,REACTIFS DE LABORATOIRE,ASK (Antistreptokinase),---,---,Unité,AB,,False,70
Annexe 2 — Materiel Bio-Medical,Liste Complementaire,01,CONSOMMABLES ET REACTIFS DE LABORATOIRE,01.02,REACTIFS DE LABORATOIRE,ASLO (Antistreptolisine O),---,---,Unité,ABC,,False,70
Annexe 2 — Materiel Bio-Medical,Liste Complementaire,01,CONSOMMABLES ET REACTIFS DE LABORATOIRE,01.02,REACTIFS DE LABORATOIRE,Aspergillose HAI,---,---,Unité,A,,False,70
Annexe 2 — Materiel Bio-Medical,Liste Complementaire,01,CONSOMMABLES ET REACTIFS DE LABORATOIRE,01.02,REACTIFS DE LABORATOIRE,BCP Gélose lactose,---,---,Unité,AB,,False,70
Annexe 2 — Materiel Bio-Medical,Liste Complementaire,01,CONSOMMABLES ET REACTIFS DE LABORATOIRE,01.02,REACTIFS DE LABORATOIRE,Bilharziose HAI,---,---,Unité,AB,,False,70
Annexe 2 — Materiel Bio-Medical,Liste Complementaire,01,CONSOMMABLES ET REACTIFS DE LABORATOIRE,01.02,REACTIFS DE LABORATOIRE,Bleu de crésyl brillant,---,---,Unité,AB,,False,70
Annexe 2 — Materiel Bio-Medical,Liste Complementaire,01,CONSOMMABLES ET REACTIFS DE LABORATOIRE,01.02,REACTIFS DE LABORATOIRE,Bleu de méthylène,---,---,Unité,ABC,,False,70
Annexe 2 — Materiel Bio-Medical,Liste Complementaire,01,CONSOMMABLES ET REACTIFS DE LABORATOIRE,01.02,REACTIFS DE LABORATOIRE,Bleu de méthylène granulé Test,---,---,Unité,ABC,,False,70
Annexe 2 — Materiel Bio-Medical,Liste Complementaire,01,CONSOMMABLES ET REACTIFS DE LABORATOIRE,01.02,REACTIFS DE LABORATOIRE,Bouillon Clark Lubs,---,---,Unité,AB,,False,70
Annexe 2 — Materiel Bio-Medical,Liste Complementaire,01,CONSOMMABLES ET REACTIFS DE LABORATOIRE,01.02,REACTIFS DE LABORATOIRE,Bouillon de Schaedler,---,---,Unité,A,,False,70
Annexe 2 — Materiel Bio-Medical,Liste Complementaire,01,CONSOMMABLES ET REACTIFS DE LABORATOIRE,01.02,REACTIFS DE LABORATOIRE,Bouillon Cœur Cervelle,---,---,Unité,AB,,False,70
Annexe 2 — Materiel Bio-Medical,Liste Complementaire,01,CONSOMMABLES ET REACTIFS DE LABORATOIRE,01.02,REACTIFS DE LABORATOIRE,Bouillon glucosé tamponné,---,---,Unité,AB,,False,70
Annexe 2 — Materiel Bio-Medical,Liste Complementaire,01,CONSOMMABLES ET REACTIFS DE LABORATOIRE,01.02,REACTIFS DE LABORATOIRE,Bouillon MRS,---,---,Unité,AB,,False,70
Annexe 2 — Materiel Bio-Medical,Liste Complementaire,01,CONSOMMABLES ET REACTIFS DE LABORATOIRE,01.02,REACTIFS DE LABORATOIRE,Bouillon Muller et Kaufmann,---,---,Unité,AB,,False,70
Annexe 2 — Materiel Bio-Medical,Liste Complementaire,01,CONSOMMABLES ET REACTIFS DE LABORATOIRE,01.02,REACTIFS DE LABORATOIRE,Bouillon Muller Hinton,---,---,Unité,AB,,False,70
Annexe 2 — Materiel Bio-Medical,Liste Complementaire,01,CONSOMMABLES ET REACTIFS DE LABORATOIRE,01.02,REACTIFS DE LABORATOIRE,Bouillon pour hémoculture aérobie,---,---,Unité,AB,,False,70
Annexe 2 — Materiel Bio-Medical,Liste Complementaire,01,CONSOMMABLES ET REACTIFS DE LABORATOIRE,01.02,REACTIFS DE LABORATOIRE,Bouillon pour hémoculture anaérobie,---,---,Unité,AB,,False,70
Annexe 2 — Materiel Bio-Medical,Liste Complementaire,01,CONSOMMABLES ET REACTIFS DE LABORATOIRE,01.02,REACTIFS DE LABORATOIRE,Bouillon streptosel,---,---,Unité,AB,,False,70
Annexe 2 — Materiel Bio-Medical,Liste Complementaire,01,CONSOMMABLES ET REACTIFS DE LABORATOIRE,01.02,REACTIFS DE LABORATOIRE,Bouillon thioglycollate,---,---,Unité,AB,,False,70
Annexe 2 — Materiel Bio-Medical,Liste Complementaire,01,CONSOMMABLES ET REACTIFS DE LABORATOIRE,01.02,REACTIFS DE LABORATOIRE,Bouillon trypticase soja,---,---,Unité,AB,,False,70
Annexe 2 — Materiel Bio-Medical,Liste Complementaire,01,CONSOMMABLES ET REACTIFS DE LABORATOIRE,01.02,REACTIFS DE LABORATOIRE,Plasma citraté de lapin,---,---,Unité,AB,,False,70
Annexe 2 — Materiel Bio-Medical,Liste Complementaire,01,CONSOMMABLES ET REACTIFS DE LABORATOIRE,01.02,REACTIFS DE LABORATOIRE,Caliplasma index 100,---,---,Unité,AB,,False,70
Annexe 2 — Materiel Bio-Medical,Liste Complementaire,01,CONSOMMABLES ET REACTIFS DE LABORATOIRE,01.02,REACTIFS DE LABORATOIRE,Chromotrope 2R,---,---,Unité,A,,False,70
Annexe 2 — Materiel Bio-Medical,Liste Complementaire,01,CONSOMMABLES ET REACTIFS DE LABORATOIRE,01.02,REACTIFS DE LABORATOIRE,Colorant type RAL,---,---,Unité,ABC,,False,70
Annexe 2 — Materiel Bio-Medical,Liste Complementaire,01,CONSOMMABLES ET REACTIFS DE LABORATOIRE,01.02,REACTIFS DE LABORATOIRE,Complexe polyvitaminique (polyvitex),---,---,Unité,AB,,False,70
Annexe 2 — Materiel Bio-Medical,Liste Complementaire,01,CONSOMMABLES ET REACTIFS DE LABORATOIRE,01.02,REACTIFS DE LABORATOIRE,Composé O: 129 (disques),---,---,Unité,A,,False,70
Annexe 2 — Materiel Bio-Medical,Liste Complementaire,01,CONSOMMABLES ET REACTIFS DE LABORATOIRE,01.02,REACTIFS DE LABORATOIRE,Cryptotest (test rapide) LATEX,---,---,Unité,AB,,False,70
Annexe 2 — Materiel Bio-Medical,Liste Complementaire,01,CONSOMMABLES ET REACTIFS DE LABORATOIRE,01.02,REACTIFS DE LABORATOIRE,Disques céfinase,---,---,Unité,AB,,False,70
Annexe 2 — Materiel Bio-Medical,Liste Complementaire,01,CONSOMMABLES ET REACTIFS DE LABORATOIRE,01.02,REACTIFS DE LABORATOIRE,Disques de bacitracine,---,---,Unité,AB,,False,70
Annexe 2 — Materiel Bio-Medical,Liste Complementaire,01,CONSOMMABLES ET REACTIFS DE LABORATOIRE,01.02,REACTIFS DE LABORATOIRE,Disques d'optochine,---,---,Unité,AB,,False,70
Annexe 2 — Materiel Bio-Medical,Liste Complementaire,01,CONSOMMABLES ET REACTIFS DE LABORATOIRE,01.02,REACTIFS DE LABORATOIRE,Disques oxydase,---,---,Unité,AB,,False,70
Annexe 2 — Materiel Bio-Medical,Liste Complementaire,01,CONSOMMABLES ET REACTIFS DE LABORATOIRE,01.02,REACTIFS DE LABORATOIRE,Eau peptonée alcaline,---,---,Unité,AB,,False,70
Annexe 2 — Materiel Bio-Medical,Liste Complementaire,01,CONSOMMABLES ET REACTIFS DE LABORATOIRE,01.02,REACTIFS DE LABORATOIRE,F.T.A trépoméma,---,---,Unité,A,,False,70
Annexe 2 — Materiel Bio-Medical,Liste Complementaire,01,CONSOMMABLES ET REACTIFS DE LABORATOIRE,01.02,REACTIFS DE LABORATOIRE,Flacons d'hémoculture prêt à l'emploi,---,---,Unité,AB,,False,70
Annexe 2 — Materiel Bio-Medical,Liste Complementaire,01,CONSOMMABLES ET REACTIFS DE LABORATOIRE,01.02,REACTIFS DE LABORATOIRE,Fluoline H,---,---,Unité,AB,,False,70
Annexe 2 — Materiel Bio-Medical,Liste Complementaire,01,CONSOMMABLES ET REACTIFS DE LABORATOIRE,01.02,REACTIFS DE LABORATOIRE,Fluoline M,---,---,Unité,AB,,False,70
Annexe 2 — Materiel Bio-Medical,Liste Complementaire,01,CONSOMMABLES ET REACTIFS DE LABORATOIRE,01.02,REACTIFS DE LABORATOIRE,Fluoprep,---,---,Unité,AB,,False,71
Annexe 2 — Materiel Bio-Medical,Liste Complementaire,01,CONSOMMABLES ET REACTIFS DE LABORATOIRE,01.02,REACTIFS DE LABORATOIRE,Gamma GT,---,---,Unité,AB,,False,71
Annexe 2 — Materiel Bio-Medical,Liste Complementaire,01,CONSOMMABLES ET REACTIFS DE LABORATOIRE,01.02,REACTIFS DE LABORATOIRE,Gélose Columbia,---,---,Unité,AB,,False,71
Annexe 2 — Materiel Bio-Medical,Liste Complementaire,01,CONSOMMABLES ET REACTIFS DE LABORATOIRE,01.02,REACTIFS DE LABORATOIRE,Gélose gono méningo,---,---,Unité,AB,,False,71
Annexe 2 — Materiel Bio-Medical,Liste Complementaire,01,CONSOMMABLES ET REACTIFS DE LABORATOIRE,01.02,REACTIFS DE LABORATOIRE,Gélose Hektoen,---,---,Unité,AB,,False,71
Annexe 2 — Materiel Bio-Medical,Liste Complementaire,01,CONSOMMABLES ET REACTIFS DE LABORATOIRE,01.02,REACTIFS DE LABORATOIRE,Gélose king A,---,---,Unité,AB,,False,71
Annexe 2 — Materiel Bio-Medical,Liste Complementaire,01,CONSOMMABLES ET REACTIFS DE LABORATOIRE,01.02,REACTIFS DE LABORATOIRE,Gélose Mossel,---,---,Unité,A,,False,71
Annexe 2 — Materiel Bio-Medical,Liste Complementaire,01,CONSOMMABLES ET REACTIFS DE LABORATOIRE,01.02,REACTIFS DE LABORATOIRE,Gélose à l'ADN,---,---,Unité,A,,False,71
Annexe 2 — Materiel Bio-Medical,Liste Complementaire,01,CONSOMMABLES ET REACTIFS DE LABORATOIRE,01.02,REACTIFS DE LABORATOIRE,Gélose au cétrimide,---,---,Unité,A,,False,71
Annexe 2 — Materiel Bio-Medical,Liste Complementaire,01,CONSOMMABLES ET REACTIFS DE LABORATOIRE,01.02,REACTIFS DE LABORATOIRE,Gélose au sang base,---,---,Unité,AB,,False,71
Annexe 2 — Materiel Bio-Medical,Liste Complementaire,01,CONSOMMABLES ET REACTIFS DE LABORATOIRE,01.02,REACTIFS DE LABORATOIRE,Gélose Baird Parker,---,---,Unité,A,,False,71
Annexe 2 — Materiel Bio-Medical,Liste Complementaire,01,CONSOMMABLES ET REACTIFS DE LABORATOIRE,01.02,REACTIFS DE LABORATOIRE,Gelose Bile esculine azide (BEA),---,---,Unité,A,,False,71
Annexe 2 — Materiel Bio-Medical,Liste Complementaire,01,CONSOMMABLES ET REACTIFS DE LABORATOIRE,01.02,REACTIFS DE LABORATOIRE,Gélose Bordet Gengou,---,---,Unité,A,,False,71
Annexe 2 — Materiel Bio-Medical,Liste Complementaire,01,CONSOMMABLES ET REACTIFS DE LABORATOIRE,01.02,REACTIFS DE LABORATOIRE,Gélose caséine et au calcium,---,---,Unité,A,,False,71
Annexe 2 — Materiel Bio-Medical,Liste Complementaire,01,CONSOMMABLES ET REACTIFS DE LABORATOIRE,01.02,REACTIFS DE LABORATOIRE,Gelose Chapman mannité,---,---,Unité,A,,False,71
Annexe 2 — Materiel Bio-Medical,Liste Complementaire,01,CONSOMMABLES ET REACTIFS DE LABORATOIRE,01.02,REACTIFS DE LABORATOIRE,Milieu Citrate de Simmons,---,---,Unité,AB,,False,71
Annexe 2 — Materiel Bio-Medical,Liste Complementaire,01,CONSOMMABLES ET REACTIFS DE LABORATOIRE,01.02,REACTIFS DE LABORATOIRE,"Gélose désoxycholate 0,05%",---,---,Unité,A,,False,71
Annexe 2 — Materiel Bio-Medical,Liste Complementaire,01,CONSOMMABLES ET REACTIFS DE LABORATOIRE,01.02,REACTIFS DE LABORATOIRE,Gélose EMB,---,---,Unité,A,,False,71
Annexe 2 — Materiel Bio-Medical,Liste Complementaire,01,CONSOMMABLES ET REACTIFS DE LABORATOIRE,01.02,REACTIFS DE LABORATOIRE,Gélose king B,---,---,Unité,AB,,False,71
Annexe 2 — Materiel Bio-Medical,Liste Complementaire,01,CONSOMMABLES ET REACTIFS DE LABORATOIRE,01.02,REACTIFS DE LABORATOIRE,Gelose Kliger-Hajna,---,---,Unité,AB,,False,71
Annexe 2 — Materiel Bio-Medical,Liste Complementaire,01,CONSOMMABLES ET REACTIFS DE LABORATOIRE,01.02,REACTIFS DE LABORATOIRE,Gélose Lowenstein Jensen,---,---,Unité,A,,False,71
Annexe 2 — Materiel Bio-Medical,Liste Complementaire,01,CONSOMMABLES ET REACTIFS DE LABORATOIRE,01.02,REACTIFS DE LABORATOIRE,Milieu lysine de fer,---,---,Unité,AB,,False,71
Annexe 2 — Materiel Bio-Medical,Liste Complementaire,01,CONSOMMABLES ET REACTIFS DE LABORATOIRE,01.02,REACTIFS DE LABORATOIRE,Gélose Mac Conkey,---,---,Unité,A,,False,71
Annexe 2 — Materiel Bio-Medical,Liste Complementaire,01,CONSOMMABLES ET REACTIFS DE LABORATOIRE,01.02,REACTIFS DE LABORATOIRE,Gélose mannitol mobilité,---,---,Unité,A,,False,71
Annexe 2 — Materiel Bio-Medical,Liste Complementaire,01,CONSOMMABLES ET REACTIFS DE LABORATOIRE,01.02,REACTIFS DE LABORATOIRE,Gélose MRS,---,---,Unité,A,,False,71
Annexe 2 — Materiel Bio-Medical,Liste Complementaire,01,CONSOMMABLES ET REACTIFS DE LABORATOIRE,01.02,REACTIFS DE LABORATOIRE,Gélose Mueller Hinton,---,---,Unité,A,,False,71
Annexe 2 — Materiel Bio-Medical,Liste Complementaire,01,CONSOMMABLES ET REACTIFS DE LABORATOIRE,01.02,REACTIFS DE LABORATOIRE,Gélose nutritive,---,---,Unité,A,,False,71
Annexe 2 — Materiel Bio-Medical,Liste Complementaire,01,CONSOMMABLES ET REACTIFS DE LABORATOIRE,01.02,REACTIFS DE LABORATOIRE,Gélose PCA,---,---,Unité,A,,False,71
Annexe 2 — Materiel Bio-Medical,Liste Complementaire,01,CONSOMMABLES ET REACTIFS DE LABORATOIRE,01.02,REACTIFS DE LABORATOIRE,Gélose PPLO,---,---,Unité,A,,False,71
Annexe 2 — Materiel Bio-Medical,Liste Complementaire,01,CONSOMMABLES ET REACTIFS DE LABORATOIRE,01.02,REACTIFS DE LABORATOIRE,Gélose sabouraud+Actidione,---,---,Unité,AB,,False,71
Annexe 2 — Materiel Bio-Medical,Liste Complementaire,01,CONSOMMABLES ET REACTIFS DE LABORATOIRE,01.02,REACTIFS DE LABORATOIRE,Gélose sabouraud+Chloramphénicol,---,---,Unité,AB,,False,71
Annexe 2 — Materiel Bio-Medical,Liste Complementaire,01,CONSOMMABLES ET REACTIFS DE LABORATOIRE,01.02,REACTIFS DE LABORATOIRE,Gélose sabouraud+Chloramphénicol+Actidione,---,---,Unité,AB,,False,71
Annexe 2 — Materiel Bio-Medical,Liste Complementaire,01,CONSOMMABLES ET REACTIFS DE LABORATOIRE,01.02,REACTIFS DE LABORATOIRE,Gélose chromogène pour ECBU,---,---,Unité,AB,,False,71
Annexe 2 — Materiel Bio-Medical,Liste Complementaire,01,CONSOMMABLES ET REACTIFS DE LABORATOIRE,01.02,REACTIFS DE LABORATOIRE,Gélose pylori,---,---,Unité,AB,,False,71
Annexe 2 — Materiel Bio-Medical,Liste Complementaire,01,CONSOMMABLES ET REACTIFS DE LABORATOIRE,01.02,REACTIFS DE LABORATOIRE,Gélose SS,---,---,Unité,AB,,False,71
Annexe 2 — Materiel Bio-Medical,Liste Complementaire,01,CONSOMMABLES ET REACTIFS DE LABORATOIRE,01.02,REACTIFS DE LABORATOIRE,Gélose SVEN-GARD,---,---,Unité,A,,False,71
Annexe 2 — Materiel Bio-Medical,Liste Complementaire,01,CONSOMMABLES ET REACTIFS DE LABORATOIRE,01.02,REACTIFS DE LABORATOIRE,Gélose TCBS,---,---,Unité,AB,,False,71
Annexe 2 — Materiel Bio-Medical,Liste Complementaire,01,CONSOMMABLES ET REACTIFS DE LABORATOIRE,01.02,REACTIFS DE LABORATOIRE,Gélose Trypticase soja,---,---,Unité,AB,,False,71
Annexe 2 — Materiel Bio-Medical,Liste Complementaire,01,CONSOMMABLES ET REACTIFS DE LABORATOIRE,01.02,REACTIFS DE LABORATOIRE,Gélose viande foie,---,---,Unité,AB,,False,71
Annexe 2 — Materiel Bio-Medical,Liste Complementaire,01,CONSOMMABLES ET REACTIFS DE LABORATOIRE,01.02,REACTIFS DE LABORATOIRE,Gélose VRBG,---,---,Unité,A,,False,71
Annexe 2 — Materiel Bio-Medical,Liste Complementaire,01,CONSOMMABLES ET REACTIFS DE LABORATOIRE,01.02,REACTIFS DE LABORATOIRE,Gélose VRBL,---,---,Unité,A,,False,71
Annexe 2 — Materiel Bio-Medical,Liste Complementaire,01,CONSOMMABLES ET REACTIFS DE LABORATOIRE,01.02,REACTIFS DE LABORATOIRE,Giemsa rapide,---,---,Unité,ABC,,False,71
Annexe 2 — Materiel Bio-Medical,Liste Complementaire,01,CONSOMMABLES ET REACTIFS DE LABORATOIRE,01.02,REACTIFS DE LABORATOIRE,Hématoxylline de HARRIS,---,---,Unité,A,,False,71
Annexe 2 — Materiel Bio-Medical,Liste Complementaire,01,CONSOMMABLES ET REACTIFS DE LABORATOIRE,01.02,REACTIFS DE LABORATOIRE,IgA anti Chlamydia trachomatis ELISA,---,---,Unité,AB,,False,71
Annexe 2 — Materiel Bio-Medical,Liste Complementaire,01,CONSOMMABLES ET REACTIFS DE LABORATOIRE,01.02,REACTIFS DE LABORATOIRE,IgA anti Chlamydia trachomatis Test rapide,---,---,Unité,ABC,,False,71
Annexe 2 — Materiel Bio-Medical,Liste Complementaire,01,CONSOMMABLES ET REACTIFS DE LABORATOIRE,01.02,REACTIFS DE LABORATOIRE,IgG antichlamydia trachomatis test rapide,---,---,Unité,ABC,,False,71
Annexe 2 — Materiel Bio-Medical,Liste Complementaire,01,CONSOMMABLES ET REACTIFS DE LABORATOIRE,01.02,REACTIFS DE LABORATOIRE,IgG anti Chlamydia trachomatis ELISA,---,---,Unité,AB,,False,71
Annexe 2 — Materiel Bio-Medical,Liste Complementaire,01,CONSOMMABLES ET REACTIFS DE LABORATOIRE,01.02,REACTIFS DE LABORATOIRE,Jaune d'œuf au tellurite de potassium,---,---,Unité,A,,False,71
Annexe 2 — Materiel Bio-Medical,Liste Complementaire,01,CONSOMMABLES ET REACTIFS DE LABORATOIRE,01.02,REACTIFS DE LABORATOIRE,Kit IF Pneumocystis carinii(Jerovensii),---,---,Unité,A,,False,71
Annexe 2 — Materiel Bio-Medical,Liste Complementaire,01,CONSOMMABLES ET REACTIFS DE LABORATOIRE,01.02,REACTIFS DE LABORATOIRE,Lactate,---,---,Unité,AB,,False,71
Annexe 2 — Materiel Bio-Medical,Liste Complementaire,01,CONSOMMABLES ET REACTIFS DE LABORATOIRE,01.02,REACTIFS DE LABORATOIRE,Lymphoprep,---,---,Unité,A,,False,71
Annexe 2 — Materiel Bio-Medical,Liste Complementaire,01,CONSOMMABLES ET REACTIFS DE LABORATOIRE,01.02,REACTIFS DE LABORATOIRE,Monoclonal anti chlamydia trachomatis (IFD),---,---,Unité,A,,False,71
Annexe 2 — Materiel Bio-Medical,Liste Complementaire,01,CONSOMMABLES ET REACTIFS DE LABORATOIRE,01.02,REACTIFS DE LABORATOIRE,Mycoplasma pneumoniae Ig G,---,---,Unité,A,,False,71
Annexe 2 — Materiel Bio-Medical,Liste Complementaire,01,CONSOMMABLES ET REACTIFS DE LABORATOIRE,01.02,REACTIFS DE LABORATOIRE,Mycoplasma pneumoniae Ig M,---,---,Unité,A,,False,71
Annexe 2 — Materiel Bio-Medical,Liste Complementaire,01,CONSOMMABLES ET REACTIFS DE LABORATOIRE,01.02,REACTIFS DE LABORATOIRE,"ODC, ADH,LDC (milieux)",---,---,Unité,AB,,False,72
Annexe 2 — Materiel Bio-Medical,Liste Complementaire,01,CONSOMMABLES ET REACTIFS DE LABORATOIRE,01.02,REACTIFS DE LABORATOIRE,ONPG (disques),---,---,Unité,AB,,False,72
Annexe 2 — Materiel Bio-Medical,Liste Complementaire,01,CONSOMMABLES ET REACTIFS DE LABORATOIRE,01.02,REACTIFS DE LABORATOIRE,Peptone tryptique de caséine,---,---,Unité,A,,False,72
Annexe 2 — Materiel Bio-Medical,Liste Complementaire,01,CONSOMMABLES ET REACTIFS DE LABORATOIRE,01.02,REACTIFS DE LABORATOIRE,Plasma de lapin,---,---,Unité,AB,,False,72
Annexe 2 — Materiel Bio-Medical,Liste Complementaire,01,CONSOMMABLES ET REACTIFS DE LABORATOIRE,01.02,REACTIFS DE LABORATOIRE,Proteines totales (dosage dans le sang) Bi-urée,---,---,Unité,ABC,,False,72
Annexe 2 — Materiel Bio-Medical,Liste Complementaire,01,CONSOMMABLES ET REACTIFS DE LABORATOIRE,01.02,REACTIFS DE LABORATOIRE,Réactif de dosage des facteurs IX,---,---,Unité,AB,,False,72
Annexe 2 — Materiel Bio-Medical,Liste Complementaire,01,CONSOMMABLES ET REACTIFS DE LABORATOIRE,01.02,REACTIFS DE LABORATOIRE,Réactif de dosage du facteur V,---,---,Unité,AB,,False,72
Annexe 2 — Materiel Bio-Medical,Liste Complementaire,01,CONSOMMABLES ET REACTIFS DE LABORATOIRE,01.02,REACTIFS DE LABORATOIRE,Réactif de dosage du facteur VII,---,---,Unité,AB,,False,72
Annexe 2 — Materiel Bio-Medical,Liste Complementaire,01,CONSOMMABLES ET REACTIFS DE LABORATOIRE,01.02,REACTIFS DE LABORATOIRE,Réactif de dosage du facteur VIII,---,---,Unité,AB,,False,72
Annexe 2 — Materiel Bio-Medical,Liste Complementaire,01,CONSOMMABLES ET REACTIFS DE LABORATOIRE,01.02,REACTIFS DE LABORATOIRE,Réactif de Kovacs,---,---,Unité,AB,,False,72
Annexe 2 — Materiel Bio-Medical,Liste Complementaire,01,CONSOMMABLES ET REACTIFS DE LABORATOIRE,01.02,REACTIFS DE LABORATOIRE,Réactif de recherche de facteurs rhumatoide (latex et hemagglutination),---,---,Unité,AB,,False,72
Annexe 2 — Materiel Bio-Medical,Liste Complementaire,01,CONSOMMABLES ET REACTIFS DE LABORATOIRE,01.02,REACTIFS DE LABORATOIRE,Rouge Nucléaire,---,---,Unité,A,,False,72
Annexe 2 — Materiel Bio-Medical,Liste Complementaire,01,CONSOMMABLES ET REACTIFS DE LABORATOIRE,01.02,REACTIFS DE LABORATOIRE,Saponine,---,---,Unité,A,,False,72
Annexe 2 — Materiel Bio-Medical,Liste Complementaire,01,CONSOMMABLES ET REACTIFS DE LABORATOIRE,01.02,REACTIFS DE LABORATOIRE,Sérum de contrôle pathologique de biochimie,---,---,Unité,ABC,,False,72
Annexe 2 — Materiel Bio-Medical,Liste Complementaire,01,CONSOMMABLES ET REACTIFS DE LABORATOIRE,01.02,REACTIFS DE LABORATOIRE,Slidex aureus,---,---,Unité,ABC,,False,72
Annexe 2 — Materiel Bio-Medical,Liste Complementaire,01,CONSOMMABLES ET REACTIFS DE LABORATOIRE,01.02,REACTIFS DE LABORATOIRE,Kit de recherche d' antigènes solubles bactériens,---,---,Unité,AB,,False,72
Annexe 2 — Materiel Bio-Medical,Liste Complementaire,01,CONSOMMABLES ET REACTIFS DE LABORATOIRE,01.02,REACTIFS DE LABORATOIRE,Kit de groupage des streptoccoques,---,---,Unité,AB,,False,72
Annexe 2 — Materiel Bio-Medical,Liste Complementaire,01,CONSOMMABLES ET REACTIFS DE LABORATOIRE,01.02,REACTIFS DE LABORATOIRE,Solution de Tris borate EDTA (TBE) à 10X,---,---,Unité,A,,False,72
Annexe 2 — Materiel Bio-Medical,Liste Complementaire,01,CONSOMMABLES ET REACTIFS DE LABORATOIRE,01.02,REACTIFS DE LABORATOIRE,Test anti corps anti nucléaires,---,---,Unité,A,,False,72
Annexe 2 — Materiel Bio-Medical,Liste Complementaire,01,CONSOMMABLES ET REACTIFS DE LABORATOIRE,01.02,REACTIFS DE LABORATOIRE,Test de grossesse,---,---,Unité,ABCD,,False,72
Annexe 2 — Materiel Bio-Medical,Liste Complementaire,01,CONSOMMABLES ET REACTIFS DE LABORATOIRE,01.02,REACTIFS DE LABORATOIRE,TDR toxoplasmose,---,---,Unité,AB,,False,72
Annexe 2 — Materiel Bio-Medical,Liste Complementaire,01,CONSOMMABLES ET REACTIFS DE LABORATOIRE,01.02,REACTIFS DE LABORATOIRE,Toxotrol,---,---,Unité,AB,,False,72
Annexe 2 — Materiel Bio-Medical,Liste Complementaire,01,CONSOMMABLES ET REACTIFS DE LABORATOIRE,01.02,REACTIFS DE LABORATOIRE,Trypsine,---,---,Unité,A,,False,72
Annexe 2 — Materiel Bio-Medical,Liste Complementaire,01,CONSOMMABLES ET REACTIFS DE LABORATOIRE,01.02,REACTIFS DE LABORATOIRE,Urée-indole de Fergusson,---,---,Unité,AB,,False,72
Annexe 2 — Materiel Bio-Medical,Liste Complementaire,01,CONSOMMABLES ET REACTIFS DE LABORATOIRE,01.02,REACTIFS DE LABORATOIRE,Uvitex 2B,---,---,Unité,A,,False,72
Annexe 2 — Materiel Bio-Medical,Liste Complementaire,01,CONSOMMABLES ET REACTIFS DE LABORATOIRE,01.02,REACTIFS DE LABORATOIRE,VCN/VCF,---,---,Unité,A,,False,72
Annexe 2 — Materiel Bio-Medical,Liste Complementaire,01,CONSOMMABLES ET REACTIFS DE LABORATOIRE,01.02,REACTIFS DE LABORATOIRE,Vert lumière,---,---,Unité,AB,,False,72
Annexe 2 — Materiel Bio-Medical,Liste Complementaire,01,CONSOMMABLES ET REACTIFS DE LABORATOIRE,01.03,AUTRES REACTIFS DE LABORATOIRE,Acétone,---,---,Unité,ABC,,False,72
Annexe 2 — Materiel Bio-Medical,Liste Complementaire,01,CONSOMMABLES ET REACTIFS DE LABORATOIRE,01.03,AUTRES REACTIFS DE LABORATOIRE,Acetonitrile,---,---,Unité,A,,False,72
Annexe 2 — Materiel Bio-Medical,Liste Complementaire,01,CONSOMMABLES ET REACTIFS DE LABORATOIRE,01.03,AUTRES REACTIFS DE LABORATOIRE,Acetonitrile grade HPLC,---,---,Unité,A,,False,72
Annexe 2 — Materiel Bio-Medical,Liste Complementaire,01,CONSOMMABLES ET REACTIFS DE LABORATOIRE,01.03,AUTRES REACTIFS DE LABORATOIRE,Acide acétique 3 à 5% - flacon,---,---,Unité,ABCD,,False,72
Annexe 2 — Materiel Bio-Medical,Liste Complementaire,01,CONSOMMABLES ET REACTIFS DE LABORATOIRE,01.03,AUTRES REACTIFS DE LABORATOIRE,Acide acetique glacial,---,---,Unité,AB,,False,72
Annexe 2 — Materiel Bio-Medical,Liste Complementaire,01,CONSOMMABLES ET REACTIFS DE LABORATOIRE,01.03,AUTRES REACTIFS DE LABORATOIRE,Acide chlorhydrique concentré,---,---,Unité,AB,,False,72
Annexe 2 — Materiel Bio-Medical,Liste Complementaire,01,CONSOMMABLES ET REACTIFS DE LABORATOIRE,01.03,AUTRES REACTIFS DE LABORATOIRE,Acide citrique,---,---,Unité,AB,,False,72
Annexe 2 — Materiel Bio-Medical,Liste Complementaire,01,CONSOMMABLES ET REACTIFS DE LABORATOIRE,01.03,AUTRES REACTIFS DE LABORATOIRE,Acide périodique Shiff,---,---,Unité,AB,,False,72
Annexe 2 — Materiel Bio-Medical,Liste Complementaire,01,CONSOMMABLES ET REACTIFS DE LABORATOIRE,01.03,AUTRES REACTIFS DE LABORATOIRE,Acide phosphotungstique,---,---,Unité,AB,,False,72
Annexe 2 — Materiel Bio-Medical,Liste Complementaire,01,CONSOMMABLES ET REACTIFS DE LABORATOIRE,01.03,AUTRES REACTIFS DE LABORATOIRE,Acide sulfurique pur,---,---,Unité,AB,,False,72
Annexe 2 — Materiel Bio-Medical,Liste Complementaire,01,CONSOMMABLES ET REACTIFS DE LABORATOIRE,01.03,AUTRES REACTIFS DE LABORATOIRE,Benzidine,---,---,Unité,A,,False,72
Annexe 2 — Materiel Bio-Medical,Liste Complementaire,01,CONSOMMABLES ET REACTIFS DE LABORATOIRE,01.03,AUTRES REACTIFS DE LABORATOIRE,Chloroforme,---,---,Unité,A,,False,72
Annexe 2 — Materiel Bio-Medical,Liste Complementaire,01,CONSOMMABLES ET REACTIFS DE LABORATOIRE,01.03,AUTRES REACTIFS DE LABORATOIRE,Chlorure de calcium,---,---,Unité,ABC,,False,72
Annexe 2 — Materiel Bio-Medical,Liste Complementaire,01,CONSOMMABLES ET REACTIFS DE LABORATOIRE,01.03,AUTRES REACTIFS DE LABORATOIRE,Citrate de magnesium,---,---,Unité,A,,False,72
Annexe 2 — Materiel Bio-Medical,Liste Complementaire,01,CONSOMMABLES ET REACTIFS DE LABORATOIRE,01.03,AUTRES REACTIFS DE LABORATOIRE,Dichloromethane,---,---,Unité,A,,False,72
Annexe 2 — Materiel Bio-Medical,Liste Complementaire,01,CONSOMMABLES ET REACTIFS DE LABORATOIRE,01.03,AUTRES REACTIFS DE LABORATOIRE,Eau oxygénée,---,---,Unité,ABC,,False,72
Annexe 2 — Materiel Bio-Medical,Liste Complementaire,01,CONSOMMABLES ET REACTIFS DE LABORATOIRE,01.03,AUTRES REACTIFS DE LABORATOIRE,Ethanol absolu,---,---,Unité,A,,False,72
Annexe 2 — Materiel Bio-Medical,Liste Complementaire,01,CONSOMMABLES ET REACTIFS DE LABORATOIRE,01.03,AUTRES REACTIFS DE LABORATOIRE,Ethanol pour biologie moléculaire,---,---,Unité,A,,False,72
Annexe 2 — Materiel Bio-Medical,Liste Complementaire,01,CONSOMMABLES ET REACTIFS DE LABORATOIRE,01.03,AUTRES REACTIFS DE LABORATOIRE,Ferrocyanure de potassium,---,---,Unité,AB,,False,72
Annexe 2 — Materiel Bio-Medical,Liste Complementaire,01,CONSOMMABLES ET REACTIFS DE LABORATOIRE,01.03,AUTRES REACTIFS DE LABORATOIRE,Générateur d'anaérobiose,---,---,Unité,A,,False,72
Annexe 2 — Materiel Bio-Medical,Liste Complementaire,01,CONSOMMABLES ET REACTIFS DE LABORATOIRE,01.03,AUTRES REACTIFS DE LABORATOIRE,Générateur de microaérophilie,---,---,Unité,A,,False,72
Annexe 2 — Materiel Bio-Medical,Liste Complementaire,01,CONSOMMABLES ET REACTIFS DE LABORATOIRE,01.03,AUTRES REACTIFS DE LABORATOIRE,Glycérine,---,---,Unité,AB,,False,72
Annexe 2 — Materiel Bio-Medical,Liste Complementaire,01,CONSOMMABLES ET REACTIFS DE LABORATOIRE,01.03,AUTRES REACTIFS DE LABORATOIRE,Huile de paraffine,---,---,Unité,ABC,,False,72
Annexe 2 — Materiel Bio-Medical,Liste Complementaire,01,CONSOMMABLES ET REACTIFS DE LABORATOIRE,01.03,AUTRES REACTIFS DE LABORATOIRE,Hyposulfite de soude,---,---,Unité,AB,,False,72
Annexe 2 — Materiel Bio-Medical,Liste Complementaire,01,CONSOMMABLES ET REACTIFS DE LABORATOIRE,01.03,AUTRES REACTIFS DE LABORATOIRE,Isopropanol,---,---,Unité,A,,False,72
Annexe 2 — Materiel Bio-Medical,Liste Complementaire,01,CONSOMMABLES ET REACTIFS DE LABORATOIRE,01.03,AUTRES REACTIFS DE LABORATOIRE,Isopropanol grade HPLC,---,---,Unité,A,,False,72
Annexe 2 — Materiel Bio-Medical,Liste Complementaire,01,CONSOMMABLES ET REACTIFS DE LABORATOIRE,01.03,AUTRES REACTIFS DE LABORATOIRE,Kits de tests toxicologiques urinaires rapides,---,---,Unité,A,,False,73
Annexe 2 — Materiel Bio-Medical,Liste Complementaire,01,CONSOMMABLES ET REACTIFS DE LABORATOIRE,01.03,AUTRES REACTIFS DE LABORATOIRE,L-Arginine dichlorhydrate,---,---,Unité,A,,False,73
Annexe 2 — Materiel Bio-Medical,Liste Complementaire,01,CONSOMMABLES ET REACTIFS DE LABORATOIRE,01.03,AUTRES REACTIFS DE LABORATOIRE,L-Lysine monochlorhydrate,---,---,Unité,A,,False,73
Annexe 2 — Materiel Bio-Medical,Liste Complementaire,01,CONSOMMABLES ET REACTIFS DE LABORATOIRE,01.03,AUTRES REACTIFS DE LABORATOIRE,L-Ornithine dichlorhydrate,---,---,Unité,A,,False,73
Annexe 2 — Materiel Bio-Medical,Liste Complementaire,01,CONSOMMABLES ET REACTIFS DE LABORATOIRE,01.03,AUTRES REACTIFS DE LABORATOIRE,Lugol,---,---,Unité,ABC,,False,73
Annexe 2 — Materiel Bio-Medical,Liste Complementaire,01,CONSOMMABLES ET REACTIFS DE LABORATOIRE,01.03,AUTRES REACTIFS DE LABORATOIRE,Méthanol 96° grade HPLC,---,---,Unité,A,,False,73
Annexe 2 — Materiel Bio-Medical,Liste Complementaire,01,CONSOMMABLES ET REACTIFS DE LABORATOIRE,01.03,AUTRES REACTIFS DE LABORATOIRE,NaCl poudre,---,---,Unité,ABC,,False,73
Annexe 2 — Materiel Bio-Medical,Liste Complementaire,01,CONSOMMABLES ET REACTIFS DE LABORATOIRE,01.03,AUTRES REACTIFS DE LABORATOIRE,Nitrate d'argent poudre,---,---,Unité,AB,,False,73
Annexe 2 — Materiel Bio-Medical,Liste Complementaire,01,CONSOMMABLES ET REACTIFS DE LABORATOIRE,01.03,AUTRES REACTIFS DE LABORATOIRE,Nitrofusiate de potassium,---,---,Unité,A,,False,73
Annexe 2 — Materiel Bio-Medical,Liste Complementaire,01,CONSOMMABLES ET REACTIFS DE LABORATOIRE,01.03,AUTRES REACTIFS DE LABORATOIRE,PAS (Poudre) pour antibiogramme BK,---,---,Unité,A,,False,73
Annexe 2 — Materiel Bio-Medical,Liste Complementaire,01,CONSOMMABLES ET REACTIFS DE LABORATOIRE,01.03,AUTRES REACTIFS DE LABORATOIRE,Phénol cristallisé pur,---,---,Unité,AB,,False,73
Annexe 2 — Materiel Bio-Medical,Liste Complementaire,01,CONSOMMABLES ET REACTIFS DE LABORATOIRE,01.03,AUTRES REACTIFS DE LABORATOIRE,Phosphate bipotassique,---,---,Unité,AB,,False,73
Annexe 2 — Materiel Bio-Medical,Liste Complementaire,01,CONSOMMABLES ET REACTIFS DE LABORATOIRE,01.03,AUTRES REACTIFS DE LABORATOIRE,Potasse 500 g,---,---,Unité,AB,,False,73
Annexe 2 — Materiel Bio-Medical,Liste Complementaire,01,CONSOMMABLES ET REACTIFS DE LABORATOIRE,01.03,AUTRES REACTIFS DE LABORATOIRE,Solution de glycérol,---,---,Unité,AB,,False,73
Annexe 2 — Materiel Bio-Medical,Liste Complementaire,01,CONSOMMABLES ET REACTIFS DE LABORATOIRE,01.03,AUTRES REACTIFS DE LABORATOIRE,Soude caustique NaoH,---,---,Unité,A,,False,73
Annexe 2 — Materiel Bio-Medical,Liste Complementaire,01,CONSOMMABLES ET REACTIFS DE LABORATOIRE,01.03,AUTRES REACTIFS DE LABORATOIRE,Sulfate d'Aluminium,---,---,Unité,AB,,False,73
Annexe 2 — Materiel Bio-Medical,Liste Complementaire,01,CONSOMMABLES ET REACTIFS DE LABORATOIRE,01.03,AUTRES REACTIFS DE LABORATOIRE,TCH (poudre) pour antibiogramme BK,---,---,Unité,A,,False,73
Annexe 2 — Materiel Bio-Medical,Liste Complementaire,01,CONSOMMABLES ET REACTIFS DE LABORATOIRE,01.03,AUTRES REACTIFS DE LABORATOIRE,Teinture de merthiolate N99,---,---,Unité,AB,,False,73
Annexe 2 — Materiel Bio-Medical,Liste Complementaire,01,CONSOMMABLES ET REACTIFS DE LABORATOIRE,01.03,AUTRES REACTIFS DE LABORATOIRE,Tellurite de potassium,---,---,Unité,A,,False,73
Annexe 2 — Materiel Bio-Medical,Liste Complementaire,01,CONSOMMABLES ET REACTIFS DE LABORATOIRE,01.03,AUTRES REACTIFS DE LABORATOIRE,"Toluène extra pur 2,5 l",---,---,Unité,ABC,,False,73
Annexe 2 — Materiel Bio-Medical,Liste Complementaire,01,CONSOMMABLES ET REACTIFS DE LABORATOIRE,01.03,AUTRES REACTIFS DE LABORATOIRE,Tryptophane,---,---,Unité,A,,False,73
Annexe 2 — Materiel Bio-Medical,Liste Complementaire,01,CONSOMMABLES ET REACTIFS DE LABORATOIRE,01.03,AUTRES REACTIFS DE LABORATOIRE,Tween 20,---,---,Unité,A,,False,73
Annexe 2 — Materiel Bio-Medical,Liste Complementaire,01,CONSOMMABLES ET REACTIFS DE LABORATOIRE,01.03,AUTRES REACTIFS DE LABORATOIRE,Tween 80,---,---,Unité,A,,False,73
Annexe 2 — Materiel Bio-Medical,Liste Complementaire,01,CONSOMMABLES ET REACTIFS DE LABORATOIRE,01.03,AUTRES REACTIFS DE LABORATOIRE,Vert de malachite,---,---,Unité,A,,False,73
Annexe 2 — Materiel Bio-Medical,Liste Complementaire,01,CONSOMMABLES ET REACTIFS DE LABORATOIRE,01.04,DISQUES D'ANTIBIOTIQUES POUR ANTIBIOGRAMME,Acide fusidique,---,---,Unité,AB,,False,73
Annexe 2 — Materiel Bio-Medical,Liste Complementaire,01,CONSOMMABLES ET REACTIFS DE LABORATOIRE,01.04,DISQUES D'ANTIBIOTIQUES POUR ANTIBIOGRAMME,Acide nalidixique,---,---,Unité,AB,,False,73
Annexe 2 — Materiel Bio-Medical,Liste Complementaire,01,CONSOMMABLES ET REACTIFS DE LABORATOIRE,01.04,DISQUES D'ANTIBIOTIQUES POUR ANTIBIOGRAMME,Amikacine,---,---,Unité,AB,,False,73
Annexe 2 — Materiel Bio-Medical,Liste Complementaire,01,CONSOMMABLES ET REACTIFS DE LABORATOIRE,01.04,DISQUES D'ANTIBIOTIQUES POUR ANTIBIOGRAMME,Amoxicilline,---,---,Unité,AB,,False,73
Annexe 2 — Materiel Bio-Medical,Liste Complementaire,01,CONSOMMABLES ET REACTIFS DE LABORATOIRE,01.04,DISQUES D'ANTIBIOTIQUES POUR ANTIBIOGRAMME,Amoxicilline + Acide clavulanique,---,---,Unité,AB,,False,73
Annexe 2 — Materiel Bio-Medical,Liste Complementaire,01,CONSOMMABLES ET REACTIFS DE LABORATOIRE,01.04,DISQUES D'ANTIBIOTIQUES POUR ANTIBIOGRAMME,Ampicilline,---,---,Unité,AB,,False,73
Annexe 2 — Materiel Bio-Medical,Liste Complementaire,01,CONSOMMABLES ET REACTIFS DE LABORATOIRE,01.04,DISQUES D'ANTIBIOTIQUES POUR ANTIBIOGRAMME,Azthréonam,---,---,Unité,AB,,False,73
Annexe 2 — Materiel Bio-Medical,Liste Complementaire,01,CONSOMMABLES ET REACTIFS DE LABORATOIRE,01.04,DISQUES D'ANTIBIOTIQUES POUR ANTIBIOGRAMME,Azytromycine,---,---,Unité,AB,,False,73
Annexe 2 — Materiel Bio-Medical,Liste Complementaire,01,CONSOMMABLES ET REACTIFS DE LABORATOIRE,01.04,DISQUES D'ANTIBIOTIQUES POUR ANTIBIOGRAMME,Céfalotine,---,---,Unité,AB,,False,73
Annexe 2 — Materiel Bio-Medical,Liste Complementaire,01,CONSOMMABLES ET REACTIFS DE LABORATOIRE,01.04,DISQUES D'ANTIBIOTIQUES POUR ANTIBIOGRAMME,Cefamandole,---,---,Unité,AB,,False,73
Annexe 2 — Materiel Bio-Medical,Liste Complementaire,01,CONSOMMABLES ET REACTIFS DE LABORATOIRE,01.04,DISQUES D'ANTIBIOTIQUES POUR ANTIBIOGRAMME,Céfépime,---,---,Unité,AB,,False,73
Annexe 2 — Materiel Bio-Medical,Liste Complementaire,01,CONSOMMABLES ET REACTIFS DE LABORATOIRE,01.04,DISQUES D'ANTIBIOTIQUES POUR ANTIBIOGRAMME,Céfinase,---,---,Unité,AB,,False,73
Annexe 2 — Materiel Bio-Medical,Liste Complementaire,01,CONSOMMABLES ET REACTIFS DE LABORATOIRE,01.04,DISQUES D'ANTIBIOTIQUES POUR ANTIBIOGRAMME,Céfixime,---,---,Unité,AB,,False,73
Annexe 2 — Materiel Bio-Medical,Liste Complementaire,01,CONSOMMABLES ET REACTIFS DE LABORATOIRE,01.04,DISQUES D'ANTIBIOTIQUES POUR ANTIBIOGRAMME,Céfotaxime,---,---,Unité,AB,,False,73
Annexe 2 — Materiel Bio-Medical,Liste Complementaire,01,CONSOMMABLES ET REACTIFS DE LABORATOIRE,01.04,DISQUES D'ANTIBIOTIQUES POUR ANTIBIOGRAMME,Céfoxitine,---,---,Unité,AB,,False,73
Annexe 2 — Materiel Bio-Medical,Liste Complementaire,01,CONSOMMABLES ET REACTIFS DE LABORATOIRE,01.04,DISQUES D'ANTIBIOTIQUES POUR ANTIBIOGRAMME,Cefpodoxime,---,---,Unité,AB,,False,73
Annexe 2 — Materiel Bio-Medical,Liste Complementaire,01,CONSOMMABLES ET REACTIFS DE LABORATOIRE,01.04,DISQUES D'ANTIBIOTIQUES POUR ANTIBIOGRAMME,Cefsulodine,---,---,Unité,AB,,False,73
Annexe 2 — Materiel Bio-Medical,Liste Complementaire,01,CONSOMMABLES ET REACTIFS DE LABORATOIRE,01.04,DISQUES D'ANTIBIOTIQUES POUR ANTIBIOGRAMME,Ceftazidine,---,---,Unité,AB,,False,73
Annexe 2 — Materiel Bio-Medical,Liste Complementaire,01,CONSOMMABLES ET REACTIFS DE LABORATOIRE,01.04,DISQUES D'ANTIBIOTIQUES POUR ANTIBIOGRAMME,Ceftriaxone,---,---,Unité,AB,,False,73
Annexe 2 — Materiel Bio-Medical,Liste Complementaire,01,CONSOMMABLES ET REACTIFS DE LABORATOIRE,01.04,DISQUES D'ANTIBIOTIQUES POUR ANTIBIOGRAMME,Céfuroxime,---,---,Unité,AB,,False,73
Annexe 2 — Materiel Bio-Medical,Liste Complementaire,01,CONSOMMABLES ET REACTIFS DE LABORATOIRE,01.04,DISQUES D'ANTIBIOTIQUES POUR ANTIBIOGRAMME,Chloramphénicol,---,---,Unité,AB,,False,73
Annexe 2 — Materiel Bio-Medical,Liste Complementaire,01,CONSOMMABLES ET REACTIFS DE LABORATOIRE,01.04,DISQUES D'ANTIBIOTIQUES POUR ANTIBIOGRAMME,Ciprofloxacine,---,---,Unité,AB,,False,73
Annexe 2 — Materiel Bio-Medical,Liste Complementaire,01,CONSOMMABLES ET REACTIFS DE LABORATOIRE,01.04,DISQUES D'ANTIBIOTIQUES POUR ANTIBIOGRAMME,Clarithromycine,---,---,Unité,AB,,False,73
Annexe 2 — Materiel Bio-Medical,Liste Complementaire,01,CONSOMMABLES ET REACTIFS DE LABORATOIRE,01.04,DISQUES D'ANTIBIOTIQUES POUR ANTIBIOGRAMME,Clindamycine,---,---,Unité,AB,,False,73
Annexe 2 — Materiel Bio-Medical,Liste Complementaire,01,CONSOMMABLES ET REACTIFS DE LABORATOIRE,01.04,DISQUES D'ANTIBIOTIQUES POUR ANTIBIOGRAMME,Colistine,---,---,Unité,AB,,False,73
Annexe 2 — Materiel Bio-Medical,Liste Complementaire,01,CONSOMMABLES ET REACTIFS DE LABORATOIRE,01.04,DISQUES D'ANTIBIOTIQUES POUR ANTIBIOGRAMME,Cotrimoxazole,---,---,Unité,AB,,False,73
Annexe 2 — Materiel Bio-Medical,Liste Complementaire,01,CONSOMMABLES ET REACTIFS DE LABORATOIRE,01.04,DISQUES D'ANTIBIOTIQUES POUR ANTIBIOGRAMME,Doxycycline,---,---,Unité,AB,,False,73
Annexe 2 — Materiel Bio-Medical,Liste Complementaire,01,CONSOMMABLES ET REACTIFS DE LABORATOIRE,01.04,DISQUES D'ANTIBIOTIQUES POUR ANTIBIOGRAMME,Erhytromicine,---,---,Unité,AB,,False,73
Annexe 2 — Materiel Bio-Medical,Liste Complementaire,01,CONSOMMABLES ET REACTIFS DE LABORATOIRE,01.04,DISQUES D'ANTIBIOTIQUES POUR ANTIBIOGRAMME,Ertapénème,---,---,Unité,AB,,False,73
Annexe 2 — Materiel Bio-Medical,Liste Complementaire,01,CONSOMMABLES ET REACTIFS DE LABORATOIRE,01.04,DISQUES D'ANTIBIOTIQUES POUR ANTIBIOGRAMME,Fosfomycine,---,---,Unité,AB,,False,74
Annexe 2 — Materiel Bio-Medical,Liste Complementaire,01,CONSOMMABLES ET REACTIFS DE LABORATOIRE,01.04,DISQUES D'ANTIBIOTIQUES POUR ANTIBIOGRAMME,Gentamicine,---,---,Unité,AB,,False,74
Annexe 2 — Materiel Bio-Medical,Liste Complementaire,01,CONSOMMABLES ET REACTIFS DE LABORATOIRE,01.04,DISQUES D'ANTIBIOTIQUES POUR ANTIBIOGRAMME,Gentamicine,500 µg,---,Unité,AB,,False,74
Annexe 2 — Materiel Bio-Medical,Liste Complementaire,01,CONSOMMABLES ET REACTIFS DE LABORATOIRE,01.04,DISQUES D'ANTIBIOTIQUES POUR ANTIBIOGRAMME,Imipenème,---,---,Unité,AB,,False,74
Annexe 2 — Materiel Bio-Medical,Liste Complementaire,01,CONSOMMABLES ET REACTIFS DE LABORATOIRE,01.04,DISQUES D'ANTIBIOTIQUES POUR ANTIBIOGRAMME,Kanamycine,---,---,Unité,AB,,False,74
Annexe 2 — Materiel Bio-Medical,Liste Complementaire,01,CONSOMMABLES ET REACTIFS DE LABORATOIRE,01.04,DISQUES D'ANTIBIOTIQUES POUR ANTIBIOGRAMME,Kanamycine,1000µg,---,Unité,AB,,False,74
Annexe 2 — Materiel Bio-Medical,Liste Complementaire,01,CONSOMMABLES ET REACTIFS DE LABORATOIRE,01.04,DISQUES D'ANTIBIOTIQUES POUR ANTIBIOGRAMME,Latamoxef,---,---,Unité,AB,,False,74
Annexe 2 — Materiel Bio-Medical,Liste Complementaire,01,CONSOMMABLES ET REACTIFS DE LABORATOIRE,01.04,DISQUES D'ANTIBIOTIQUES POUR ANTIBIOGRAMME,Levofloxacine,---,---,Unité,AB,,False,74
Annexe 2 — Materiel Bio-Medical,Liste Complementaire,01,CONSOMMABLES ET REACTIFS DE LABORATOIRE,01.04,DISQUES D'ANTIBIOTIQUES POUR ANTIBIOGRAMME,Lincomycine,---,---,Unité,AB,,False,74
Annexe 2 — Materiel Bio-Medical,Liste Complementaire,01,CONSOMMABLES ET REACTIFS DE LABORATOIRE,01.04,DISQUES D'ANTIBIOTIQUES POUR ANTIBIOGRAMME,Lincosamine,---,---,Unité,AB,,False,74
Annexe 2 — Materiel Bio-Medical,Liste Complementaire,01,CONSOMMABLES ET REACTIFS DE LABORATOIRE,01.04,DISQUES D'ANTIBIOTIQUES POUR ANTIBIOGRAMME,Mecillinam,---,---,Unité,AB,,False,74
Annexe 2 — Materiel Bio-Medical,Liste Complementaire,01,CONSOMMABLES ET REACTIFS DE LABORATOIRE,01.04,DISQUES D'ANTIBIOTIQUES POUR ANTIBIOGRAMME,Meropenème,---,---,Unité,AB,,False,74
Annexe 2 — Materiel Bio-Medical,Liste Complementaire,01,CONSOMMABLES ET REACTIFS DE LABORATOIRE,01.04,DISQUES D'ANTIBIOTIQUES POUR ANTIBIOGRAMME,Minocycline,---,---,Unité,AB,,False,74
Annexe 2 — Materiel Bio-Medical,Liste Complementaire,01,CONSOMMABLES ET REACTIFS DE LABORATOIRE,01.04,DISQUES D'ANTIBIOTIQUES POUR ANTIBIOGRAMME,Moxalatam,---,---,Unité,AB,,False,74
Annexe 2 — Materiel Bio-Medical,Liste Complementaire,01,CONSOMMABLES ET REACTIFS DE LABORATOIRE,01.04,DISQUES D'ANTIBIOTIQUES POUR ANTIBIOGRAMME,Moxifloxacine,---,---,Unité,AB,,False,74
Annexe 2 — Materiel Bio-Medical,Liste Complementaire,01,CONSOMMABLES ET REACTIFS DE LABORATOIRE,01.04,DISQUES D'ANTIBIOTIQUES POUR ANTIBIOGRAMME,Mupirocine,---,---,Unité,AB,,False,74
Annexe 2 — Materiel Bio-Medical,Liste Complementaire,01,CONSOMMABLES ET REACTIFS DE LABORATOIRE,01.04,DISQUES D'ANTIBIOTIQUES POUR ANTIBIOGRAMME,Nétilmicine,---,---,Unité,AB,,False,74
Annexe 2 — Materiel Bio-Medical,Liste Complementaire,01,CONSOMMABLES ET REACTIFS DE LABORATOIRE,01.04,DISQUES D'ANTIBIOTIQUES POUR ANTIBIOGRAMME,Nitrofurantoïne,---,---,Unité,AB,,False,74
Annexe 2 — Materiel Bio-Medical,Liste Complementaire,01,CONSOMMABLES ET REACTIFS DE LABORATOIRE,01.04,DISQUES D'ANTIBIOTIQUES POUR ANTIBIOGRAMME,Nitroxoline,---,---,Unité,AB,,False,74
Annexe 2 — Materiel Bio-Medical,Liste Complementaire,01,CONSOMMABLES ET REACTIFS DE LABORATOIRE,01.04,DISQUES D'ANTIBIOTIQUES POUR ANTIBIOGRAMME,Norfloxacine,---,---,Unité,AB,,False,74
Annexe 2 — Materiel Bio-Medical,Liste Complementaire,01,CONSOMMABLES ET REACTIFS DE LABORATOIRE,01.04,DISQUES D'ANTIBIOTIQUES POUR ANTIBIOGRAMME,Novobiocine,---,---,Unité,AB,,False,74
Annexe 2 — Materiel Bio-Medical,Liste Complementaire,01,CONSOMMABLES ET REACTIFS DE LABORATOIRE,01.04,DISQUES D'ANTIBIOTIQUES POUR ANTIBIOGRAMME,Ofloxacine,---,---,Unité,AB,,False,74
Annexe 2 — Materiel Bio-Medical,Liste Complementaire,01,CONSOMMABLES ET REACTIFS DE LABORATOIRE,01.04,DISQUES D'ANTIBIOTIQUES POUR ANTIBIOGRAMME,Optochine,---,---,Unité,AB,,False,74
Annexe 2 — Materiel Bio-Medical,Liste Complementaire,01,CONSOMMABLES ET REACTIFS DE LABORATOIRE,01.04,DISQUES D'ANTIBIOTIQUES POUR ANTIBIOGRAMME,Oxacilline,5 µg,---,Unité,AB,,False,74
Annexe 2 — Materiel Bio-Medical,Liste Complementaire,01,CONSOMMABLES ET REACTIFS DE LABORATOIRE,01.04,DISQUES D'ANTIBIOTIQUES POUR ANTIBIOGRAMME,Pefloxacine,---,---,Unité,AB,,False,74
Annexe 2 — Materiel Bio-Medical,Liste Complementaire,01,CONSOMMABLES ET REACTIFS DE LABORATOIRE,01.04,DISQUES D'ANTIBIOTIQUES POUR ANTIBIOGRAMME,Péniciline G,---,---,Unité,AB,,False,74
Annexe 2 — Materiel Bio-Medical,Liste Complementaire,01,CONSOMMABLES ET REACTIFS DE LABORATOIRE,01.04,DISQUES D'ANTIBIOTIQUES POUR ANTIBIOGRAMME,Pipéracilline,---,---,Unité,AB,,False,74
Annexe 2 — Materiel Bio-Medical,Liste Complementaire,01,CONSOMMABLES ET REACTIFS DE LABORATOIRE,01.04,DISQUES D'ANTIBIOTIQUES POUR ANTIBIOGRAMME,Pristinamycine,---,---,Unité,AB,,False,74
Annexe 2 — Materiel Bio-Medical,Liste Complementaire,01,CONSOMMABLES ET REACTIFS DE LABORATOIRE,01.04,DISQUES D'ANTIBIOTIQUES POUR ANTIBIOGRAMME,Rifampicine,---,---,Unité,AB,,False,74
Annexe 2 — Materiel Bio-Medical,Liste Complementaire,01,CONSOMMABLES ET REACTIFS DE LABORATOIRE,01.04,DISQUES D'ANTIBIOTIQUES POUR ANTIBIOGRAMME,Sparfloxacine,---,---,Unité,AB,,False,74
Annexe 2 — Materiel Bio-Medical,Liste Complementaire,01,CONSOMMABLES ET REACTIFS DE LABORATOIRE,01.04,DISQUES D'ANTIBIOTIQUES POUR ANTIBIOGRAMME,Spectinomycine,---,---,Unité,AB,,False,74
Annexe 2 — Materiel Bio-Medical,Liste Complementaire,01,CONSOMMABLES ET REACTIFS DE LABORATOIRE,01.04,DISQUES D'ANTIBIOTIQUES POUR ANTIBIOGRAMME,Spiramycine,---,---,Unité,AB,,False,74
Annexe 2 — Materiel Bio-Medical,Liste Complementaire,01,CONSOMMABLES ET REACTIFS DE LABORATOIRE,01.04,DISQUES D'ANTIBIOTIQUES POUR ANTIBIOGRAMME,Streptomycine,---,---,Unité,AB,,False,74
Annexe 2 — Materiel Bio-Medical,Liste Complementaire,01,CONSOMMABLES ET REACTIFS DE LABORATOIRE,01.04,DISQUES D'ANTIBIOTIQUES POUR ANTIBIOGRAMME,Streptomycine,500 ug,---,Unité,AB,,False,74
Annexe 2 — Materiel Bio-Medical,Liste Complementaire,01,CONSOMMABLES ET REACTIFS DE LABORATOIRE,01.04,DISQUES D'ANTIBIOTIQUES POUR ANTIBIOGRAMME,Sulfonamide,---,---,Unité,AB,,False,74
Annexe 2 — Materiel Bio-Medical,Liste Complementaire,01,CONSOMMABLES ET REACTIFS DE LABORATOIRE,01.04,DISQUES D'ANTIBIOTIQUES POUR ANTIBIOGRAMME,Teicoplanine,---,---,Unité,AB,,False,74
Annexe 2 — Materiel Bio-Medical,Liste Complementaire,01,CONSOMMABLES ET REACTIFS DE LABORATOIRE,01.04,DISQUES D'ANTIBIOTIQUES POUR ANTIBIOGRAMME,Tétracycline,---,---,Unité,AB,,False,74
Annexe 2 — Materiel Bio-Medical,Liste Complementaire,01,CONSOMMABLES ET REACTIFS DE LABORATOIRE,01.04,DISQUES D'ANTIBIOTIQUES POUR ANTIBIOGRAMME,Ticarcilline,---,---,Unité,AB,,False,74
Annexe 2 — Materiel Bio-Medical,Liste Complementaire,01,CONSOMMABLES ET REACTIFS DE LABORATOIRE,01.04,DISQUES D'ANTIBIOTIQUES POUR ANTIBIOGRAMME,Ticarcilline+Acide clavulanique,---,---,Unité,AB,,False,74
Annexe 2 — Materiel Bio-Medical,Liste Complementaire,01,CONSOMMABLES ET REACTIFS DE LABORATOIRE,01.04,DISQUES D'ANTIBIOTIQUES POUR ANTIBIOGRAMME,Tigecycline,---,---,Unité,AB,,False,74
Annexe 2 — Materiel Bio-Medical,Liste Complementaire,01,CONSOMMABLES ET REACTIFS DE LABORATOIRE,01.04,DISQUES D'ANTIBIOTIQUES POUR ANTIBIOGRAMME,Tobramycine,---,---,Unité,AB,,False,74
Annexe 2 — Materiel Bio-Medical,Liste Complementaire,01,CONSOMMABLES ET REACTIFS DE LABORATOIRE,01.04,DISQUES D'ANTIBIOTIQUES POUR ANTIBIOGRAMME,Triméthoprime,---,---,Unité,AB,,False,74
Annexe 2 — Materiel Bio-Medical,Liste Complementaire,01,CONSOMMABLES ET REACTIFS DE LABORATOIRE,01.04,DISQUES D'ANTIBIOTIQUES POUR ANTIBIOGRAMME,Vancomycine,---,---,Unité,AB,,False,74
Annexe 2 — Materiel Bio-Medical,Liste Complementaire,01,CONSOMMABLES ET REACTIFS DE LABORATOIRE,01.05,DISQUES D'ANTIFONGIQUES POUR ANTIFONGIGRAMME,5-Fluoro cytosine,---,---,Unité,AB,,False,74
Annexe 2 — Materiel Bio-Medical,Liste Complementaire,01,CONSOMMABLES ET REACTIFS DE LABORATOIRE,01.05,DISQUES D'ANTIFONGIQUES POUR ANTIFONGIGRAMME,Amphotericine B,---,---,Unité,AB,,False,74
Annexe 2 — Materiel Bio-Medical,Liste Complementaire,01,CONSOMMABLES ET REACTIFS DE LABORATOIRE,01.05,DISQUES D'ANTIFONGIQUES POUR ANTIFONGIGRAMME,Clotrimazole,---,---,Unité,AB,,False,74
Annexe 2 — Materiel Bio-Medical,Liste Complementaire,01,CONSOMMABLES ET REACTIFS DE LABORATOIRE,01.05,DISQUES D'ANTIFONGIQUES POUR ANTIFONGIGRAMME,Fluconazole,---,---,Unité,AB,,False,74
Annexe 2 — Materiel Bio-Medical,Liste Complementaire,01,CONSOMMABLES ET REACTIFS DE LABORATOIRE,01.05,DISQUES D'ANTIFONGIQUES POUR ANTIFONGIGRAMME,Ketoconazole,---,---,Unité,AB,,False,74
Annexe 2 — Materiel Bio-Medical,Liste Complementaire,01,CONSOMMABLES ET REACTIFS DE LABORATOIRE,01.05,DISQUES D'ANTIFONGIQUES POUR ANTIFONGIGRAMME,Miconazole,---,---,Unité,AB,,False,74
Annexe 2 — Materiel Bio-Medical,Liste Complementaire,01,CONSOMMABLES ET REACTIFS DE LABORATOIRE,01.05,DISQUES D'ANTIFONGIQUES POUR ANTIFONGIGRAMME,Nystatine,---,---,Unité,AB,,False,74
Annexe 2 — Materiel Bio-Medical,Liste Complementaire,02,OBJETS DE PANSEMENT,,,Bande de gaze 5m/7cm,---,---,Unité,ABCD,,False,74
Annexe 2 — Materiel Bio-Medical,Liste Complementaire,02,OBJETS DE PANSEMENT,,,Bande de résine 5,---,---,Unité,AB,,False,74
Annexe 2 — Materiel Bio-Medical,Liste Complementaire,02,OBJETS DE PANSEMENT,,,Bande de résine 7,---,---,Unité,AB,,False,75
Annexe 2 — Materiel Bio-Medical,Liste Complementaire,02,OBJETS DE PANSEMENT,,,Bande de résine 10,---,---,Unité,AB,,False,75
Annexe 2 — Materiel Bio-Medical,Liste Complementaire,02,OBJETS DE PANSEMENT,,,"Bande de résine 12,5",---,---,Unité,AB,,False,75
Annexe 2 — Materiel Bio-Medical,Liste Complementaire,02,OBJETS DE PANSEMENT,,,Bande extensible 3m/10cm,---,---,Rouleau,ABCD,,False,75
Annexe 2 — Materiel Bio-Medical,Liste Complementaire,02,OBJETS DE PANSEMENT,,,Bande extensible 3 m/7cm,---,---,Rouleau,ABCD,,False,75
Annexe 2 — Materiel Bio-Medical,Liste Complementaire,02,"OBJETS DE PANSEMENT CONSOMMABLES UTILISES EN CHIRURGIE GENERALE, EN TRAUMATOLOGIE ET EN ORTHOPEDIE",,,Aiguille de redon ch 9 droites,---,---,Unité,AB,,False,75
Annexe 2 — Materiel Bio-Medical,Liste Complementaire,02,"OBJETS DE PANSEMENT CONSOMMABLES UTILISES EN CHIRURGIE GENERALE, EN TRAUMATOLOGIE ET EN ORTHOPEDIE",,,Appareil de redon complet usage multiple,---,---,Unité,AB,,False,75
Annexe 2 — Materiel Bio-Medical,Liste Complementaire,02,"OBJETS DE PANSEMENT CONSOMMABLES UTILISES EN CHIRURGIE GENERALE, EN TRAUMATOLOGIE ET EN ORTHOPEDIE",,,Appareil de redon complet UU PM 250 ml,---,---,Unité,AB,,False,75
Annexe 2 — Materiel Bio-Medical,Liste Complementaire,02,"OBJETS DE PANSEMENT CONSOMMABLES UTILISES EN CHIRURGIE GENERALE, EN TRAUMATOLOGIE ET EN ORTHOPEDIE",,,Broche Kirschner* 1.6 Diam (16/10) Lxx mm,---,---,Unité,AB,,False,75
Annexe 2 — Materiel Bio-Medical,Liste Complementaire,02,"OBJETS DE PANSEMENT CONSOMMABLES UTILISES EN CHIRURGIE GENERALE, EN TRAUMATOLOGIE ET EN ORTHOPEDIE",,,Broche kirschner* 2.2 diam (22/10) lxx mm,---,---,Unité,AB,,False,75
Annexe 2 — Materiel Bio-Medical,Liste Complementaire,02,"OBJETS DE PANSEMENT CONSOMMABLES UTILISES EN CHIRURGIE GENERALE, EN TRAUMATOLOGIE ET EN ORTHOPEDIE",,,Broche kirschner* 2.3 diam (23/10) lxx mm,---,---,Unité,AB,,False,75
Annexe 2 — Materiel Bio-Medical,Liste Complementaire,02,"OBJETS DE PANSEMENT CONSOMMABLES UTILISES EN CHIRURGIE GENERALE, EN TRAUMATOLOGIE ET EN ORTHOPEDIE",,,"Broches kirshner-fil forage 1,4 mm diam. l310mm troc./rd (14/10)",---,---,Unité,AB,,False,75
Annexe 2 — Materiel Bio-Medical,Liste Complementaire,02,"OBJETS DE PANSEMENT CONSOMMABLES UTILISES EN CHIRURGIE GENERALE, EN TRAUMATOLOGIE ET EN ORTHOPEDIE",,,"Broches kirshner-fil forage 1,8 mm diam. l310mm troc./rd ( 18/10)",---,---,Unité,AB,,False,75
Annexe 2 — Materiel Bio-Medical,Liste Complementaire,02,"OBJETS DE PANSEMENT CONSOMMABLES UTILISES EN CHIRURGIE GENERALE, EN TRAUMATOLOGIE ET EN ORTHOPEDIE",,,"Broches kirshner-fil forage 2,0 mm diam. l310mm troc./rd (20/10)",---,---,Unité,AB,,False,75
Annexe 2 — Materiel Bio-Medical,Liste Complementaire,02,"OBJETS DE PANSEMENT CONSOMMABLES UTILISES EN CHIRURGIE GENERALE, EN TRAUMATOLOGIE ET EN ORTHOPEDIE",,,"Broches kirshner-fil forage 2,5 mm diam. l310mm troc./rd (25/10)",---,---,Unité,AB,,False,75
Annexe 2 — Materiel Bio-Medical,Liste Complementaire,02,"OBJETS DE PANSEMENT CONSOMMABLES UTILISES EN CHIRURGIE GENERALE, EN TRAUMATOLOGIE ET EN ORTHOPEDIE",,,"Broches kirshner-fil forage 3,0 mm diam. l310mm troc./rd (30/10)",---,---,Unité,AB,,False,75
Annexe 2 — Materiel Bio-Medical,Liste Complementaire,02,"OBJETS DE PANSEMENT CONSOMMABLES UTILISES EN CHIRURGIE GENERALE, EN TRAUMATOLOGIE ET EN ORTHOPEDIE",,,Ciment osseux evocem g1 (+gentamicin),---,---,Unité,AB,,False,75
Annexe 2 — Materiel Bio-Medical,Liste Complementaire,02,"OBJETS DE PANSEMENT CONSOMMABLES UTILISES EN CHIRURGIE GENERALE, EN TRAUMATOLOGIE ET EN ORTHOPEDIE",,,Clou gamma asco 11x240mm + vis cervicale 12x85mm,---,---,Unité,AB,,False,75
Annexe 2 — Materiel Bio-Medical,Liste Complementaire,02,"OBJETS DE PANSEMENT CONSOMMABLES UTILISES EN CHIRURGIE GENERALE, EN TRAUMATOLOGIE ET EN ORTHOPEDIE",,,Clou verrouillage femur acier targon 10x380 mm (10/38),---,---,Unité,AB,,False,75
Annexe 2 — Materiel Bio-Medical,Liste Complementaire,02,"OBJETS DE PANSEMENT CONSOMMABLES UTILISES EN CHIRURGIE GENERALE, EN TRAUMATOLOGIE ET EN ORTHOPEDIE",,,Clou verrouillage femur acier targon 10x400 mm (10/40),---,---,Unité,AB,,False,75
Annexe 2 — Materiel Bio-Medical,Liste Complementaire,02,"OBJETS DE PANSEMENT CONSOMMABLES UTILISES EN CHIRURGIE GENERALE, EN TRAUMATOLOGIE ET EN ORTHOPEDIE",,,Clou verrouillage femur acier targon 10x420 mm (10/42),---,---,Unité,AB,,False,75
Annexe 2 — Materiel Bio-Medical,Liste Complementaire,02,"OBJETS DE PANSEMENT CONSOMMABLES UTILISES EN CHIRURGIE GENERALE, EN TRAUMATOLOGIE ET EN ORTHOPEDIE",,,Clou verrouillage femur acier targon 10x440 mm (10/44),---,---,Unité,AB,,False,75
Annexe 2 — Materiel Bio-Medical,Liste Complementaire,02,"OBJETS DE PANSEMENT CONSOMMABLES UTILISES EN CHIRURGIE GENERALE, EN TRAUMATOLOGIE ET EN ORTHOPEDIE",,,Clou verrouillage femur acier targon 11x380 mm (11/38),---,---,Unité,AB,,False,75
Annexe 2 — Materiel Bio-Medical,Liste Complementaire,02,"OBJETS DE PANSEMENT CONSOMMABLES UTILISES EN CHIRURGIE GENERALE, EN TRAUMATOLOGIE ET EN ORTHOPEDIE",,,Clou verrouillage femur acier targon 11x400 mm (11/40),---,---,Unité,AB,,False,75
Annexe 2 — Materiel Bio-Medical,Liste Complementaire,02,"OBJETS DE PANSEMENT CONSOMMABLES UTILISES EN CHIRURGIE GENERALE, EN TRAUMATOLOGIE ET EN ORTHOPEDIE",,,Clou verrouillage femur acier targon 11x420 mm (11/42),---,---,Unité,AB,,False,75
Annexe 2 — Materiel Bio-Medical,Liste Complementaire,02,"OBJETS DE PANSEMENT CONSOMMABLES UTILISES EN CHIRURGIE GENERALE, EN TRAUMATOLOGIE ET EN ORTHOPEDIE",,,Clou verrouillage femur acier targon 11x440 mm (11/44),---,---,Unité,AB,,False,75
Annexe 2 — Materiel Bio-Medical,Liste Complementaire,02,"OBJETS DE PANSEMENT CONSOMMABLES UTILISES EN CHIRURGIE GENERALE, EN TRAUMATOLOGIE ET EN ORTHOPEDIE",,,Clou verrouillage femur acier targon 11x46mm (11/46),---,---,Unité,AB,,False,75
Annexe 2 — Materiel Bio-Medical,Liste Complementaire,02,"OBJETS DE PANSEMENT CONSOMMABLES UTILISES EN CHIRURGIE GENERALE, EN TRAUMATOLOGIE ET EN ORTHOPEDIE",,,Clou verrouillage femur acier targon 12x380 mm (12/38),---,---,Unité,AB,,False,75
Annexe 2 — Materiel Bio-Medical,Liste Complementaire,02,"OBJETS DE PANSEMENT CONSOMMABLES UTILISES EN CHIRURGIE GENERALE, EN TRAUMATOLOGIE ET EN ORTHOPEDIE",,,Clou verrouillage femur acier targon 12x400 mm (12/40),---,---,Unité,AB,,False,75
Annexe 2 — Materiel Bio-Medical,Liste Complementaire,02,"OBJETS DE PANSEMENT CONSOMMABLES UTILISES EN CHIRURGIE GENERALE, EN TRAUMATOLOGIE ET EN ORTHOPEDIE",,,Clou verrouillage femur acier targon 12x420 mm (12/42),---,---,Unité,AB,,False,75
Annexe 2 — Materiel Bio-Medical,Liste Complementaire,02,"OBJETS DE PANSEMENT CONSOMMABLES UTILISES EN CHIRURGIE GENERALE, EN TRAUMATOLOGIE ET EN ORTHOPEDIE",,,Clou verrouillage femur acier targon 12x440 mm (12/44),---,---,Unité,AB,,False,75
Annexe 2 — Materiel Bio-Medical,Liste Complementaire,02,"OBJETS DE PANSEMENT CONSOMMABLES UTILISES EN CHIRURGIE GENERALE, EN TRAUMATOLOGIE ET EN ORTHOPEDIE",,,Clou verrouillage femur acier targon 13x380 mm (13/38),---,---,Unité,AB,,False,75
Annexe 2 — Materiel Bio-Medical,Liste Complementaire,02,"OBJETS DE PANSEMENT CONSOMMABLES UTILISES EN CHIRURGIE GENERALE, EN TRAUMATOLOGIE ET EN ORTHOPEDIE",,,Clou verrouillage femur acier targon 13x400 mm (13/40),---,---,Unité,AB,,False,75
Annexe 2 — Materiel Bio-Medical,Liste Complementaire,02,"OBJETS DE PANSEMENT CONSOMMABLES UTILISES EN CHIRURGIE GENERALE, EN TRAUMATOLOGIE ET EN ORTHOPEDIE",,,Clou verrouillage femur acier targon 13x420 mm (13/42),---,---,Unité,AB,,False,75
Annexe 2 — Materiel Bio-Medical,Liste Complementaire,02,"OBJETS DE PANSEMENT CONSOMMABLES UTILISES EN CHIRURGIE GENERALE, EN TRAUMATOLOGIE ET EN ORTHOPEDIE",,,Clou verrouillage femur acier targon 13x440 mm (13/44),---,---,Unité,AB,,False,75
Annexe 2 — Materiel Bio-Medical,Liste Complementaire,02,"OBJETS DE PANSEMENT CONSOMMABLES UTILISES EN CHIRURGIE GENERALE, EN TRAUMATOLOGIE ET EN ORTHOPEDIE",,,Clou verrouillage tibia acier targon 10x285 mm (10/28.5),---,---,Unité,AB,,False,75
Annexe 2 — Materiel Bio-Medical,Liste Complementaire,02,"OBJETS DE PANSEMENT CONSOMMABLES UTILISES EN CHIRURGIE GENERALE, EN TRAUMATOLOGIE ET EN ORTHOPEDIE",,,Clou verrouillage tibia acier targon 10x300 mm (10/30),---,---,Unité,AB,,False,75
Annexe 2 — Materiel Bio-Medical,Liste Complementaire,02,"OBJETS DE PANSEMENT CONSOMMABLES UTILISES EN CHIRURGIE GENERALE, EN TRAUMATOLOGIE ET EN ORTHOPEDIE",,,Clou verrouillage tibia acier targon 10x315 mm (10/31.5),---,---,Unité,AB,,False,75
Annexe 2 — Materiel Bio-Medical,Liste Complementaire,02,"OBJETS DE PANSEMENT CONSOMMABLES UTILISES EN CHIRURGIE GENERALE, EN TRAUMATOLOGIE ET EN ORTHOPEDIE",,,Clou verrouillage tibia acier targon 10x330 mm (10/33),---,---,Unité,AB,,False,75
Annexe 2 — Materiel Bio-Medical,Liste Complementaire,02,"OBJETS DE PANSEMENT CONSOMMABLES UTILISES EN CHIRURGIE GENERALE, EN TRAUMATOLOGIE ET EN ORTHOPEDIE",,,Clou verrouillage tibia acier targon 10x345mm (10/34.5),---,---,Unité,AB,,False,75
Annexe 2 — Materiel Bio-Medical,Liste Complementaire,02,"OBJETS DE PANSEMENT CONSOMMABLES UTILISES EN CHIRURGIE GENERALE, EN TRAUMATOLOGIE ET EN ORTHOPEDIE",,,Clou verrouillage tibia acier targon 10x375 mm (10/37.5),---,---,Unité,AB,,False,75
Annexe 2 — Materiel Bio-Medical,Liste Complementaire,02,"OBJETS DE PANSEMENT CONSOMMABLES UTILISES EN CHIRURGIE GENERALE, EN TRAUMATOLOGIE ET EN ORTHOPEDIE",,,Clou verrouillage tibia acier targon 11x285 mm (11/28.5),---,---,Unité,AB,,False,75
Annexe 2 — Materiel Bio-Medical,Liste Complementaire,02,"OBJETS DE PANSEMENT CONSOMMABLES UTILISES EN CHIRURGIE GENERALE, EN TRAUMATOLOGIE ET EN ORTHOPEDIE",,,Clou verrouillage tibia acier targon 11x300 mm (11/30),---,---,Unité,AB,,False,75
Annexe 2 — Materiel Bio-Medical,Liste Complementaire,02,"OBJETS DE PANSEMENT CONSOMMABLES UTILISES EN CHIRURGIE GENERALE, EN TRAUMATOLOGIE ET EN ORTHOPEDIE",,,Clou verrouillage tibia acier targon 11x315 mm (11/31.5),---,---,Unité,AB,,False,75
Annexe 2 — Materiel Bio-Medical,Liste Complementaire,02,"OBJETS DE PANSEMENT CONSOMMABLES UTILISES EN CHIRURGIE GENERALE, EN TRAUMATOLOGIE ET EN ORTHOPEDIE",,,Clou verrouillage tibia acier targon 11x330 mm (11/33),---,---,Unité,AB,,False,75
Annexe 2 — Materiel Bio-Medical,Liste Complementaire,02,"OBJETS DE PANSEMENT CONSOMMABLES UTILISES EN CHIRURGIE GENERALE, EN TRAUMATOLOGIE ET EN ORTHOPEDIE",,,Clou verrouillage tibia acier targon 11x345mm (11/34.5),---,---,Unité,AB,,False,75
Annexe 2 — Materiel Bio-Medical,Liste Complementaire,02,"OBJETS DE PANSEMENT CONSOMMABLES UTILISES EN CHIRURGIE GENERALE, EN TRAUMATOLOGIE ET EN ORTHOPEDIE",,,Clou verrouillage tibia acier targon 11x375 mm (11/37.5),---,---,Unité,AB,,False,75
Annexe 2 — Materiel Bio-Medical,Liste Complementaire,02,"OBJETS DE PANSEMENT CONSOMMABLES UTILISES EN CHIRURGIE GENERALE, EN TRAUMATOLOGIE ET EN ORTHOPEDIE",,,Clou verrouillage tibia acier targon 12x300 mm (12/30),---,---,Unité,AB,,False,75
Annexe 2 — Materiel Bio-Medical,Liste Complementaire,02,"OBJETS DE PANSEMENT CONSOMMABLES UTILISES EN CHIRURGIE GENERALE, EN TRAUMATOLOGIE ET EN ORTHOPEDIE",,,Clou verrouillage tibia acier targon 12x315 mm (12/31.5),---,---,Unité,AB,,False,75
Annexe 2 — Materiel Bio-Medical,Liste Complementaire,02,"OBJETS DE PANSEMENT CONSOMMABLES UTILISES EN CHIRURGIE GENERALE, EN TRAUMATOLOGIE ET EN ORTHOPEDIE",,,Clou verrouillage tibia acier targon 12x330 mm (12/33),---,---,Unité,AB,,False,75
Annexe 2 — Materiel Bio-Medical,Liste Complementaire,02,"OBJETS DE PANSEMENT CONSOMMABLES UTILISES EN CHIRURGIE GENERALE, EN TRAUMATOLOGIE ET EN ORTHOPEDIE",,,Clou verrouillage tibia acier targon 12x345mm (12/34.5),---,---,Unité,AB,,False,75
Annexe 2 — Materiel Bio-Medical,Liste Complementaire,02,"OBJETS DE PANSEMENT CONSOMMABLES UTILISES EN CHIRURGIE GENERALE, EN TRAUMATOLOGIE ET EN ORTHOPEDIE",,,Clou verrouillage tibia acier targon 12x375 mm (12/37.5),---,---,Unité,AB,,False,75
Annexe 2 — Materiel Bio-Medical,Liste Complementaire,02,"OBJETS DE PANSEMENT CONSOMMABLES UTILISES EN CHIRURGIE GENERALE, EN TRAUMATOLOGIE ET EN ORTHOPEDIE",,,Clou verrouillage tibia acier targon 13x285 mm (13/28.5),---,---,Unité,AB,,False,75
Annexe 2 — Materiel Bio-Medical,Liste Complementaire,02,"OBJETS DE PANSEMENT CONSOMMABLES UTILISES EN CHIRURGIE GENERALE, EN TRAUMATOLOGIE ET EN ORTHOPEDIE CONSOMMABLES UTILISES EN CHIRURGIE GENERALE, EN TRAUMATOLOGIE ET EN ORTHOPEDIE",,,Clou verrouillage tibia acier targon 13x300 mm (13/30),---,---,Unité,AB,,False,76
Annexe 2 — Materiel Bio-Medical,Liste Complementaire,02,"OBJETS DE PANSEMENT CONSOMMABLES UTILISES EN CHIRURGIE GENERALE, EN TRAUMATOLOGIE ET EN ORTHOPEDIE CONSOMMABLES UTILISES EN CHIRURGIE GENERALE, EN TRAUMATOLOGIE ET EN ORTHOPEDIE",,,Clou verrouillage tibia acier targon 13x315 mm (13/31.5),---,---,Unité,AB,,False,76
Annexe 2 — Materiel Bio-Medical,Liste Complementaire,02,"OBJETS DE PANSEMENT CONSOMMABLES UTILISES EN CHIRURGIE GENERALE, EN TRAUMATOLOGIE ET EN ORTHOPEDIE CONSOMMABLES UTILISES EN CHIRURGIE GENERALE, EN TRAUMATOLOGIE ET EN ORTHOPEDIE",,,Clou verrouillage tibia acier targon 13x330 mm (13/33),---,---,Unité,AB,,False,76
Annexe 2 — Materiel Bio-Medical,Liste Complementaire,02,"OBJETS DE PANSEMENT CONSOMMABLES UTILISES EN CHIRURGIE GENERALE, EN TRAUMATOLOGIE ET EN ORTHOPEDIE CONSOMMABLES UTILISES EN CHIRURGIE GENERALE, EN TRAUMATOLOGIE ET EN ORTHOPEDIE",,,Clou verrouillage tibia acier targon 13x375 mm (13/37.5),---,---,Unité,AB,,False,76
Annexe 2 — Materiel Bio-Medical,Liste Complementaire,02,"OBJETS DE PANSEMENT CONSOMMABLES UTILISES EN CHIRURGIE GENERALE, EN TRAUMATOLOGIE ET EN ORTHOPEDIE CONSOMMABLES UTILISES EN CHIRURGIE GENERALE, EN TRAUMATOLOGIE ET EN ORTHOPEDIE",,,Clou verrouillage tibia acier targon 9x300mm (9/30),---,---,Unité,AB,,False,76
Annexe 2 — Materiel Bio-Medical,Liste Complementaire,02,"OBJETS DE PANSEMENT CONSOMMABLES UTILISES EN CHIRURGIE GENERALE, EN TRAUMATOLOGIE ET EN ORTHOPEDIE CONSOMMABLES UTILISES EN CHIRURGIE GENERALE, EN TRAUMATOLOGIE ET EN ORTHOPEDIE",,,Clou verrouillage tibia acier targon 9x315mm (9/31.5),---,---,Unité,AB,,False,76
Annexe 2 — Materiel Bio-Medical,Liste Complementaire,02,"OBJETS DE PANSEMENT CONSOMMABLES UTILISES EN CHIRURGIE GENERALE, EN TRAUMATOLOGIE ET EN ORTHOPEDIE CONSOMMABLES UTILISES EN CHIRURGIE GENERALE, EN TRAUMATOLOGIE ET EN ORTHOPEDIE",,,Clou verrouillage tibia acier targon 9x330mm (9/33),---,---,Unité,AB,,False,76
Annexe 2 — Materiel Bio-Medical,Liste Complementaire,02,"OBJETS DE PANSEMENT CONSOMMABLES UTILISES EN CHIRURGIE GENERALE, EN TRAUMATOLOGIE ET EN ORTHOPEDIE CONSOMMABLES UTILISES EN CHIRURGIE GENERALE, EN TRAUMATOLOGIE ET EN ORTHOPEDIE",,,Clou verrouillage tibia acier targon 9x345mm (9/34.5),---,---,Unité,AB,,False,76
Annexe 2 — Materiel Bio-Medical,Liste Complementaire,02,"OBJETS DE PANSEMENT CONSOMMABLES UTILISES EN CHIRURGIE GENERALE, EN TRAUMATOLOGIE ET EN ORTHOPEDIE CONSOMMABLES UTILISES EN CHIRURGIE GENERALE, EN TRAUMATOLOGIE ET EN ORTHOPEDIE",,,Clou verrouillage tibia acier targon 9x37mm (9/37),---,---,Unité,AB,,False,76
Annexe 2 — Materiel Bio-Medical,Liste Complementaire,02,"OBJETS DE PANSEMENT CONSOMMABLES UTILISES EN CHIRURGIE GENERALE, EN TRAUMATOLOGIE ET EN ORTHOPEDIE CONSOMMABLES UTILISES EN CHIRURGIE GENERALE, EN TRAUMATOLOGIE ET EN ORTHOPEDIE",,,Collier cervicaux semi-rigides,---,---,Unité,ABC,,False,76
Annexe 2 — Materiel Bio-Medical,Liste Complementaire,02,"OBJETS DE PANSEMENT CONSOMMABLES UTILISES EN CHIRURGIE GENERALE, EN TRAUMATOLOGIE ET EN ORTHOPEDIE CONSOMMABLES UTILISES EN CHIRURGIE GENERALE, EN TRAUMATOLOGIE ET EN ORTHOPEDIE",,,Colliers cervicaux rigides avec appui,---,---,Unité,ABC,,False,76
Annexe 2 — Materiel Bio-Medical,Liste Complementaire,02,"OBJETS DE PANSEMENT CONSOMMABLES UTILISES EN CHIRURGIE GENERALE, EN TRAUMATOLOGIE ET EN ORTHOPEDIE CONSOMMABLES UTILISES EN CHIRURGIE GENERALE, EN TRAUMATOLOGIE ET EN ORTHOPEDIE",,,Colliers cervicaux souples,---,---,Unité,ABC,,False,76
Annexe 2 — Materiel Bio-Medical,Liste Complementaire,02,"OBJETS DE PANSEMENT CONSOMMABLES UTILISES EN CHIRURGIE GENERALE, EN TRAUMATOLOGIE ET EN ORTHOPEDIE CONSOMMABLES UTILISES EN CHIRURGIE GENERALE, EN TRAUMATOLOGIE ET EN ORTHOPEDIE",,,Cotyle capitole t 47 (cupule + insert),---,---,Unité,AB,,False,76
Annexe 2 — Materiel Bio-Medical,Liste Complementaire,02,"OBJETS DE PANSEMENT CONSOMMABLES UTILISES EN CHIRURGIE GENERALE, EN TRAUMATOLOGIE ET EN ORTHOPEDIE CONSOMMABLES UTILISES EN CHIRURGIE GENERALE, EN TRAUMATOLOGIE ET EN ORTHOPEDIE",,,Cotyle capitole t 49 (cupule + insert),---,---,Unité,AB,,False,76
Annexe 2 — Materiel Bio-Medical,Liste Complementaire,02,"OBJETS DE PANSEMENT CONSOMMABLES UTILISES EN CHIRURGIE GENERALE, EN TRAUMATOLOGIE ET EN ORTHOPEDIE CONSOMMABLES UTILISES EN CHIRURGIE GENERALE, EN TRAUMATOLOGIE ET EN ORTHOPEDIE",,,Cotyle capitole t 51 (cupule + insert),---,---,Unité,AB,,False,76
Annexe 2 — Materiel Bio-Medical,Liste Complementaire,02,"OBJETS DE PANSEMENT CONSOMMABLES UTILISES EN CHIRURGIE GENERALE, EN TRAUMATOLOGIE ET EN ORTHOPEDIE CONSOMMABLES UTILISES EN CHIRURGIE GENERALE, EN TRAUMATOLOGIE ET EN ORTHOPEDIE",,,Cotyle capitole t 53 (cupule + insert),---,---,Unité,AB,,False,76
Annexe 2 — Materiel Bio-Medical,Liste Complementaire,02,"OBJETS DE PANSEMENT CONSOMMABLES UTILISES EN CHIRURGIE GENERALE, EN TRAUMATOLOGIE ET EN ORTHOPEDIE CONSOMMABLES UTILISES EN CHIRURGIE GENERALE, EN TRAUMATOLOGIE ET EN ORTHOPEDIE",,,Cupule moonstone 41,---,---,Unité,AB,,False,76
Annexe 2 — Materiel Bio-Medical,Liste Complementaire,02,"OBJETS DE PANSEMENT CONSOMMABLES UTILISES EN CHIRURGIE GENERALE, EN TRAUMATOLOGIE ET EN ORTHOPEDIE CONSOMMABLES UTILISES EN CHIRURGIE GENERALE, EN TRAUMATOLOGIE ET EN ORTHOPEDIE",,,Cupule moonstone 42,---,---,Unité,AB,,False,76
Annexe 2 — Materiel Bio-Medical,Liste Complementaire,02,"OBJETS DE PANSEMENT CONSOMMABLES UTILISES EN CHIRURGIE GENERALE, EN TRAUMATOLOGIE ET EN ORTHOPEDIE CONSOMMABLES UTILISES EN CHIRURGIE GENERALE, EN TRAUMATOLOGIE ET EN ORTHOPEDIE",,,Cupule moonstone 43,---,---,Unité,AB,,False,76
Annexe 2 — Materiel Bio-Medical,Liste Complementaire,02,"OBJETS DE PANSEMENT CONSOMMABLES UTILISES EN CHIRURGIE GENERALE, EN TRAUMATOLOGIE ET EN ORTHOPEDIE CONSOMMABLES UTILISES EN CHIRURGIE GENERALE, EN TRAUMATOLOGIE ET EN ORTHOPEDIE",,,Cupule moonstone 44,---,---,Unité,AB,,False,76
Annexe 2 — Materiel Bio-Medical,Liste Complementaire,02,"OBJETS DE PANSEMENT CONSOMMABLES UTILISES EN CHIRURGIE GENERALE, EN TRAUMATOLOGIE ET EN ORTHOPEDIE CONSOMMABLES UTILISES EN CHIRURGIE GENERALE, EN TRAUMATOLOGIE ET EN ORTHOPEDIE",,,Cupule moonstone 45,---,---,Unité,AB,,False,76
Annexe 2 — Materiel Bio-Medical,Liste Complementaire,02,"OBJETS DE PANSEMENT CONSOMMABLES UTILISES EN CHIRURGIE GENERALE, EN TRAUMATOLOGIE ET EN ORTHOPEDIE CONSOMMABLES UTILISES EN CHIRURGIE GENERALE, EN TRAUMATOLOGIE ET EN ORTHOPEDIE",,,Cupule moonstone 46,---,---,Unité,AB,,False,76
Annexe 2 — Materiel Bio-Medical,Liste Complementaire,02,"OBJETS DE PANSEMENT CONSOMMABLES UTILISES EN CHIRURGIE GENERALE, EN TRAUMATOLOGIE ET EN ORTHOPEDIE CONSOMMABLES UTILISES EN CHIRURGIE GENERALE, EN TRAUMATOLOGIE ET EN ORTHOPEDIE",,,Cupule moonstone 47,---,---,Unité,AB,,False,76
Annexe 2 — Materiel Bio-Medical,Liste Complementaire,02,"OBJETS DE PANSEMENT CONSOMMABLES UTILISES EN CHIRURGIE GENERALE, EN TRAUMATOLOGIE ET EN ORTHOPEDIE CONSOMMABLES UTILISES EN CHIRURGIE GENERALE, EN TRAUMATOLOGIE ET EN ORTHOPEDIE",,,Cupule moonstone 48,---,---,Unité,AB,,False,76
Annexe 2 — Materiel Bio-Medical,Liste Complementaire,02,"OBJETS DE PANSEMENT CONSOMMABLES UTILISES EN CHIRURGIE GENERALE, EN TRAUMATOLOGIE ET EN ORTHOPEDIE CONSOMMABLES UTILISES EN CHIRURGIE GENERALE, EN TRAUMATOLOGIE ET EN ORTHOPEDIE",,,Cupule moonstone 49,---,---,Unité,AB,,False,76
Annexe 2 — Materiel Bio-Medical,Liste Complementaire,02,"OBJETS DE PANSEMENT CONSOMMABLES UTILISES EN CHIRURGIE GENERALE, EN TRAUMATOLOGIE ET EN ORTHOPEDIE CONSOMMABLES UTILISES EN CHIRURGIE GENERALE, EN TRAUMATOLOGIE ET EN ORTHOPEDIE",,,Cupule moonstone 50,---,---,Unité,AB,,False,76
Annexe 2 — Materiel Bio-Medical,Liste Complementaire,02,"OBJETS DE PANSEMENT CONSOMMABLES UTILISES EN CHIRURGIE GENERALE, EN TRAUMATOLOGIE ET EN ORTHOPEDIE CONSOMMABLES UTILISES EN CHIRURGIE GENERALE, EN TRAUMATOLOGIE ET EN ORTHOPEDIE",,,Davier de Heitz Boyer GM,---,---,Unité,AB,,False,76
Annexe 2 — Materiel Bio-Medical,Liste Complementaire,02,"OBJETS DE PANSEMENT CONSOMMABLES UTILISES EN CHIRURGIE GENERALE, EN TRAUMATOLOGIE ET EN ORTHOPEDIE CONSOMMABLES UTILISES EN CHIRURGIE GENERALE, EN TRAUMATOLOGIE ET EN ORTHOPEDIE",,,Davier de Heitz Boyer MM,---,---,Unité,AB,,False,76
Annexe 2 — Materiel Bio-Medical,Liste Complementaire,02,"OBJETS DE PANSEMENT CONSOMMABLES UTILISES EN CHIRURGIE GENERALE, EN TRAUMATOLOGIE ET EN ORTHOPEDIE CONSOMMABLES UTILISES EN CHIRURGIE GENERALE, EN TRAUMATOLOGIE ET EN ORTHOPEDIE",,,Davier de Heitz Boyer PM,---,---,Unité,AB,,False,76
Annexe 2 — Materiel Bio-Medical,Liste Complementaire,02,"OBJETS DE PANSEMENT CONSOMMABLES UTILISES EN CHIRURGIE GENERALE, EN TRAUMATOLOGIE ET EN ORTHOPEDIE CONSOMMABLES UTILISES EN CHIRURGIE GENERALE, EN TRAUMATOLOGIE ET EN ORTHOPEDIE",,,Fauteuil roulant,,,Unité,ABCD,,False,76
Annexe 2 — Materiel Bio-Medical,Liste Complementaire,02,"OBJETS DE PANSEMENT CONSOMMABLES UTILISES EN CHIRURGIE GENERALE, EN TRAUMATOLOGIE ET EN ORTHOPEDIE CONSOMMABLES UTILISES EN CHIRURGIE GENERALE, EN TRAUMATOLOGIE ET EN ORTHOPEDIE",,,Fil d'acier n°3,---,---,Unité,AB,,False,76
Annexe 2 — Materiel Bio-Medical,Liste Complementaire,02,"OBJETS DE PANSEMENT CONSOMMABLES UTILISES EN CHIRURGIE GENERALE, EN TRAUMATOLOGIE ET EN ORTHOPEDIE CONSOMMABLES UTILISES EN CHIRURGIE GENERALE, EN TRAUMATOLOGIE ET EN ORTHOPEDIE",,,Fil d'acier n°5,---,---,Unité,AB,,False,76
Annexe 2 — Materiel Bio-Medical,Liste Complementaire,02,"OBJETS DE PANSEMENT CONSOMMABLES UTILISES EN CHIRURGIE GENERALE, EN TRAUMATOLOGIE ET EN ORTHOPEDIE CONSOMMABLES UTILISES EN CHIRURGIE GENERALE, EN TRAUMATOLOGIE ET EN ORTHOPEDIE",,,Fil d'acier n°6,---,---,Unité,AB,,False,76
Annexe 2 — Materiel Bio-Medical,Liste Complementaire,02,"OBJETS DE PANSEMENT CONSOMMABLES UTILISES EN CHIRURGIE GENERALE, EN TRAUMATOLOGIE ET EN ORTHOPEDIE CONSOMMABLES UTILISES EN CHIRURGIE GENERALE, EN TRAUMATOLOGIE ET EN ORTHOPEDIE",,,"Fil de cerclage diam 0,5mm (5/10) traumato rl de 10m",---,---,Unité,AB,,False,76
Annexe 2 — Materiel Bio-Medical,Liste Complementaire,02,"OBJETS DE PANSEMENT CONSOMMABLES UTILISES EN CHIRURGIE GENERALE, EN TRAUMATOLOGIE ET EN ORTHOPEDIE CONSOMMABLES UTILISES EN CHIRURGIE GENERALE, EN TRAUMATOLOGIE ET EN ORTHOPEDIE",,,"Fil de cerclage diam 1,0mm (10/10) traumato rl de 10m",---,---,Unité,AB,,False,76
Annexe 2 — Materiel Bio-Medical,Liste Complementaire,02,"OBJETS DE PANSEMENT CONSOMMABLES UTILISES EN CHIRURGIE GENERALE, EN TRAUMATOLOGIE ET EN ORTHOPEDIE CONSOMMABLES UTILISES EN CHIRURGIE GENERALE, EN TRAUMATOLOGIE ET EN ORTHOPEDIE",,,"Fil de cerclage diam 1,5mm (15/10) traumato rl de 10m",---,---,Unité,AB,,False,76
Annexe 2 — Materiel Bio-Medical,Liste Complementaire,02,"OBJETS DE PANSEMENT CONSOMMABLES UTILISES EN CHIRURGIE GENERALE, EN TRAUMATOLOGIE ET EN ORTHOPEDIE CONSOMMABLES UTILISES EN CHIRURGIE GENERALE, EN TRAUMATOLOGIE ET EN ORTHOPEDIE",,,"Fil de cerclage diam 2,0 (20/10) traumato rl de 10m",---,---,Unité,AB,,False,76
Annexe 2 — Materiel Bio-Medical,Liste Complementaire,02,"OBJETS DE PANSEMENT CONSOMMABLES UTILISES EN CHIRURGIE GENERALE, EN TRAUMATOLOGIE ET EN ORTHOPEDIE CONSOMMABLES UTILISES EN CHIRURGIE GENERALE, EN TRAUMATOLOGIE ET EN ORTHOPEDIE",,,Fixateur externe droit axiale dyn. tibia / femur long (l) (ai),---,---,Unité,AB,,False,76
Annexe 2 — Materiel Bio-Medical,Liste Complementaire,02,"OBJETS DE PANSEMENT CONSOMMABLES UTILISES EN CHIRURGIE GENERALE, EN TRAUMATOLOGIE ET EN ORTHOPEDIE CONSOMMABLES UTILISES EN CHIRURGIE GENERALE, EN TRAUMATOLOGIE ET EN ORTHOPEDIE",,,Fixateur externe droit axiale dyn. tibia / femur medium (m) (ai),---,---,Unité,AB,,False,76
Annexe 2 — Materiel Bio-Medical,Liste Complementaire,02,"OBJETS DE PANSEMENT CONSOMMABLES UTILISES EN CHIRURGIE GENERALE, EN TRAUMATOLOGIE ET EN ORTHOPEDIE CONSOMMABLES UTILISES EN CHIRURGIE GENERALE, EN TRAUMATOLOGIE ET EN ORTHOPEDIE",,,Fixateur externe orthofix membre superieur + fiches,---,---,Unité,AB,,False,76
Annexe 2 — Materiel Bio-Medical,Liste Complementaire,02,"OBJETS DE PANSEMENT CONSOMMABLES UTILISES EN CHIRURGIE GENERALE, EN TRAUMATOLOGIE ET EN ORTHOPEDIE CONSOMMABLES UTILISES EN CHIRURGIE GENERALE, EN TRAUMATOLOGIE ET EN ORTHOPEDIE",,,Lampe infrarouge 250 W,---,---,Unité,AB,,False,76
Annexe 2 — Materiel Bio-Medical,Liste Complementaire,02,"OBJETS DE PANSEMENT CONSOMMABLES UTILISES EN CHIRURGIE GENERALE, EN TRAUMATOLOGIE ET EN ORTHOPEDIE CONSOMMABLES UTILISES EN CHIRURGIE GENERALE, EN TRAUMATOLOGIE ET EN ORTHOPEDIE",,,Mousse EVAPOREE,---,---,Unité,AB,,False,76
Annexe 2 — Materiel Bio-Medical,Liste Complementaire,02,"OBJETS DE PANSEMENT CONSOMMABLES UTILISES EN CHIRURGIE GENERALE, EN TRAUMATOLOGIE ET EN ORTHOPEDIE CONSOMMABLES UTILISES EN CHIRURGIE GENERALE, EN TRAUMATOLOGIE ET EN ORTHOPEDIE",,,Mousse HEVEA,---,---,Unité,AB,,False,76
Annexe 2 — Materiel Bio-Medical,Liste Complementaire,02,"OBJETS DE PANSEMENT CONSOMMABLES UTILISES EN CHIRURGIE GENERALE, EN TRAUMATOLOGIE ET EN ORTHOPEDIE CONSOMMABLES UTILISES EN CHIRURGIE GENERALE, EN TRAUMATOLOGIE ET EN ORTHOPEDIE",,,Pince coupante coudée 22 cm,---,---,Unité,AB,,False,76
Annexe 2 — Materiel Bio-Medical,Liste Complementaire,02,"OBJETS DE PANSEMENT CONSOMMABLES UTILISES EN CHIRURGIE GENERALE, EN TRAUMATOLOGIE ET EN ORTHOPEDIE CONSOMMABLES UTILISES EN CHIRURGIE GENERALE, EN TRAUMATOLOGIE ET EN ORTHOPEDIE",,,Pince coupante droite 22cm,---,---,Unité,AB,,False,76
Annexe 2 — Materiel Bio-Medical,Liste Complementaire,02,"OBJETS DE PANSEMENT CONSOMMABLES UTILISES EN CHIRURGIE GENERALE, EN TRAUMATOLOGIE ET EN ORTHOPEDIE CONSOMMABLES UTILISES EN CHIRURGIE GENERALE, EN TRAUMATOLOGIE ET EN ORTHOPEDIE",,,"Plaque 1/3 tube 4 trous l 9,0mm l 49mm",---,---,Unité,AB,,False,76
Annexe 2 — Materiel Bio-Medical,Liste Complementaire,02,"OBJETS DE PANSEMENT CONSOMMABLES UTILISES EN CHIRURGIE GENERALE, EN TRAUMATOLOGIE ET EN ORTHOPEDIE CONSOMMABLES UTILISES EN CHIRURGIE GENERALE, EN TRAUMATOLOGIE ET EN ORTHOPEDIE",,,"Plaque 1/3 tube 5 trous l 9,0mm l 61mm",---,---,Unité,AB,,False,76
Annexe 2 — Materiel Bio-Medical,Liste Complementaire,02,"OBJETS DE PANSEMENT CONSOMMABLES UTILISES EN CHIRURGIE GENERALE, EN TRAUMATOLOGIE ET EN ORTHOPEDIE CONSOMMABLES UTILISES EN CHIRURGIE GENERALE, EN TRAUMATOLOGIE ET EN ORTHOPEDIE",,,"Plaque 1/3 tube 6 trous l 9,0mm l 73mm",---,---,Unité,AB,,False,76
Annexe 2 — Materiel Bio-Medical,Liste Complementaire,02,"OBJETS DE PANSEMENT CONSOMMABLES UTILISES EN CHIRURGIE GENERALE, EN TRAUMATOLOGIE ET EN ORTHOPEDIE CONSOMMABLES UTILISES EN CHIRURGIE GENERALE, EN TRAUMATOLOGIE ET EN ORTHOPEDIE",,,"Plaque 1/3 tube 7 trous l 9,0mm l 85mm",---,---,Unité,AB,,False,76
Annexe 2 — Materiel Bio-Medical,Liste Complementaire,02,"OBJETS DE PANSEMENT CONSOMMABLES UTILISES EN CHIRURGIE GENERALE, EN TRAUMATOLOGIE ET EN ORTHOPEDIE CONSOMMABLES UTILISES EN CHIRURGIE GENERALE, EN TRAUMATOLOGIE ET EN ORTHOPEDIE",,,"Plaque 1/3 tube 8 trous l 9,0mm l 97mm",---,---,Unité,AB,,False,76
Annexe 2 — Materiel Bio-Medical,Liste Complementaire,02,"OBJETS DE PANSEMENT CONSOMMABLES UTILISES EN CHIRURGIE GENERALE, EN TRAUMATOLOGIE ET EN ORTHOPEDIE CONSOMMABLES UTILISES EN CHIRURGIE GENERALE, EN TRAUMATOLOGIE ET EN ORTHOPEDIE",,,Plaque condylien. 7 trous l158mm [l] jambe gauche,---,---,Unité,AB,,False,76
Annexe 2 — Materiel Bio-Medical,Liste Complementaire,02,"OBJETS DE PANSEMENT CONSOMMABLES UTILISES EN CHIRURGIE GENERALE, EN TRAUMATOLOGIE ET EN ORTHOPEDIE CONSOMMABLES UTILISES EN CHIRURGIE GENERALE, EN TRAUMATOLOGIE ET EN ORTHOPEDIE",,,Plaque condylien. 7 trous l158mm [r] jambe droite,---,---,Unité,AB,,False,76
Annexe 2 — Materiel Bio-Medical,Liste Complementaire,02,"OBJETS DE PANSEMENT CONSOMMABLES UTILISES EN CHIRURGIE GENERALE, EN TRAUMATOLOGIE ET EN ORTHOPEDIE CONSOMMABLES UTILISES EN CHIRURGIE GENERALE, EN TRAUMATOLOGIE ET EN ORTHOPEDIE",,,Plaque condylien. 9 trous l190mm [l] jambe gauche,---,---,Unité,AB,,False,76
Annexe 2 — Materiel Bio-Medical,Liste Complementaire,02,"OBJETS DE PANSEMENT CONSOMMABLES UTILISES EN CHIRURGIE GENERALE, EN TRAUMATOLOGIE ET EN ORTHOPEDIE CONSOMMABLES UTILISES EN CHIRURGIE GENERALE, EN TRAUMATOLOGIE ET EN ORTHOPEDIE",,,Plaque condylien. 9 trous l190mm [r] jambe droite,---,---,Unité,AB,,False,76
Annexe 2 — Materiel Bio-Medical,Liste Complementaire,02,"OBJETS DE PANSEMENT CONSOMMABLES UTILISES EN CHIRURGIE GENERALE, EN TRAUMATOLOGIE ET EN ORTHOPEDIE CONSOMMABLES UTILISES EN CHIRURGIE GENERALE, EN TRAUMATOLOGIE ET EN ORTHOPEDIE CONSOMMABLES UTILISES EN CHIRURGIE GENERALE, EN TRAUMATOLOGIE ET EN ORTHOPEDIE",,,Plaque dcp étroit humerus 10 trous gliss. l 167mm,---,---,Unité,AB,,False,77
Annexe 2 — Materiel Bio-Medical,Liste Complementaire,02,"OBJETS DE PANSEMENT CONSOMMABLES UTILISES EN CHIRURGIE GENERALE, EN TRAUMATOLOGIE ET EN ORTHOPEDIE CONSOMMABLES UTILISES EN CHIRURGIE GENERALE, EN TRAUMATOLOGIE ET EN ORTHOPEDIE CONSOMMABLES UTILISES EN CHIRURGIE GENERALE, EN TRAUMATOLOGIE ET EN ORTHOPEDIE",,,Plaque dcp étroit humerus 6 trous gliss. l 103mm,---,---,Unité,AB,,False,77
Annexe 2 — Materiel Bio-Medical,Liste Complementaire,02,"OBJETS DE PANSEMENT CONSOMMABLES UTILISES EN CHIRURGIE GENERALE, EN TRAUMATOLOGIE ET EN ORTHOPEDIE CONSOMMABLES UTILISES EN CHIRURGIE GENERALE, EN TRAUMATOLOGIE ET EN ORTHOPEDIE CONSOMMABLES UTILISES EN CHIRURGIE GENERALE, EN TRAUMATOLOGIE ET EN ORTHOPEDIE",,,Plaque dcp étroit humerus 8 trous gliss. l 135mm,---,---,Unité,AB,,False,77
Annexe 2 — Materiel Bio-Medical,Liste Complementaire,02,"OBJETS DE PANSEMENT CONSOMMABLES UTILISES EN CHIRURGIE GENERALE, EN TRAUMATOLOGIE ET EN ORTHOPEDIE CONSOMMABLES UTILISES EN CHIRURGIE GENERALE, EN TRAUMATOLOGIE ET EN ORTHOPEDIE CONSOMMABLES UTILISES EN CHIRURGIE GENERALE, EN TRAUMATOLOGIE ET EN ORTHOPEDIE",,,Plaque dcp étroit humerus 12 trous gliss. l 199mm,---,---,Unité,AB,,False,77
Annexe 2 — Materiel Bio-Medical,Liste Complementaire,02,"OBJETS DE PANSEMENT CONSOMMABLES UTILISES EN CHIRURGIE GENERALE, EN TRAUMATOLOGIE ET EN ORTHOPEDIE CONSOMMABLES UTILISES EN CHIRURGIE GENERALE, EN TRAUMATOLOGIE ET EN ORTHOPEDIE CONSOMMABLES UTILISES EN CHIRURGIE GENERALE, EN TRAUMATOLOGIE ET EN ORTHOPEDIE",,,Plaque dcp large femur 10 trous gliss. l 167mm,---,---,Unité,AB,,False,77
Annexe 2 — Materiel Bio-Medical,Liste Complementaire,02,"OBJETS DE PANSEMENT CONSOMMABLES UTILISES EN CHIRURGIE GENERALE, EN TRAUMATOLOGIE ET EN ORTHOPEDIE CONSOMMABLES UTILISES EN CHIRURGIE GENERALE, EN TRAUMATOLOGIE ET EN ORTHOPEDIE CONSOMMABLES UTILISES EN CHIRURGIE GENERALE, EN TRAUMATOLOGIE ET EN ORTHOPEDIE",,,Plaque dcp large femur 14 trous gliss. l 231mm,---,---,Unité,AB,,False,77
Annexe 2 — Materiel Bio-Medical,Liste Complementaire,02,"OBJETS DE PANSEMENT CONSOMMABLES UTILISES EN CHIRURGIE GENERALE, EN TRAUMATOLOGIE ET EN ORTHOPEDIE CONSOMMABLES UTILISES EN CHIRURGIE GENERALE, EN TRAUMATOLOGIE ET EN ORTHOPEDIE CONSOMMABLES UTILISES EN CHIRURGIE GENERALE, EN TRAUMATOLOGIE ET EN ORTHOPEDIE",,,Plaque de polypropylène 3 mm,---,---,Unité,AB,,False,77
Annexe 2 — Materiel Bio-Medical,Liste Complementaire,02,"OBJETS DE PANSEMENT CONSOMMABLES UTILISES EN CHIRURGIE GENERALE, EN TRAUMATOLOGIE ET EN ORTHOPEDIE CONSOMMABLES UTILISES EN CHIRURGIE GENERALE, EN TRAUMATOLOGIE ET EN ORTHOPEDIE CONSOMMABLES UTILISES EN CHIRURGIE GENERALE, EN TRAUMATOLOGIE ET EN ORTHOPEDIE",,,Plaque de polypropylène 4 mm,---,---,Unité,AB,,False,77
Annexe 2 — Materiel Bio-Medical,Liste Complementaire,02,"OBJETS DE PANSEMENT CONSOMMABLES UTILISES EN CHIRURGIE GENERALE, EN TRAUMATOLOGIE ET EN ORTHOPEDIE CONSOMMABLES UTILISES EN CHIRURGIE GENERALE, EN TRAUMATOLOGIE ET EN ORTHOPEDIE CONSOMMABLES UTILISES EN CHIRURGIE GENERALE, EN TRAUMATOLOGIE ET EN ORTHOPEDIE",,,Plaque de polypropylène 5 mm,---,---,Unité,AB,,False,77
Annexe 2 — Materiel Bio-Medical,Liste Complementaire,02,"OBJETS DE PANSEMENT CONSOMMABLES UTILISES EN CHIRURGIE GENERALE, EN TRAUMATOLOGIE ET EN ORTHOPEDIE CONSOMMABLES UTILISES EN CHIRURGIE GENERALE, EN TRAUMATOLOGIE ET EN ORTHOPEDIE CONSOMMABLES UTILISES EN CHIRURGIE GENERALE, EN TRAUMATOLOGIE ET EN ORTHOPEDIE",,,Plaque de reconstruction 3.5 droite 8 trous . l 94mm,---,---,Unité,AB,,False,77
Annexe 2 — Materiel Bio-Medical,Liste Complementaire,02,"OBJETS DE PANSEMENT CONSOMMABLES UTILISES EN CHIRURGIE GENERALE, EN TRAUMATOLOGIE ET EN ORTHOPEDIE CONSOMMABLES UTILISES EN CHIRURGIE GENERALE, EN TRAUMATOLOGIE ET EN ORTHOPEDIE CONSOMMABLES UTILISES EN CHIRURGIE GENERALE, EN TRAUMATOLOGIE ET EN ORTHOPEDIE",,,Plaque de trefle 3 trous l 88mm,---,---,Unité,AB,,False,77
Annexe 2 — Materiel Bio-Medical,Liste Complementaire,02,"OBJETS DE PANSEMENT CONSOMMABLES UTILISES EN CHIRURGIE GENERALE, EN TRAUMATOLOGIE ET EN ORTHOPEDIE CONSOMMABLES UTILISES EN CHIRURGIE GENERALE, EN TRAUMATOLOGIE ET EN ORTHOPEDIE CONSOMMABLES UTILISES EN CHIRURGIE GENERALE, EN TRAUMATOLOGIE ET EN ORTHOPEDIE",,,Plaque de trefle 4 trous l104mm,---,---,Unité,AB,,False,77
Annexe 2 — Materiel Bio-Medical,Liste Complementaire,02,"OBJETS DE PANSEMENT CONSOMMABLES UTILISES EN CHIRURGIE GENERALE, EN TRAUMATOLOGIE ET EN ORTHOPEDIE CONSOMMABLES UTILISES EN CHIRURGIE GENERALE, EN TRAUMATOLOGIE ET EN ORTHOPEDIE CONSOMMABLES UTILISES EN CHIRURGIE GENERALE, EN TRAUMATOLOGIE ET EN ORTHOPEDIE",,,Plaque en l 6 trous l 116mm [l] gauche -tibia,---,---,Unité,AB,,False,77
Annexe 2 — Materiel Bio-Medical,Liste Complementaire,02,"OBJETS DE PANSEMENT CONSOMMABLES UTILISES EN CHIRURGIE GENERALE, EN TRAUMATOLOGIE ET EN ORTHOPEDIE CONSOMMABLES UTILISES EN CHIRURGIE GENERALE, EN TRAUMATOLOGIE ET EN ORTHOPEDIE CONSOMMABLES UTILISES EN CHIRURGIE GENERALE, EN TRAUMATOLOGIE ET EN ORTHOPEDIE",,,Plaque en l 6 trous l116mm [r] droite -tibia,---,---,Unité,AB,,False,77
Annexe 2 — Materiel Bio-Medical,Liste Complementaire,02,"OBJETS DE PANSEMENT CONSOMMABLES UTILISES EN CHIRURGIE GENERALE, EN TRAUMATOLOGIE ET EN ORTHOPEDIE CONSOMMABLES UTILISES EN CHIRURGIE GENERALE, EN TRAUMATOLOGIE ET EN ORTHOPEDIE CONSOMMABLES UTILISES EN CHIRURGIE GENERALE, EN TRAUMATOLOGIE ET EN ORTHOPEDIE",,,Plaque en l 8 trous l148mm [l] gauche -tibia,---,---,Unité,AB,,False,77
Annexe 2 — Materiel Bio-Medical,Liste Complementaire,02,"OBJETS DE PANSEMENT CONSOMMABLES UTILISES EN CHIRURGIE GENERALE, EN TRAUMATOLOGIE ET EN ORTHOPEDIE CONSOMMABLES UTILISES EN CHIRURGIE GENERALE, EN TRAUMATOLOGIE ET EN ORTHOPEDIE CONSOMMABLES UTILISES EN CHIRURGIE GENERALE, EN TRAUMATOLOGIE ET EN ORTHOPEDIE",,,Plaque en l 8 trous l148mm [r] droite -tibia,---,---,Unité,AB,,False,77
Annexe 2 — Materiel Bio-Medical,Liste Complementaire,02,"OBJETS DE PANSEMENT CONSOMMABLES UTILISES EN CHIRURGIE GENERALE, EN TRAUMATOLOGIE ET EN ORTHOPEDIE CONSOMMABLES UTILISES EN CHIRURGIE GENERALE, EN TRAUMATOLOGIE ET EN ORTHOPEDIE CONSOMMABLES UTILISES EN CHIRURGIE GENERALE, EN TRAUMATOLOGIE ET EN ORTHOPEDIE",,,Plaque en t 5 trous l100mm -tibia,---,---,Unité,AB,,False,77
Annexe 2 — Materiel Bio-Medical,Liste Complementaire,02,"OBJETS DE PANSEMENT CONSOMMABLES UTILISES EN CHIRURGIE GENERALE, EN TRAUMATOLOGIE ET EN ORTHOPEDIE CONSOMMABLES UTILISES EN CHIRURGIE GENERALE, EN TRAUMATOLOGIE ET EN ORTHOPEDIE CONSOMMABLES UTILISES EN CHIRURGIE GENERALE, EN TRAUMATOLOGIE ET EN ORTHOPEDIE",,,Plaque en t 6 trous l116mm -tibia,---,---,Unité,AB,,False,77
Annexe 2 — Materiel Bio-Medical,Liste Complementaire,02,"OBJETS DE PANSEMENT CONSOMMABLES UTILISES EN CHIRURGIE GENERALE, EN TRAUMATOLOGIE ET EN ORTHOPEDIE CONSOMMABLES UTILISES EN CHIRURGIE GENERALE, EN TRAUMATOLOGIE ET EN ORTHOPEDIE CONSOMMABLES UTILISES EN CHIRURGIE GENERALE, EN TRAUMATOLOGIE ET EN ORTHOPEDIE",,,Plaque en t 8 trous,---,---,Unité,AB,,False,77
Annexe 2 — Materiel Bio-Medical,Liste Complementaire,02,"OBJETS DE PANSEMENT CONSOMMABLES UTILISES EN CHIRURGIE GENERALE, EN TRAUMATOLOGIE ET EN ORTHOPEDIE CONSOMMABLES UTILISES EN CHIRURGIE GENERALE, EN TRAUMATOLOGIE ET EN ORTHOPEDIE CONSOMMABLES UTILISES EN CHIRURGIE GENERALE, EN TRAUMATOLOGIE ET EN ORTHOPEDIE",,,Plaque en t 5 trous de fragm. petite l 32mm droite,---,---,Unité,AB,,False,77
Annexe 2 — Materiel Bio-Medical,Liste Complementaire,02,"OBJETS DE PANSEMENT CONSOMMABLES UTILISES EN CHIRURGIE GENERALE, EN TRAUMATOLOGIE ET EN ORTHOPEDIE CONSOMMABLES UTILISES EN CHIRURGIE GENERALE, EN TRAUMATOLOGIE ET EN ORTHOPEDIE CONSOMMABLES UTILISES EN CHIRURGIE GENERALE, EN TRAUMATOLOGIE ET EN ORTHOPEDIE",,,Prothese herniaire premilene-mesh 0.8 micro 15x15cm,---,---,Unité,AB,,False,77
Annexe 2 — Materiel Bio-Medical,Liste Complementaire,02,"OBJETS DE PANSEMENT CONSOMMABLES UTILISES EN CHIRURGIE GENERALE, EN TRAUMATOLOGIE ET EN ORTHOPEDIE CONSOMMABLES UTILISES EN CHIRURGIE GENERALE, EN TRAUMATOLOGIE ET EN ORTHOPEDIE CONSOMMABLES UTILISES EN CHIRURGIE GENERALE, EN TRAUMATOLOGIE ET EN ORTHOPEDIE",,,Prothese herniare optilene-mesh 1.0 micro. 4.5x10cm,---,---,Unité,AB,,False,77
Annexe 2 — Materiel Bio-Medical,Liste Complementaire,02,"OBJETS DE PANSEMENT CONSOMMABLES UTILISES EN CHIRURGIE GENERALE, EN TRAUMATOLOGIE ET EN ORTHOPEDIE CONSOMMABLES UTILISES EN CHIRURGIE GENERALE, EN TRAUMATOLOGIE ET EN ORTHOPEDIE CONSOMMABLES UTILISES EN CHIRURGIE GENERALE, EN TRAUMATOLOGIE ET EN ORTHOPEDIE",,,Prothese herniare optilene-mesh 1.0 micro.10x15cm,---,---,Unité,AB,,False,77
Annexe 2 — Materiel Bio-Medical,Liste Complementaire,02,"OBJETS DE PANSEMENT CONSOMMABLES UTILISES EN CHIRURGIE GENERALE, EN TRAUMATOLOGIE ET EN ORTHOPEDIE CONSOMMABLES UTILISES EN CHIRURGIE GENERALE, EN TRAUMATOLOGIE ET EN ORTHOPEDIE CONSOMMABLES UTILISES EN CHIRURGIE GENERALE, EN TRAUMATOLOGIE ET EN ORTHOPEDIE",,,Prothese herniare optilene-mesh 1.5 micro. 10x15cm,---,---,Unité,AB,,False,77
Annexe 2 — Materiel Bio-Medical,Liste Complementaire,02,"OBJETS DE PANSEMENT CONSOMMABLES UTILISES EN CHIRURGIE GENERALE, EN TRAUMATOLOGIE ET EN ORTHOPEDIE CONSOMMABLES UTILISES EN CHIRURGIE GENERALE, EN TRAUMATOLOGIE ET EN ORTHOPEDIE CONSOMMABLES UTILISES EN CHIRURGIE GENERALE, EN TRAUMATOLOGIE ET EN ORTHOPEDIE",,,Prothese herniare optilene-mesh 1.5 micro. 6x14cm,---,---,Unité,AB,,False,77
Annexe 2 — Materiel Bio-Medical,Liste Complementaire,02,"OBJETS DE PANSEMENT CONSOMMABLES UTILISES EN CHIRURGIE GENERALE, EN TRAUMATOLOGIE ET EN ORTHOPEDIE CONSOMMABLES UTILISES EN CHIRURGIE GENERALE, EN TRAUMATOLOGIE ET EN ORTHOPEDIE CONSOMMABLES UTILISES EN CHIRURGIE GENERALE, EN TRAUMATOLOGIE ET EN ORTHOPEDIE",,,Prothese herniare optilene-mesh 1.5 micro. 7.5x15cm,---,---,Unité,AB,,False,77
Annexe 2 — Materiel Bio-Medical,Liste Complementaire,02,"OBJETS DE PANSEMENT CONSOMMABLES UTILISES EN CHIRURGIE GENERALE, EN TRAUMATOLOGIE ET EN ORTHOPEDIE CONSOMMABLES UTILISES EN CHIRURGIE GENERALE, EN TRAUMATOLOGIE ET EN ORTHOPEDIE CONSOMMABLES UTILISES EN CHIRURGIE GENERALE, EN TRAUMATOLOGIE ET EN ORTHOPEDIE",,,Prothese herniare optilene-mesh elast. 3.2 macro. 15x15cm,---,---,Unité,AB,,False,77
Annexe 2 — Materiel Bio-Medical,Liste Complementaire,02,"OBJETS DE PANSEMENT CONSOMMABLES UTILISES EN CHIRURGIE GENERALE, EN TRAUMATOLOGIE ET EN ORTHOPEDIE CONSOMMABLES UTILISES EN CHIRURGIE GENERALE, EN TRAUMATOLOGIE ET EN ORTHOPEDIE CONSOMMABLES UTILISES EN CHIRURGIE GENERALE, EN TRAUMATOLOGIE ET EN ORTHOPEDIE",,,Prothese herniare optilene-mesh elast. 3.2 macro. 30x30cm,---,---,Unité,AB,,False,77
Annexe 2 — Materiel Bio-Medical,Liste Complementaire,02,"OBJETS DE PANSEMENT CONSOMMABLES UTILISES EN CHIRURGIE GENERALE, EN TRAUMATOLOGIE ET EN ORTHOPEDIE CONSOMMABLES UTILISES EN CHIRURGIE GENERALE, EN TRAUMATOLOGIE ET EN ORTHOPEDIE CONSOMMABLES UTILISES EN CHIRURGIE GENERALE, EN TRAUMATOLOGIE ET EN ORTHOPEDIE",,,Prothese herniare optilene-mesh lp 1.0 micro. 4.5x10cm,---,---,Unité,AB,,False,77
Annexe 2 — Materiel Bio-Medical,Liste Complementaire,02,"OBJETS DE PANSEMENT CONSOMMABLES UTILISES EN CHIRURGIE GENERALE, EN TRAUMATOLOGIE ET EN ORTHOPEDIE CONSOMMABLES UTILISES EN CHIRURGIE GENERALE, EN TRAUMATOLOGIE ET EN ORTHOPEDIE CONSOMMABLES UTILISES EN CHIRURGIE GENERALE, EN TRAUMATOLOGIE ET EN ORTHOPEDIE",,,Prothese herniare optilene-mesh lp 1.0 micro. 6x14cm,---,---,Unité,AB,,False,77
Annexe 2 — Materiel Bio-Medical,Liste Complementaire,02,"OBJETS DE PANSEMENT CONSOMMABLES UTILISES EN CHIRURGIE GENERALE, EN TRAUMATOLOGIE ET EN ORTHOPEDIE CONSOMMABLES UTILISES EN CHIRURGIE GENERALE, EN TRAUMATOLOGIE ET EN ORTHOPEDIE CONSOMMABLES UTILISES EN CHIRURGIE GENERALE, EN TRAUMATOLOGIE ET EN ORTHOPEDIE",,,Prothese herniare optilene-mesh lp 1.0 micro. 7.5x15cm,---,---,Unité,AB,,False,77
Annexe 2 — Materiel Bio-Medical,Liste Complementaire,02,"OBJETS DE PANSEMENT CONSOMMABLES UTILISES EN CHIRURGIE GENERALE, EN TRAUMATOLOGIE ET EN ORTHOPEDIE CONSOMMABLES UTILISES EN CHIRURGIE GENERALE, EN TRAUMATOLOGIE ET EN ORTHOPEDIE CONSOMMABLES UTILISES EN CHIRURGIE GENERALE, EN TRAUMATOLOGIE ET EN ORTHOPEDIE",,,Prothese herniare premilene-mesh 0.8 micro 30x30cm,---,---,Unité,AB,,False,77
Annexe 2 — Materiel Bio-Medical,Liste Complementaire,02,"OBJETS DE PANSEMENT CONSOMMABLES UTILISES EN CHIRURGIE GENERALE, EN TRAUMATOLOGIE ET EN ORTHOPEDIE CONSOMMABLES UTILISES EN CHIRURGIE GENERALE, EN TRAUMATOLOGIE ET EN ORTHOPEDIE CONSOMMABLES UTILISES EN CHIRURGIE GENERALE, EN TRAUMATOLOGIE ET EN ORTHOPEDIE",,,Système de RIVET PLEIN D=3 et 4 cm,---,---,Unité,AB,,False,77
Annexe 2 — Materiel Bio-Medical,Liste Complementaire,02,"OBJETS DE PANSEMENT CONSOMMABLES UTILISES EN CHIRURGIE GENERALE, EN TRAUMATOLOGIE ET EN ORTHOPEDIE CONSOMMABLES UTILISES EN CHIRURGIE GENERALE, EN TRAUMATOLOGIE ET EN ORTHOPEDIE CONSOMMABLES UTILISES EN CHIRURGIE GENERALE, EN TRAUMATOLOGIE ET EN ORTHOPEDIE",,,Système de RIVET TUBULAIRE D=3 et 4 cm,---,---,Unité,AB,,False,77
Annexe 2 — Materiel Bio-Medical,Liste Complementaire,02,"OBJETS DE PANSEMENT CONSOMMABLES UTILISES EN CHIRURGIE GENERALE, EN TRAUMATOLOGIE ET EN ORTHOPEDIE CONSOMMABLES UTILISES EN CHIRURGIE GENERALE, EN TRAUMATOLOGIE ET EN ORTHOPEDIE CONSOMMABLES UTILISES EN CHIRURGIE GENERALE, EN TRAUMATOLOGIE ET EN ORTHOPEDIE",,,Tête femorale inox 28/+3.5 (long),---,---,Unité,AB,,False,77
Annexe 2 — Materiel Bio-Medical,Liste Complementaire,02,"OBJETS DE PANSEMENT CONSOMMABLES UTILISES EN CHIRURGIE GENERALE, EN TRAUMATOLOGIE ET EN ORTHOPEDIE CONSOMMABLES UTILISES EN CHIRURGIE GENERALE, EN TRAUMATOLOGIE ET EN ORTHOPEDIE CONSOMMABLES UTILISES EN CHIRURGIE GENERALE, EN TRAUMATOLOGIE ET EN ORTHOPEDIE",,,Tête femorale inox 28/0 (moyen),---,---,Unité,AB,,False,77
Annexe 2 — Materiel Bio-Medical,Liste Complementaire,02,"OBJETS DE PANSEMENT CONSOMMABLES UTILISES EN CHIRURGIE GENERALE, EN TRAUMATOLOGIE ET EN ORTHOPEDIE CONSOMMABLES UTILISES EN CHIRURGIE GENERALE, EN TRAUMATOLOGIE ET EN ORTHOPEDIE CONSOMMABLES UTILISES EN CHIRURGIE GENERALE, EN TRAUMATOLOGIE ET EN ORTHOPEDIE",,,Tête femorale inox 28/-3.5 (court),---,---,Unité,AB,,False,77
Annexe 2 — Materiel Bio-Medical,Liste Complementaire,02,"OBJETS DE PANSEMENT CONSOMMABLES UTILISES EN CHIRURGIE GENERALE, EN TRAUMATOLOGIE ET EN ORTHOPEDIE CONSOMMABLES UTILISES EN CHIRURGIE GENERALE, EN TRAUMATOLOGIE ET EN ORTHOPEDIE CONSOMMABLES UTILISES EN CHIRURGIE GENERALE, EN TRAUMATOLOGIE ET EN ORTHOPEDIE",,,Tige femorale cimentée stemsys n°10,---,---,Unité,AB,,False,77
Annexe 2 — Materiel Bio-Medical,Liste Complementaire,02,"OBJETS DE PANSEMENT CONSOMMABLES UTILISES EN CHIRURGIE GENERALE, EN TRAUMATOLOGIE ET EN ORTHOPEDIE CONSOMMABLES UTILISES EN CHIRURGIE GENERALE, EN TRAUMATOLOGIE ET EN ORTHOPEDIE CONSOMMABLES UTILISES EN CHIRURGIE GENERALE, EN TRAUMATOLOGIE ET EN ORTHOPEDIE",,,Tige femorale cimentée stemsys n°11,---,---,Unité,AB,,False,77
Annexe 2 — Materiel Bio-Medical,Liste Complementaire,02,"OBJETS DE PANSEMENT CONSOMMABLES UTILISES EN CHIRURGIE GENERALE, EN TRAUMATOLOGIE ET EN ORTHOPEDIE CONSOMMABLES UTILISES EN CHIRURGIE GENERALE, EN TRAUMATOLOGIE ET EN ORTHOPEDIE CONSOMMABLES UTILISES EN CHIRURGIE GENERALE, EN TRAUMATOLOGIE ET EN ORTHOPEDIE",,,Tige femorale cimentée stemsys n°12,---,---,Unité,AB,,False,77
Annexe 2 — Materiel Bio-Medical,Liste Complementaire,02,"OBJETS DE PANSEMENT CONSOMMABLES UTILISES EN CHIRURGIE GENERALE, EN TRAUMATOLOGIE ET EN ORTHOPEDIE CONSOMMABLES UTILISES EN CHIRURGIE GENERALE, EN TRAUMATOLOGIE ET EN ORTHOPEDIE CONSOMMABLES UTILISES EN CHIRURGIE GENERALE, EN TRAUMATOLOGIE ET EN ORTHOPEDIE",,,Tige femorale cimentée stemsys n°13,---,---,Unité,AB,,False,77
Annexe 2 — Materiel Bio-Medical,Liste Complementaire,02,"OBJETS DE PANSEMENT CONSOMMABLES UTILISES EN CHIRURGIE GENERALE, EN TRAUMATOLOGIE ET EN ORTHOPEDIE CONSOMMABLES UTILISES EN CHIRURGIE GENERALE, EN TRAUMATOLOGIE ET EN ORTHOPEDIE CONSOMMABLES UTILISES EN CHIRURGIE GENERALE, EN TRAUMATOLOGIE ET EN ORTHOPEDIE",,,Tige femorale cimentée stemsys n°9,---,---,Unité,AB,,False,77
Annexe 2 — Materiel Bio-Medical,Liste Complementaire,02,"OBJETS DE PANSEMENT CONSOMMABLES UTILISES EN CHIRURGIE GENERALE, EN TRAUMATOLOGIE ET EN ORTHOPEDIE CONSOMMABLES UTILISES EN CHIRURGIE GENERALE, EN TRAUMATOLOGIE ET EN ORTHOPEDIE CONSOMMABLES UTILISES EN CHIRURGIE GENERALE, EN TRAUMATOLOGIE ET EN ORTHOPEDIE",,,Tige femorale non cimentée bond hip n°10,---,---,Unité,AB,,False,77
Annexe 2 — Materiel Bio-Medical,Liste Complementaire,02,"OBJETS DE PANSEMENT CONSOMMABLES UTILISES EN CHIRURGIE GENERALE, EN TRAUMATOLOGIE ET EN ORTHOPEDIE CONSOMMABLES UTILISES EN CHIRURGIE GENERALE, EN TRAUMATOLOGIE ET EN ORTHOPEDIE CONSOMMABLES UTILISES EN CHIRURGIE GENERALE, EN TRAUMATOLOGIE ET EN ORTHOPEDIE",,,Tige femorale non cimentée bond hip n°11,---,---,Unité,AB,,False,77
Annexe 2 — Materiel Bio-Medical,Liste Complementaire,02,"OBJETS DE PANSEMENT CONSOMMABLES UTILISES EN CHIRURGIE GENERALE, EN TRAUMATOLOGIE ET EN ORTHOPEDIE CONSOMMABLES UTILISES EN CHIRURGIE GENERALE, EN TRAUMATOLOGIE ET EN ORTHOPEDIE CONSOMMABLES UTILISES EN CHIRURGIE GENERALE, EN TRAUMATOLOGIE ET EN ORTHOPEDIE",,,Tige femorale non cimentée bond hip n°9,---,---,Unité,AB,,False,77
Annexe 2 — Materiel Bio-Medical,Liste Complementaire,02,"OBJETS DE PANSEMENT CONSOMMABLES UTILISES EN CHIRURGIE GENERALE, EN TRAUMATOLOGIE ET EN ORTHOPEDIE CONSOMMABLES UTILISES EN CHIRURGIE GENERALE, EN TRAUMATOLOGIE ET EN ORTHOPEDIE CONSOMMABLES UTILISES EN CHIRURGIE GENERALE, EN TRAUMATOLOGIE ET EN ORTHOPEDIE",,,Tige femorale non cimentée stemys ti +hac n°10,---,---,Unité,AB,,False,77
Annexe 2 — Materiel Bio-Medical,Liste Complementaire,02,"OBJETS DE PANSEMENT CONSOMMABLES UTILISES EN CHIRURGIE GENERALE, EN TRAUMATOLOGIE ET EN ORTHOPEDIE CONSOMMABLES UTILISES EN CHIRURGIE GENERALE, EN TRAUMATOLOGIE ET EN ORTHOPEDIE CONSOMMABLES UTILISES EN CHIRURGIE GENERALE, EN TRAUMATOLOGIE ET EN ORTHOPEDIE",,,Tige femorale non cimentée stemys ti +hac n°11,---,---,Unité,AB,,False,77
Annexe 2 — Materiel Bio-Medical,Liste Complementaire,02,"OBJETS DE PANSEMENT CONSOMMABLES UTILISES EN CHIRURGIE GENERALE, EN TRAUMATOLOGIE ET EN ORTHOPEDIE CONSOMMABLES UTILISES EN CHIRURGIE GENERALE, EN TRAUMATOLOGIE ET EN ORTHOPEDIE CONSOMMABLES UTILISES EN CHIRURGIE GENERALE, EN TRAUMATOLOGIE ET EN ORTHOPEDIE",,,Tige femorale non cimentée stemys ti +hac n°12,---,---,Unité,AB,,False,77
Annexe 2 — Materiel Bio-Medical,Liste Complementaire,02,"OBJETS DE PANSEMENT CONSOMMABLES UTILISES EN CHIRURGIE GENERALE, EN TRAUMATOLOGIE ET EN ORTHOPEDIE CONSOMMABLES UTILISES EN CHIRURGIE GENERALE, EN TRAUMATOLOGIE ET EN ORTHOPEDIE CONSOMMABLES UTILISES EN CHIRURGIE GENERALE, EN TRAUMATOLOGIE ET EN ORTHOPEDIE",,,Tige femorale non cimentée stemys ti +hac n°13,---,---,Unité,AB,,False,77
Annexe 2 — Materiel Bio-Medical,Liste Complementaire,02,"OBJETS DE PANSEMENT CONSOMMABLES UTILISES EN CHIRURGIE GENERALE, EN TRAUMATOLOGIE ET EN ORTHOPEDIE CONSOMMABLES UTILISES EN CHIRURGIE GENERALE, EN TRAUMATOLOGIE ET EN ORTHOPEDIE CONSOMMABLES UTILISES EN CHIRURGIE GENERALE, EN TRAUMATOLOGIE ET EN ORTHOPEDIE",,,Tige femorale non cimentée stemys ti +hac n°9,---,---,Unité,AB,,False,77
Annexe 2 — Materiel Bio-Medical,Liste Complementaire,02,"OBJETS DE PANSEMENT CONSOMMABLES UTILISES EN CHIRURGIE GENERALE, EN TRAUMATOLOGIE ET EN ORTHOPEDIE CONSOMMABLES UTILISES EN CHIRURGIE GENERALE, EN TRAUMATOLOGIE ET EN ORTHOPEDIE CONSOMMABLES UTILISES EN CHIRURGIE GENERALE, EN TRAUMATOLOGIE ET EN ORTHOPEDIE",,,Tige femorale revision verr. reactiv hac l180 n°12,---,---,Unité,AB,,False,77
Annexe 2 — Materiel Bio-Medical,Liste Complementaire,02,"OBJETS DE PANSEMENT CONSOMMABLES UTILISES EN CHIRURGIE GENERALE, EN TRAUMATOLOGIE ET EN ORTHOPEDIE CONSOMMABLES UTILISES EN CHIRURGIE GENERALE, EN TRAUMATOLOGIE ET EN ORTHOPEDIE CONSOMMABLES UTILISES EN CHIRURGIE GENERALE, EN TRAUMATOLOGIE ET EN ORTHOPEDIE",,,Tige femorale revision verr. stemys ti +hac n°12xl,---,---,Unité,AB,,False,77
Annexe 2 — Materiel Bio-Medical,Liste Complementaire,02,"OBJETS DE PANSEMENT CONSOMMABLES UTILISES EN CHIRURGIE GENERALE, EN TRAUMATOLOGIE ET EN ORTHOPEDIE CONSOMMABLES UTILISES EN CHIRURGIE GENERALE, EN TRAUMATOLOGIE ET EN ORTHOPEDIE CONSOMMABLES UTILISES EN CHIRURGIE GENERALE, EN TRAUMATOLOGIE ET EN ORTHOPEDIE",,,Vis corticale 3.5 l26 mm,---,---,Unité,AB,,False,77
Annexe 2 — Materiel Bio-Medical,Liste Complementaire,02,"OBJETS DE PANSEMENT CONSOMMABLES UTILISES EN CHIRURGIE GENERALE, EN TRAUMATOLOGIE ET EN ORTHOPEDIE CONSOMMABLES UTILISES EN CHIRURGIE GENERALE, EN TRAUMATOLOGIE ET EN ORTHOPEDIE CONSOMMABLES UTILISES EN CHIRURGIE GENERALE, EN TRAUMATOLOGIE ET EN ORTHOPEDIE",,,Vis corticale 3.5 l30 mm,---,---,Unité,AB,,False,77
Annexe 2 — Materiel Bio-Medical,Liste Complementaire,02,"OBJETS DE PANSEMENT CONSOMMABLES UTILISES EN CHIRURGIE GENERALE, EN TRAUMATOLOGIE ET EN ORTHOPEDIE CONSOMMABLES UTILISES EN CHIRURGIE GENERALE, EN TRAUMATOLOGIE ET EN ORTHOPEDIE CONSOMMABLES UTILISES EN CHIRURGIE GENERALE, EN TRAUMATOLOGIE ET EN ORTHOPEDIE CONSOMMABLES UTILISES EN CHIRURGIE GENERALE, EN TRAUMATOLOGIE ET EN ORTHOPEDIE",,,Vis corticale 3.5 l40 mm,---,---,Unité,AB,,False,78
Annexe 2 — Materiel Bio-Medical,Liste Complementaire,02,"OBJETS DE PANSEMENT CONSOMMABLES UTILISES EN CHIRURGIE GENERALE, EN TRAUMATOLOGIE ET EN ORTHOPEDIE CONSOMMABLES UTILISES EN CHIRURGIE GENERALE, EN TRAUMATOLOGIE ET EN ORTHOPEDIE CONSOMMABLES UTILISES EN CHIRURGIE GENERALE, EN TRAUMATOLOGIE ET EN ORTHOPEDIE CONSOMMABLES UTILISES EN CHIRURGIE GENERALE, EN TRAUMATOLOGIE ET EN ORTHOPEDIE",,,Vis corticale 3.5 l45 mm,---,---,Unité,AB,,False,78
Annexe 2 — Materiel Bio-Medical,Liste Complementaire,02,"OBJETS DE PANSEMENT CONSOMMABLES UTILISES EN CHIRURGIE GENERALE, EN TRAUMATOLOGIE ET EN ORTHOPEDIE CONSOMMABLES UTILISES EN CHIRURGIE GENERALE, EN TRAUMATOLOGIE ET EN ORTHOPEDIE CONSOMMABLES UTILISES EN CHIRURGIE GENERALE, EN TRAUMATOLOGIE ET EN ORTHOPEDIE CONSOMMABLES UTILISES EN CHIRURGIE GENERALE, EN TRAUMATOLOGIE ET EN ORTHOPEDIE",,,Vis corticale 3.5 l50 mm,---,---,Unité,AB,,False,78
Annexe 2 — Materiel Bio-Medical,Liste Complementaire,02,"OBJETS DE PANSEMENT CONSOMMABLES UTILISES EN CHIRURGIE GENERALE, EN TRAUMATOLOGIE ET EN ORTHOPEDIE CONSOMMABLES UTILISES EN CHIRURGIE GENERALE, EN TRAUMATOLOGIE ET EN ORTHOPEDIE CONSOMMABLES UTILISES EN CHIRURGIE GENERALE, EN TRAUMATOLOGIE ET EN ORTHOPEDIE CONSOMMABLES UTILISES EN CHIRURGIE GENERALE, EN TRAUMATOLOGIE ET EN ORTHOPEDIE",,,Vis corticale 3.5 l55 mm,---,---,Unité,AB,,False,78
Annexe 2 — Materiel Bio-Medical,Liste Complementaire,02,"OBJETS DE PANSEMENT CONSOMMABLES UTILISES EN CHIRURGIE GENERALE, EN TRAUMATOLOGIE ET EN ORTHOPEDIE CONSOMMABLES UTILISES EN CHIRURGIE GENERALE, EN TRAUMATOLOGIE ET EN ORTHOPEDIE CONSOMMABLES UTILISES EN CHIRURGIE GENERALE, EN TRAUMATOLOGIE ET EN ORTHOPEDIE CONSOMMABLES UTILISES EN CHIRURGIE GENERALE, EN TRAUMATOLOGIE ET EN ORTHOPEDIE",,,Vis corticale 3.5 l60 mm,---,---,Unité,AB,,False,78
Annexe 2 — Materiel Bio-Medical,Liste Complementaire,02,"OBJETS DE PANSEMENT CONSOMMABLES UTILISES EN CHIRURGIE GENERALE, EN TRAUMATOLOGIE ET EN ORTHOPEDIE CONSOMMABLES UTILISES EN CHIRURGIE GENERALE, EN TRAUMATOLOGIE ET EN ORTHOPEDIE CONSOMMABLES UTILISES EN CHIRURGIE GENERALE, EN TRAUMATOLOGIE ET EN ORTHOPEDIE CONSOMMABLES UTILISES EN CHIRURGIE GENERALE, EN TRAUMATOLOGIE ET EN ORTHOPEDIE",,,Vis corticale 3.5 l26 mm (zimed),---,---,Unité,AB,,False,78
Annexe 2 — Materiel Bio-Medical,Liste Complementaire,02,"OBJETS DE PANSEMENT CONSOMMABLES UTILISES EN CHIRURGIE GENERALE, EN TRAUMATOLOGIE ET EN ORTHOPEDIE CONSOMMABLES UTILISES EN CHIRURGIE GENERALE, EN TRAUMATOLOGIE ET EN ORTHOPEDIE CONSOMMABLES UTILISES EN CHIRURGIE GENERALE, EN TRAUMATOLOGIE ET EN ORTHOPEDIE CONSOMMABLES UTILISES EN CHIRURGIE GENERALE, EN TRAUMATOLOGIE ET EN ORTHOPEDIE",,,Vis corticale 3.5 l28mm (zimed),---,---,Unité,AB,,False,78
Annexe 2 — Materiel Bio-Medical,Liste Complementaire,02,"OBJETS DE PANSEMENT CONSOMMABLES UTILISES EN CHIRURGIE GENERALE, EN TRAUMATOLOGIE ET EN ORTHOPEDIE CONSOMMABLES UTILISES EN CHIRURGIE GENERALE, EN TRAUMATOLOGIE ET EN ORTHOPEDIE CONSOMMABLES UTILISES EN CHIRURGIE GENERALE, EN TRAUMATOLOGIE ET EN ORTHOPEDIE CONSOMMABLES UTILISES EN CHIRURGIE GENERALE, EN TRAUMATOLOGIE ET EN ORTHOPEDIE",,,Vis corticale 3.5 l30mm (zimed),---,---,Unité,AB,,False,78
Annexe 2 — Materiel Bio-Medical,Liste Complementaire,02,"OBJETS DE PANSEMENT CONSOMMABLES UTILISES EN CHIRURGIE GENERALE, EN TRAUMATOLOGIE ET EN ORTHOPEDIE CONSOMMABLES UTILISES EN CHIRURGIE GENERALE, EN TRAUMATOLOGIE ET EN ORTHOPEDIE CONSOMMABLES UTILISES EN CHIRURGIE GENERALE, EN TRAUMATOLOGIE ET EN ORTHOPEDIE CONSOMMABLES UTILISES EN CHIRURGIE GENERALE, EN TRAUMATOLOGIE ET EN ORTHOPEDIE",,,Vis corticale 3.5 l32mm (zimed),---,---,Unité,AB,,False,78
Annexe 2 — Materiel Bio-Medical,Liste Complementaire,02,"OBJETS DE PANSEMENT CONSOMMABLES UTILISES EN CHIRURGIE GENERALE, EN TRAUMATOLOGIE ET EN ORTHOPEDIE CONSOMMABLES UTILISES EN CHIRURGIE GENERALE, EN TRAUMATOLOGIE ET EN ORTHOPEDIE CONSOMMABLES UTILISES EN CHIRURGIE GENERALE, EN TRAUMATOLOGIE ET EN ORTHOPEDIE CONSOMMABLES UTILISES EN CHIRURGIE GENERALE, EN TRAUMATOLOGIE ET EN ORTHOPEDIE",,,Vis corticale 3.5 l34mm (zimed),---,---,Unité,AB,,False,78
Annexe 2 — Materiel Bio-Medical,Liste Complementaire,02,"OBJETS DE PANSEMENT CONSOMMABLES UTILISES EN CHIRURGIE GENERALE, EN TRAUMATOLOGIE ET EN ORTHOPEDIE CONSOMMABLES UTILISES EN CHIRURGIE GENERALE, EN TRAUMATOLOGIE ET EN ORTHOPEDIE CONSOMMABLES UTILISES EN CHIRURGIE GENERALE, EN TRAUMATOLOGIE ET EN ORTHOPEDIE CONSOMMABLES UTILISES EN CHIRURGIE GENERALE, EN TRAUMATOLOGIE ET EN ORTHOPEDIE",,,Vis corticale 3.5 l36mm (zimed),---,---,Unité,AB,,False,78
Annexe 2 — Materiel Bio-Medical,Liste Complementaire,02,"OBJETS DE PANSEMENT CONSOMMABLES UTILISES EN CHIRURGIE GENERALE, EN TRAUMATOLOGIE ET EN ORTHOPEDIE CONSOMMABLES UTILISES EN CHIRURGIE GENERALE, EN TRAUMATOLOGIE ET EN ORTHOPEDIE CONSOMMABLES UTILISES EN CHIRURGIE GENERALE, EN TRAUMATOLOGIE ET EN ORTHOPEDIE CONSOMMABLES UTILISES EN CHIRURGIE GENERALE, EN TRAUMATOLOGIE ET EN ORTHOPEDIE",,,Vis corticale 3.5 l38mm (zimed),---,---,Unité,AB,,False,78
Annexe 2 — Materiel Bio-Medical,Liste Complementaire,02,"OBJETS DE PANSEMENT CONSOMMABLES UTILISES EN CHIRURGIE GENERALE, EN TRAUMATOLOGIE ET EN ORTHOPEDIE CONSOMMABLES UTILISES EN CHIRURGIE GENERALE, EN TRAUMATOLOGIE ET EN ORTHOPEDIE CONSOMMABLES UTILISES EN CHIRURGIE GENERALE, EN TRAUMATOLOGIE ET EN ORTHOPEDIE CONSOMMABLES UTILISES EN CHIRURGIE GENERALE, EN TRAUMATOLOGIE ET EN ORTHOPEDIE",,,Vis corticale 3.5 l40mm (zimed),---,---,Unité,AB,,False,78
Annexe 2 — Materiel Bio-Medical,Liste Complementaire,02,"OBJETS DE PANSEMENT CONSOMMABLES UTILISES EN CHIRURGIE GENERALE, EN TRAUMATOLOGIE ET EN ORTHOPEDIE CONSOMMABLES UTILISES EN CHIRURGIE GENERALE, EN TRAUMATOLOGIE ET EN ORTHOPEDIE CONSOMMABLES UTILISES EN CHIRURGIE GENERALE, EN TRAUMATOLOGIE ET EN ORTHOPEDIE CONSOMMABLES UTILISES EN CHIRURGIE GENERALE, EN TRAUMATOLOGIE ET EN ORTHOPEDIE",,,Vis corticale 3.5 l42mm (zimed),---,---,Unité,AB,,False,78
Annexe 2 — Materiel Bio-Medical,Liste Complementaire,02,"OBJETS DE PANSEMENT CONSOMMABLES UTILISES EN CHIRURGIE GENERALE, EN TRAUMATOLOGIE ET EN ORTHOPEDIE CONSOMMABLES UTILISES EN CHIRURGIE GENERALE, EN TRAUMATOLOGIE ET EN ORTHOPEDIE CONSOMMABLES UTILISES EN CHIRURGIE GENERALE, EN TRAUMATOLOGIE ET EN ORTHOPEDIE CONSOMMABLES UTILISES EN CHIRURGIE GENERALE, EN TRAUMATOLOGIE ET EN ORTHOPEDIE",,,Vis corticale 3.5 l44mm (zimed),---,---,Unité,AB,,False,78
Annexe 2 — Materiel Bio-Medical,Liste Complementaire,02,"OBJETS DE PANSEMENT CONSOMMABLES UTILISES EN CHIRURGIE GENERALE, EN TRAUMATOLOGIE ET EN ORTHOPEDIE CONSOMMABLES UTILISES EN CHIRURGIE GENERALE, EN TRAUMATOLOGIE ET EN ORTHOPEDIE CONSOMMABLES UTILISES EN CHIRURGIE GENERALE, EN TRAUMATOLOGIE ET EN ORTHOPEDIE CONSOMMABLES UTILISES EN CHIRURGIE GENERALE, EN TRAUMATOLOGIE ET EN ORTHOPEDIE",,,Vis corticale 3.5 l46mm (zimed),---,---,Unité,AB,,False,78
Annexe 2 — Materiel Bio-Medical,Liste Complementaire,02,"OBJETS DE PANSEMENT CONSOMMABLES UTILISES EN CHIRURGIE GENERALE, EN TRAUMATOLOGIE ET EN ORTHOPEDIE CONSOMMABLES UTILISES EN CHIRURGIE GENERALE, EN TRAUMATOLOGIE ET EN ORTHOPEDIE CONSOMMABLES UTILISES EN CHIRURGIE GENERALE, EN TRAUMATOLOGIE ET EN ORTHOPEDIE CONSOMMABLES UTILISES EN CHIRURGIE GENERALE, EN TRAUMATOLOGIE ET EN ORTHOPEDIE",,,Vis corticale 3.5 l50mm (zimed),---,---,Unité,AB,,False,78
Annexe 2 — Materiel Bio-Medical,Liste Complementaire,02,"OBJETS DE PANSEMENT CONSOMMABLES UTILISES EN CHIRURGIE GENERALE, EN TRAUMATOLOGIE ET EN ORTHOPEDIE CONSOMMABLES UTILISES EN CHIRURGIE GENERALE, EN TRAUMATOLOGIE ET EN ORTHOPEDIE CONSOMMABLES UTILISES EN CHIRURGIE GENERALE, EN TRAUMATOLOGIE ET EN ORTHOPEDIE CONSOMMABLES UTILISES EN CHIRURGIE GENERALE, EN TRAUMATOLOGIE ET EN ORTHOPEDIE",,,Vis corticale 3.5 l52mm (zimed),---,---,Unité,AB,,False,78
Annexe 2 — Materiel Bio-Medical,Liste Complementaire,02,"OBJETS DE PANSEMENT CONSOMMABLES UTILISES EN CHIRURGIE GENERALE, EN TRAUMATOLOGIE ET EN ORTHOPEDIE CONSOMMABLES UTILISES EN CHIRURGIE GENERALE, EN TRAUMATOLOGIE ET EN ORTHOPEDIE CONSOMMABLES UTILISES EN CHIRURGIE GENERALE, EN TRAUMATOLOGIE ET EN ORTHOPEDIE CONSOMMABLES UTILISES EN CHIRURGIE GENERALE, EN TRAUMATOLOGIE ET EN ORTHOPEDIE",,,Vis corticale 3.5 l55mm (zimed),---,---,Unité,AB,,False,78
Annexe 2 — Materiel Bio-Medical,Liste Complementaire,02,"OBJETS DE PANSEMENT CONSOMMABLES UTILISES EN CHIRURGIE GENERALE, EN TRAUMATOLOGIE ET EN ORTHOPEDIE CONSOMMABLES UTILISES EN CHIRURGIE GENERALE, EN TRAUMATOLOGIE ET EN ORTHOPEDIE CONSOMMABLES UTILISES EN CHIRURGIE GENERALE, EN TRAUMATOLOGIE ET EN ORTHOPEDIE CONSOMMABLES UTILISES EN CHIRURGIE GENERALE, EN TRAUMATOLOGIE ET EN ORTHOPEDIE",,,Vis corticale 3.5 l60mm (zimed),---,---,Unité,AB,,False,78
Annexe 2 — Materiel Bio-Medical,Liste Complementaire,02,"OBJETS DE PANSEMENT CONSOMMABLES UTILISES EN CHIRURGIE GENERALE, EN TRAUMATOLOGIE ET EN ORTHOPEDIE CONSOMMABLES UTILISES EN CHIRURGIE GENERALE, EN TRAUMATOLOGIE ET EN ORTHOPEDIE CONSOMMABLES UTILISES EN CHIRURGIE GENERALE, EN TRAUMATOLOGIE ET EN ORTHOPEDIE CONSOMMABLES UTILISES EN CHIRURGIE GENERALE, EN TRAUMATOLOGIE ET EN ORTHOPEDIE",,,Vis corticale 3.5 l48mm (zimed),---,---,Unité,AB,,False,78
Annexe 2 — Materiel Bio-Medical,Liste Complementaire,02,"OBJETS DE PANSEMENT CONSOMMABLES UTILISES EN CHIRURGIE GENERALE, EN TRAUMATOLOGIE ET EN ORTHOPEDIE CONSOMMABLES UTILISES EN CHIRURGIE GENERALE, EN TRAUMATOLOGIE ET EN ORTHOPEDIE CONSOMMABLES UTILISES EN CHIRURGIE GENERALE, EN TRAUMATOLOGIE ET EN ORTHOPEDIE CONSOMMABLES UTILISES EN CHIRURGIE GENERALE, EN TRAUMATOLOGIE ET EN ORTHOPEDIE",,,Vis corticale 4.5 l30mm filet. complet,---,---,Unité,AB,,False,78
Annexe 2 — Materiel Bio-Medical,Liste Complementaire,02,"OBJETS DE PANSEMENT CONSOMMABLES UTILISES EN CHIRURGIE GENERALE, EN TRAUMATOLOGIE ET EN ORTHOPEDIE CONSOMMABLES UTILISES EN CHIRURGIE GENERALE, EN TRAUMATOLOGIE ET EN ORTHOPEDIE CONSOMMABLES UTILISES EN CHIRURGIE GENERALE, EN TRAUMATOLOGIE ET EN ORTHOPEDIE CONSOMMABLES UTILISES EN CHIRURGIE GENERALE, EN TRAUMATOLOGIE ET EN ORTHOPEDIE",,,Vis corticale 4.5 l40mm filet. complet,---,---,Unité,AB,,False,78
Annexe 2 — Materiel Bio-Medical,Liste Complementaire,02,"OBJETS DE PANSEMENT CONSOMMABLES UTILISES EN CHIRURGIE GENERALE, EN TRAUMATOLOGIE ET EN ORTHOPEDIE CONSOMMABLES UTILISES EN CHIRURGIE GENERALE, EN TRAUMATOLOGIE ET EN ORTHOPEDIE CONSOMMABLES UTILISES EN CHIRURGIE GENERALE, EN TRAUMATOLOGIE ET EN ORTHOPEDIE CONSOMMABLES UTILISES EN CHIRURGIE GENERALE, EN TRAUMATOLOGIE ET EN ORTHOPEDIE",,,Vis corticale 4.5 l46mm filet. complet,---,---,Unité,AB,,False,78
Annexe 2 — Materiel Bio-Medical,Liste Complementaire,02,"OBJETS DE PANSEMENT CONSOMMABLES UTILISES EN CHIRURGIE GENERALE, EN TRAUMATOLOGIE ET EN ORTHOPEDIE CONSOMMABLES UTILISES EN CHIRURGIE GENERALE, EN TRAUMATOLOGIE ET EN ORTHOPEDIE CONSOMMABLES UTILISES EN CHIRURGIE GENERALE, EN TRAUMATOLOGIE ET EN ORTHOPEDIE CONSOMMABLES UTILISES EN CHIRURGIE GENERALE, EN TRAUMATOLOGIE ET EN ORTHOPEDIE",,,Vis corticale 4.5 l50mm filet. complet,---,---,Unité,AB,,False,78
Annexe 2 — Materiel Bio-Medical,Liste Complementaire,02,"OBJETS DE PANSEMENT CONSOMMABLES UTILISES EN CHIRURGIE GENERALE, EN TRAUMATOLOGIE ET EN ORTHOPEDIE CONSOMMABLES UTILISES EN CHIRURGIE GENERALE, EN TRAUMATOLOGIE ET EN ORTHOPEDIE CONSOMMABLES UTILISES EN CHIRURGIE GENERALE, EN TRAUMATOLOGIE ET EN ORTHOPEDIE CONSOMMABLES UTILISES EN CHIRURGIE GENERALE, EN TRAUMATOLOGIE ET EN ORTHOPEDIE",,,Vis corticale 4.5 l54mm filet. complet,---,---,Unité,AB,,False,78
Annexe 2 — Materiel Bio-Medical,Liste Complementaire,02,"OBJETS DE PANSEMENT CONSOMMABLES UTILISES EN CHIRURGIE GENERALE, EN TRAUMATOLOGIE ET EN ORTHOPEDIE CONSOMMABLES UTILISES EN CHIRURGIE GENERALE, EN TRAUMATOLOGIE ET EN ORTHOPEDIE CONSOMMABLES UTILISES EN CHIRURGIE GENERALE, EN TRAUMATOLOGIE ET EN ORTHOPEDIE CONSOMMABLES UTILISES EN CHIRURGIE GENERALE, EN TRAUMATOLOGIE ET EN ORTHOPEDIE",,,Vis corticale 4.5 l60mm filet. complet,---,---,Unité,AB,,False,78
Annexe 2 — Materiel Bio-Medical,Liste Complementaire,02,"OBJETS DE PANSEMENT CONSOMMABLES UTILISES EN CHIRURGIE GENERALE, EN TRAUMATOLOGIE ET EN ORTHOPEDIE CONSOMMABLES UTILISES EN CHIRURGIE GENERALE, EN TRAUMATOLOGIE ET EN ORTHOPEDIE CONSOMMABLES UTILISES EN CHIRURGIE GENERALE, EN TRAUMATOLOGIE ET EN ORTHOPEDIE CONSOMMABLES UTILISES EN CHIRURGIE GENERALE, EN TRAUMATOLOGIE ET EN ORTHOPEDIE",,,Vis corticale 4.5 l66mm filet. complet,---,---,Unité,AB,,False,78
Annexe 2 — Materiel Bio-Medical,Liste Complementaire,02,"OBJETS DE PANSEMENT CONSOMMABLES UTILISES EN CHIRURGIE GENERALE, EN TRAUMATOLOGIE ET EN ORTHOPEDIE CONSOMMABLES UTILISES EN CHIRURGIE GENERALE, EN TRAUMATOLOGIE ET EN ORTHOPEDIE CONSOMMABLES UTILISES EN CHIRURGIE GENERALE, EN TRAUMATOLOGIE ET EN ORTHOPEDIE CONSOMMABLES UTILISES EN CHIRURGIE GENERALE, EN TRAUMATOLOGIE ET EN ORTHOPEDIE",,,Vis corticale 4.5 l68mm filet. complet,---,---,Unité,AB,,False,78
Annexe 2 — Materiel Bio-Medical,Liste Complementaire,02,"OBJETS DE PANSEMENT CONSOMMABLES UTILISES EN CHIRURGIE GENERALE, EN TRAUMATOLOGIE ET EN ORTHOPEDIE CONSOMMABLES UTILISES EN CHIRURGIE GENERALE, EN TRAUMATOLOGIE ET EN ORTHOPEDIE CONSOMMABLES UTILISES EN CHIRURGIE GENERALE, EN TRAUMATOLOGIE ET EN ORTHOPEDIE CONSOMMABLES UTILISES EN CHIRURGIE GENERALE, EN TRAUMATOLOGIE ET EN ORTHOPEDIE",,,Vis corticale 4.5 l72mm filet. complet,---,---,Unité,AB,,False,78
Annexe 2 — Materiel Bio-Medical,Liste Complementaire,02,"OBJETS DE PANSEMENT CONSOMMABLES UTILISES EN CHIRURGIE GENERALE, EN TRAUMATOLOGIE ET EN ORTHOPEDIE CONSOMMABLES UTILISES EN CHIRURGIE GENERALE, EN TRAUMATOLOGIE ET EN ORTHOPEDIE CONSOMMABLES UTILISES EN CHIRURGIE GENERALE, EN TRAUMATOLOGIE ET EN ORTHOPEDIE CONSOMMABLES UTILISES EN CHIRURGIE GENERALE, EN TRAUMATOLOGIE ET EN ORTHOPEDIE",,,Vis corticale 4.5 l26mm filet. complet,---,---,Unité,AB,,False,78
Annexe 2 — Materiel Bio-Medical,Liste Complementaire,02,"OBJETS DE PANSEMENT CONSOMMABLES UTILISES EN CHIRURGIE GENERALE, EN TRAUMATOLOGIE ET EN ORTHOPEDIE CONSOMMABLES UTILISES EN CHIRURGIE GENERALE, EN TRAUMATOLOGIE ET EN ORTHOPEDIE CONSOMMABLES UTILISES EN CHIRURGIE GENERALE, EN TRAUMATOLOGIE ET EN ORTHOPEDIE CONSOMMABLES UTILISES EN CHIRURGIE GENERALE, EN TRAUMATOLOGIE ET EN ORTHOPEDIE",,,Vis corticale 4.5 l40mm (zimed),---,---,Unité,AB,,False,78
Annexe 2 — Materiel Bio-Medical,Liste Complementaire,02,"OBJETS DE PANSEMENT CONSOMMABLES UTILISES EN CHIRURGIE GENERALE, EN TRAUMATOLOGIE ET EN ORTHOPEDIE CONSOMMABLES UTILISES EN CHIRURGIE GENERALE, EN TRAUMATOLOGIE ET EN ORTHOPEDIE CONSOMMABLES UTILISES EN CHIRURGIE GENERALE, EN TRAUMATOLOGIE ET EN ORTHOPEDIE CONSOMMABLES UTILISES EN CHIRURGIE GENERALE, EN TRAUMATOLOGIE ET EN ORTHOPEDIE",,,Vis corticale 4.5 l42mm (zimed),---,---,Unité,AB,,False,78
Annexe 2 — Materiel Bio-Medical,Liste Complementaire,02,"OBJETS DE PANSEMENT CONSOMMABLES UTILISES EN CHIRURGIE GENERALE, EN TRAUMATOLOGIE ET EN ORTHOPEDIE CONSOMMABLES UTILISES EN CHIRURGIE GENERALE, EN TRAUMATOLOGIE ET EN ORTHOPEDIE CONSOMMABLES UTILISES EN CHIRURGIE GENERALE, EN TRAUMATOLOGIE ET EN ORTHOPEDIE CONSOMMABLES UTILISES EN CHIRURGIE GENERALE, EN TRAUMATOLOGIE ET EN ORTHOPEDIE",,,Vis corticale 4.5 l50mm (zimed),---,---,Unité,AB,,False,78
Annexe 2 — Materiel Bio-Medical,Liste Complementaire,02,"OBJETS DE PANSEMENT CONSOMMABLES UTILISES EN CHIRURGIE GENERALE, EN TRAUMATOLOGIE ET EN ORTHOPEDIE CONSOMMABLES UTILISES EN CHIRURGIE GENERALE, EN TRAUMATOLOGIE ET EN ORTHOPEDIE CONSOMMABLES UTILISES EN CHIRURGIE GENERALE, EN TRAUMATOLOGIE ET EN ORTHOPEDIE CONSOMMABLES UTILISES EN CHIRURGIE GENERALE, EN TRAUMATOLOGIE ET EN ORTHOPEDIE",,,Vis spongieuse 3.5 l25 mm filet. large,---,---,Unité,AB,,False,78
Annexe 2 — Materiel Bio-Medical,Liste Complementaire,02,"OBJETS DE PANSEMENT CONSOMMABLES UTILISES EN CHIRURGIE GENERALE, EN TRAUMATOLOGIE ET EN ORTHOPEDIE CONSOMMABLES UTILISES EN CHIRURGIE GENERALE, EN TRAUMATOLOGIE ET EN ORTHOPEDIE CONSOMMABLES UTILISES EN CHIRURGIE GENERALE, EN TRAUMATOLOGIE ET EN ORTHOPEDIE CONSOMMABLES UTILISES EN CHIRURGIE GENERALE, EN TRAUMATOLOGIE ET EN ORTHOPEDIE",,,Vis spongieuse 3.5 l30 mm filet. large,---,---,Unité,AB,,False,78
Annexe 2 — Materiel Bio-Medical,Liste Complementaire,02,"OBJETS DE PANSEMENT CONSOMMABLES UTILISES EN CHIRURGIE GENERALE, EN TRAUMATOLOGIE ET EN ORTHOPEDIE CONSOMMABLES UTILISES EN CHIRURGIE GENERALE, EN TRAUMATOLOGIE ET EN ORTHOPEDIE CONSOMMABLES UTILISES EN CHIRURGIE GENERALE, EN TRAUMATOLOGIE ET EN ORTHOPEDIE CONSOMMABLES UTILISES EN CHIRURGIE GENERALE, EN TRAUMATOLOGIE ET EN ORTHOPEDIE",,,Vis spongieuse 3.5 l40 mm filet. large,---,---,Unité,AB,,False,78
Annexe 2 — Materiel Bio-Medical,Liste Complementaire,02,"OBJETS DE PANSEMENT CONSOMMABLES UTILISES EN CHIRURGIE GENERALE, EN TRAUMATOLOGIE ET EN ORTHOPEDIE CONSOMMABLES UTILISES EN CHIRURGIE GENERALE, EN TRAUMATOLOGIE ET EN ORTHOPEDIE CONSOMMABLES UTILISES EN CHIRURGIE GENERALE, EN TRAUMATOLOGIE ET EN ORTHOPEDIE CONSOMMABLES UTILISES EN CHIRURGIE GENERALE, EN TRAUMATOLOGIE ET EN ORTHOPEDIE",,,Vis spongieuse 3.5 l45 mm filet. large,---,---,Unité,AB,,False,78
Annexe 2 — Materiel Bio-Medical,Liste Complementaire,02,"OBJETS DE PANSEMENT CONSOMMABLES UTILISES EN CHIRURGIE GENERALE, EN TRAUMATOLOGIE ET EN ORTHOPEDIE CONSOMMABLES UTILISES EN CHIRURGIE GENERALE, EN TRAUMATOLOGIE ET EN ORTHOPEDIE CONSOMMABLES UTILISES EN CHIRURGIE GENERALE, EN TRAUMATOLOGIE ET EN ORTHOPEDIE CONSOMMABLES UTILISES EN CHIRURGIE GENERALE, EN TRAUMATOLOGIE ET EN ORTHOPEDIE",,,Vis spongieuse 3.5 l50 mm filet. large,---,---,Unité,AB,,False,78
Annexe 2 — Materiel Bio-Medical,Liste Complementaire,02,"OBJETS DE PANSEMENT CONSOMMABLES UTILISES EN CHIRURGIE GENERALE, EN TRAUMATOLOGIE ET EN ORTHOPEDIE CONSOMMABLES UTILISES EN CHIRURGIE GENERALE, EN TRAUMATOLOGIE ET EN ORTHOPEDIE CONSOMMABLES UTILISES EN CHIRURGIE GENERALE, EN TRAUMATOLOGIE ET EN ORTHOPEDIE CONSOMMABLES UTILISES EN CHIRURGIE GENERALE, EN TRAUMATOLOGIE ET EN ORTHOPEDIE",,,Vis spongieuse 3.5 l55 mm filet. large,---,---,Unité,AB,,False,78
Annexe 2 — Materiel Bio-Medical,Liste Complementaire,02,"OBJETS DE PANSEMENT CONSOMMABLES UTILISES EN CHIRURGIE GENERALE, EN TRAUMATOLOGIE ET EN ORTHOPEDIE CONSOMMABLES UTILISES EN CHIRURGIE GENERALE, EN TRAUMATOLOGIE ET EN ORTHOPEDIE CONSOMMABLES UTILISES EN CHIRURGIE GENERALE, EN TRAUMATOLOGIE ET EN ORTHOPEDIE CONSOMMABLES UTILISES EN CHIRURGIE GENERALE, EN TRAUMATOLOGIE ET EN ORTHOPEDIE",,,Vis spongieuse 3.5 l60 mm filet. large,---,---,Unité,AB,,False,78
Annexe 2 — Materiel Bio-Medical,Liste Complementaire,02,"OBJETS DE PANSEMENT CONSOMMABLES UTILISES EN CHIRURGIE GENERALE, EN TRAUMATOLOGIE ET EN ORTHOPEDIE CONSOMMABLES UTILISES EN CHIRURGIE GENERALE, EN TRAUMATOLOGIE ET EN ORTHOPEDIE CONSOMMABLES UTILISES EN CHIRURGIE GENERALE, EN TRAUMATOLOGIE ET EN ORTHOPEDIE CONSOMMABLES UTILISES EN CHIRURGIE GENERALE, EN TRAUMATOLOGIE ET EN ORTHOPEDIE",,,Vis spongieuse 6.5 l25 mm filet. complet,---,---,Unité,AB,,False,78
Annexe 2 — Materiel Bio-Medical,Liste Complementaire,02,"OBJETS DE PANSEMENT CONSOMMABLES UTILISES EN CHIRURGIE GENERALE, EN TRAUMATOLOGIE ET EN ORTHOPEDIE CONSOMMABLES UTILISES EN CHIRURGIE GENERALE, EN TRAUMATOLOGIE ET EN ORTHOPEDIE CONSOMMABLES UTILISES EN CHIRURGIE GENERALE, EN TRAUMATOLOGIE ET EN ORTHOPEDIE CONSOMMABLES UTILISES EN CHIRURGIE GENERALE, EN TRAUMATOLOGIE ET EN ORTHOPEDIE",,,Vis spongieuse 6.5 l30 mm filet. complet,---,---,Unité,AB,,False,78
Annexe 2 — Materiel Bio-Medical,Liste Complementaire,02,"OBJETS DE PANSEMENT CONSOMMABLES UTILISES EN CHIRURGIE GENERALE, EN TRAUMATOLOGIE ET EN ORTHOPEDIE CONSOMMABLES UTILISES EN CHIRURGIE GENERALE, EN TRAUMATOLOGIE ET EN ORTHOPEDIE CONSOMMABLES UTILISES EN CHIRURGIE GENERALE, EN TRAUMATOLOGIE ET EN ORTHOPEDIE CONSOMMABLES UTILISES EN CHIRURGIE GENERALE, EN TRAUMATOLOGIE ET EN ORTHOPEDIE",,,Vis spongieuse 6.5 l40 mm filet. complet,---,---,Unité,AB,,False,78
Annexe 2 — Materiel Bio-Medical,Liste Complementaire,02,"OBJETS DE PANSEMENT CONSOMMABLES UTILISES EN CHIRURGIE GENERALE, EN TRAUMATOLOGIE ET EN ORTHOPEDIE CONSOMMABLES UTILISES EN CHIRURGIE GENERALE, EN TRAUMATOLOGIE ET EN ORTHOPEDIE CONSOMMABLES UTILISES EN CHIRURGIE GENERALE, EN TRAUMATOLOGIE ET EN ORTHOPEDIE CONSOMMABLES UTILISES EN CHIRURGIE GENERALE, EN TRAUMATOLOGIE ET EN ORTHOPEDIE",,,Vis spongieuse 6.5 l45 mm filet. complet,---,---,Unité,AB,,False,78
Annexe 2 — Materiel Bio-Medical,Liste Complementaire,02,"OBJETS DE PANSEMENT CONSOMMABLES UTILISES EN CHIRURGIE GENERALE, EN TRAUMATOLOGIE ET EN ORTHOPEDIE CONSOMMABLES UTILISES EN CHIRURGIE GENERALE, EN TRAUMATOLOGIE ET EN ORTHOPEDIE CONSOMMABLES UTILISES EN CHIRURGIE GENERALE, EN TRAUMATOLOGIE ET EN ORTHOPEDIE CONSOMMABLES UTILISES EN CHIRURGIE GENERALE, EN TRAUMATOLOGIE ET EN ORTHOPEDIE",,,Vis spongieuse 6.5 l50 mm filet. complet,---,---,Unité,AB,,False,78
Annexe 2 — Materiel Bio-Medical,Liste Complementaire,02,"OBJETS DE PANSEMENT CONSOMMABLES UTILISES EN CHIRURGIE GENERALE, EN TRAUMATOLOGIE ET EN ORTHOPEDIE CONSOMMABLES UTILISES EN CHIRURGIE GENERALE, EN TRAUMATOLOGIE ET EN ORTHOPEDIE CONSOMMABLES UTILISES EN CHIRURGIE GENERALE, EN TRAUMATOLOGIE ET EN ORTHOPEDIE CONSOMMABLES UTILISES EN CHIRURGIE GENERALE, EN TRAUMATOLOGIE ET EN ORTHOPEDIE",,,Vis spongieuse 6.5 l55 mm filet. complet,---,---,Unité,AB,,False,78
Annexe 2 — Materiel Bio-Medical,Liste Complementaire,02,"OBJETS DE PANSEMENT CONSOMMABLES UTILISES EN CHIRURGIE GENERALE, EN TRAUMATOLOGIE ET EN ORTHOPEDIE CONSOMMABLES UTILISES EN CHIRURGIE GENERALE, EN TRAUMATOLOGIE ET EN ORTHOPEDIE CONSOMMABLES UTILISES EN CHIRURGIE GENERALE, EN TRAUMATOLOGIE ET EN ORTHOPEDIE CONSOMMABLES UTILISES EN CHIRURGIE GENERALE, EN TRAUMATOLOGIE ET EN ORTHOPEDIE",,,Vis spongieuse 6.5 l60 mm filet. complet,---,---,Unité,AB,,False,78
Annexe 2 — Materiel Bio-Medical,Liste Complementaire,02,"OBJETS DE PANSEMENT CONSOMMABLES UTILISES EN CHIRURGIE GENERALE, EN TRAUMATOLOGIE ET EN ORTHOPEDIE CONSOMMABLES UTILISES EN CHIRURGIE GENERALE, EN TRAUMATOLOGIE ET EN ORTHOPEDIE CONSOMMABLES UTILISES EN CHIRURGIE GENERALE, EN TRAUMATOLOGIE ET EN ORTHOPEDIE CONSOMMABLES UTILISES EN CHIRURGIE GENERALE, EN TRAUMATOLOGIE ET EN ORTHOPEDIE",,,Vis spongieuse 6.5 l65 mm filet. complet,---,---,Unité,AB,,False,78
Annexe 2 — Materiel Bio-Medical,Liste Complementaire,02,"OBJETS DE PANSEMENT CONSOMMABLES UTILISES EN CHIRURGIE GENERALE, EN TRAUMATOLOGIE ET EN ORTHOPEDIE CONSOMMABLES UTILISES EN CHIRURGIE GENERALE, EN TRAUMATOLOGIE ET EN ORTHOPEDIE CONSOMMABLES UTILISES EN CHIRURGIE GENERALE, EN TRAUMATOLOGIE ET EN ORTHOPEDIE CONSOMMABLES UTILISES EN CHIRURGIE GENERALE, EN TRAUMATOLOGIE ET EN ORTHOPEDIE",,,Vis spongieuse 6.5 l70 mm filet. complet,---,---,Unité,AB,,False,78
Annexe 2 — Materiel Bio-Medical,Liste Complementaire,02,"OBJETS DE PANSEMENT CONSOMMABLES UTILISES EN CHIRURGIE GENERALE, EN TRAUMATOLOGIE ET EN ORTHOPEDIE CONSOMMABLES UTILISES EN CHIRURGIE GENERALE, EN TRAUMATOLOGIE ET EN ORTHOPEDIE CONSOMMABLES UTILISES EN CHIRURGIE GENERALE, EN TRAUMATOLOGIE ET EN ORTHOPEDIE CONSOMMABLES UTILISES EN CHIRURGIE GENERALE, EN TRAUMATOLOGIE ET EN ORTHOPEDIE",,,Vis verrouillage 5.0 l28 mm acier targon,---,---,Unité,AB,,False,78
Annexe 2 — Materiel Bio-Medical,Liste Complementaire,02,"OBJETS DE PANSEMENT CONSOMMABLES UTILISES EN CHIRURGIE GENERALE, EN TRAUMATOLOGIE ET EN ORTHOPEDIE CONSOMMABLES UTILISES EN CHIRURGIE GENERALE, EN TRAUMATOLOGIE ET EN ORTHOPEDIE CONSOMMABLES UTILISES EN CHIRURGIE GENERALE, EN TRAUMATOLOGIE ET EN ORTHOPEDIE CONSOMMABLES UTILISES EN CHIRURGIE GENERALE, EN TRAUMATOLOGIE ET EN ORTHOPEDIE",,,Vis verrouillage 5.0 l32 mm acier targon,---,---,Unité,AB,,False,78
Annexe 2 — Materiel Bio-Medical,Liste Complementaire,02,"OBJETS DE PANSEMENT CONSOMMABLES UTILISES EN CHIRURGIE GENERALE, EN TRAUMATOLOGIE ET EN ORTHOPEDIE CONSOMMABLES UTILISES EN CHIRURGIE GENERALE, EN TRAUMATOLOGIE ET EN ORTHOPEDIE CONSOMMABLES UTILISES EN CHIRURGIE GENERALE, EN TRAUMATOLOGIE ET EN ORTHOPEDIE CONSOMMABLES UTILISES EN CHIRURGIE GENERALE, EN TRAUMATOLOGIE ET EN ORTHOPEDIE",,,Vis verrouillage 5.0 l40 mm acier targon,---,---,Unité,AB,,False,78
Annexe 2 — Materiel Bio-Medical,Liste Complementaire,02,"OBJETS DE PANSEMENT CONSOMMABLES UTILISES EN CHIRURGIE GENERALE, EN TRAUMATOLOGIE ET EN ORTHOPEDIE CONSOMMABLES UTILISES EN CHIRURGIE GENERALE, EN TRAUMATOLOGIE ET EN ORTHOPEDIE CONSOMMABLES UTILISES EN CHIRURGIE GENERALE, EN TRAUMATOLOGIE ET EN ORTHOPEDIE CONSOMMABLES UTILISES EN CHIRURGIE GENERALE, EN TRAUMATOLOGIE ET EN ORTHOPEDIE",,,Vis verrouillage 5.0 l44 mm acier targon,---,---,Unité,AB,,False,78
Annexe 2 — Materiel Bio-Medical,Liste Complementaire,02,"OBJETS DE PANSEMENT CONSOMMABLES UTILISES EN CHIRURGIE GENERALE, EN TRAUMATOLOGIE ET EN ORTHOPEDIE CONSOMMABLES UTILISES EN CHIRURGIE GENERALE, EN TRAUMATOLOGIE ET EN ORTHOPEDIE CONSOMMABLES UTILISES EN CHIRURGIE GENERALE, EN TRAUMATOLOGIE ET EN ORTHOPEDIE CONSOMMABLES UTILISES EN CHIRURGIE GENERALE, EN TRAUMATOLOGIE ET EN ORTHOPEDIE CONSOMMABLES UTILISES EN CHIRURGIE GENERALE, EN TRAUMATOLOGIE ET EN ORTHOPEDIE",,,Vis verrouillage 5.0 l52 mm acier targon,---,---,Unité,AB,,False,79
Annexe 2 — Materiel Bio-Medical,Liste Complementaire,02,"OBJETS DE PANSEMENT CONSOMMABLES UTILISES EN CHIRURGIE GENERALE, EN TRAUMATOLOGIE ET EN ORTHOPEDIE CONSOMMABLES UTILISES EN CHIRURGIE GENERALE, EN TRAUMATOLOGIE ET EN ORTHOPEDIE CONSOMMABLES UTILISES EN CHIRURGIE GENERALE, EN TRAUMATOLOGIE ET EN ORTHOPEDIE CONSOMMABLES UTILISES EN CHIRURGIE GENERALE, EN TRAUMATOLOGIE ET EN ORTHOPEDIE CONSOMMABLES UTILISES EN CHIRURGIE GENERALE, EN TRAUMATOLOGIE ET EN ORTHOPEDIE",,,Vis verrouillage 5.0 l56 mm acier targon,---,---,Unité,AB,,False,79
Annexe 2 — Materiel Bio-Medical,Liste Complementaire,02,"OBJETS DE PANSEMENT CONSOMMABLES UTILISES EN CHIRURGIE GENERALE, EN TRAUMATOLOGIE ET EN ORTHOPEDIE CONSOMMABLES UTILISES EN CHIRURGIE GENERALE, EN TRAUMATOLOGIE ET EN ORTHOPEDIE CONSOMMABLES UTILISES EN CHIRURGIE GENERALE, EN TRAUMATOLOGIE ET EN ORTHOPEDIE CONSOMMABLES UTILISES EN CHIRURGIE GENERALE, EN TRAUMATOLOGIE ET EN ORTHOPEDIE CONSOMMABLES UTILISES EN CHIRURGIE GENERALE, EN TRAUMATOLOGIE ET EN ORTHOPEDIE",,,Vis verrouillage 5.0 l60 mm acier targon,---,---,Unité,AB,,False,79
Annexe 2 — Materiel Bio-Medical,Liste Complementaire,02,"OBJETS DE PANSEMENT CONSOMMABLES UTILISES EN CHIRURGIE GENERALE, EN TRAUMATOLOGIE ET EN ORTHOPEDIE CONSOMMABLES UTILISES EN CHIRURGIE GENERALE, EN TRAUMATOLOGIE ET EN ORTHOPEDIE CONSOMMABLES UTILISES EN CHIRURGIE GENERALE, EN TRAUMATOLOGIE ET EN ORTHOPEDIE CONSOMMABLES UTILISES EN CHIRURGIE GENERALE, EN TRAUMATOLOGIE ET EN ORTHOPEDIE CONSOMMABLES UTILISES EN CHIRURGIE GENERALE, EN TRAUMATOLOGIE ET EN ORTHOPEDIE",,,Vis verrouillage 5.0 l68 mm acier targon,---,---,Unité,AB,,False,79
Annexe 2 — Materiel Bio-Medical,Liste Complementaire,02,"OBJETS DE PANSEMENT CONSOMMABLES UTILISES EN CHIRURGIE GENERALE, EN TRAUMATOLOGIE ET EN ORTHOPEDIE CONSOMMABLES UTILISES EN CHIRURGIE GENERALE, EN TRAUMATOLOGIE ET EN ORTHOPEDIE CONSOMMABLES UTILISES EN CHIRURGIE GENERALE, EN TRAUMATOLOGIE ET EN ORTHOPEDIE CONSOMMABLES UTILISES EN CHIRURGIE GENERALE, EN TRAUMATOLOGIE ET EN ORTHOPEDIE CONSOMMABLES UTILISES EN CHIRURGIE GENERALE, EN TRAUMATOLOGIE ET EN ORTHOPEDIE",,,Vis verrouillage 6.0 l40 mm acier targon,---,---,Unité,AB,,False,79
Annexe 2 — Materiel Bio-Medical,Liste Complementaire,02,"OBJETS DE PANSEMENT CONSOMMABLES UTILISES EN CHIRURGIE GENERALE, EN TRAUMATOLOGIE ET EN ORTHOPEDIE CONSOMMABLES UTILISES EN CHIRURGIE GENERALE, EN TRAUMATOLOGIE ET EN ORTHOPEDIE CONSOMMABLES UTILISES EN CHIRURGIE GENERALE, EN TRAUMATOLOGIE ET EN ORTHOPEDIE CONSOMMABLES UTILISES EN CHIRURGIE GENERALE, EN TRAUMATOLOGIE ET EN ORTHOPEDIE CONSOMMABLES UTILISES EN CHIRURGIE GENERALE, EN TRAUMATOLOGIE ET EN ORTHOPEDIE",,,Vis verrouillage 6.0 l44 mm acier targon,---,---,Unité,AB,,False,79
Annexe 2 — Materiel Bio-Medical,Liste Complementaire,02,"OBJETS DE PANSEMENT CONSOMMABLES UTILISES EN CHIRURGIE GENERALE, EN TRAUMATOLOGIE ET EN ORTHOPEDIE CONSOMMABLES UTILISES EN CHIRURGIE GENERALE, EN TRAUMATOLOGIE ET EN ORTHOPEDIE CONSOMMABLES UTILISES EN CHIRURGIE GENERALE, EN TRAUMATOLOGIE ET EN ORTHOPEDIE CONSOMMABLES UTILISES EN CHIRURGIE GENERALE, EN TRAUMATOLOGIE ET EN ORTHOPEDIE CONSOMMABLES UTILISES EN CHIRURGIE GENERALE, EN TRAUMATOLOGIE ET EN ORTHOPEDIE",,,Vis verrouillage 6.0 l64 mm acier targon,---,---,Unité,AB,,False,79
Annexe 2 — Materiel Bio-Medical,Liste Complementaire,02,"OBJETS DE PANSEMENT CONSOMMABLES UTILISES EN CHIRURGIE GENERALE, EN TRAUMATOLOGIE ET EN ORTHOPEDIE CONSOMMABLES UTILISES EN CHIRURGIE GENERALE, EN TRAUMATOLOGIE ET EN ORTHOPEDIE CONSOMMABLES UTILISES EN CHIRURGIE GENERALE, EN TRAUMATOLOGIE ET EN ORTHOPEDIE CONSOMMABLES UTILISES EN CHIRURGIE GENERALE, EN TRAUMATOLOGIE ET EN ORTHOPEDIE CONSOMMABLES UTILISES EN CHIRURGIE GENERALE, EN TRAUMATOLOGIE ET EN ORTHOPEDIE",,,Vis verrouillage 6.0 l68 mm acier targon,---,---,Unité,AB,,False,79
Annexe 2 — Materiel Bio-Medical,Liste Complementaire,02,"OBJETS DE PANSEMENT CONSOMMABLES UTILISES EN CHIRURGIE GENERALE, EN TRAUMATOLOGIE ET EN ORTHOPEDIE CONSOMMABLES UTILISES EN CHIRURGIE GENERALE, EN TRAUMATOLOGIE ET EN ORTHOPEDIE CONSOMMABLES UTILISES EN CHIRURGIE GENERALE, EN TRAUMATOLOGIE ET EN ORTHOPEDIE CONSOMMABLES UTILISES EN CHIRURGIE GENERALE, EN TRAUMATOLOGIE ET EN ORTHOPEDIE CONSOMMABLES UTILISES EN CHIRURGIE GENERALE, EN TRAUMATOLOGIE ET EN ORTHOPEDIE",,,Vis verrouillage 6.0 l72 mm acier targon,---,---,Unité,AB,,False,79
Annexe 2 — Materiel Bio-Medical,Liste Complementaire,02,"OBJETS DE PANSEMENT CONSOMMABLES UTILISES EN CHIRURGIE GENERALE, EN TRAUMATOLOGIE ET EN ORTHOPEDIE CONSOMMABLES UTILISES EN CHIRURGIE GENERALE, EN TRAUMATOLOGIE ET EN ORTHOPEDIE CONSOMMABLES UTILISES EN CHIRURGIE GENERALE, EN TRAUMATOLOGIE ET EN ORTHOPEDIE CONSOMMABLES UTILISES EN CHIRURGIE GENERALE, EN TRAUMATOLOGIE ET EN ORTHOPEDIE CONSOMMABLES UTILISES EN CHIRURGIE GENERALE, EN TRAUMATOLOGIE ET EN ORTHOPEDIE",,,Vis-clavette 6/4.5 l-35 mm,---,---,Unité,AB,,False,79
Annexe 2 — Materiel Bio-Medical,Liste Complementaire,02,"OBJETS DE PANSEMENT CONSOMMABLES UTILISES EN CHIRURGIE GENERALE, EN TRAUMATOLOGIE ET EN ORTHOPEDIE CONSOMMABLES UTILISES EN CHIRURGIE GENERALE, EN TRAUMATOLOGIE ET EN ORTHOPEDIE CONSOMMABLES UTILISES EN CHIRURGIE GENERALE, EN TRAUMATOLOGIE ET EN ORTHOPEDIE CONSOMMABLES UTILISES EN CHIRURGIE GENERALE, EN TRAUMATOLOGIE ET EN ORTHOPEDIE CONSOMMABLES UTILISES EN CHIRURGIE GENERALE, EN TRAUMATOLOGIE ET EN ORTHOPEDIE",,,Vis-clavette 6/4.5 l-40 mm,---,---,Unité,AB,,False,79
Annexe 2 — Materiel Bio-Medical,Liste Complementaire,04,CONSOMMABLES UTILISES EN GASTROENTEROLOGIE ET CHIRURGIE DIGESTIVE,,,Aiguille à ponction biopsie du foie à usage unique 14 G,---,---,Unité,A,,False,79
Annexe 2 — Materiel Bio-Medical,Liste Complementaire,04,CONSOMMABLES UTILISES EN GASTROENTEROLOGIE ET CHIRURGIE DIGESTIVE,,,Aiguille à ponction biopsie du foie à usage unique 16 G,---,---,Unité,A,,False,79
Annexe 2 — Materiel Bio-Medical,Liste Complementaire,04,CONSOMMABLES UTILISES EN GASTROENTEROLOGIE ET CHIRURGIE DIGESTIVE,,,Aiguille à ponction biopsie du foie à usage unique 18 G,---,---,Unité,A,,False,79
Annexe 2 — Materiel Bio-Medical,Liste Complementaire,04,CONSOMMABLES UTILISES EN GASTROENTEROLOGIE ET CHIRURGIE DIGESTIVE,,,Clip endoscopique réutilisable,---,---,Unité,A,,False,79
Annexe 2 — Materiel Bio-Medical,Liste Complementaire,04,CONSOMMABLES UTILISES EN GASTROENTEROLOGIE ET CHIRURGIE DIGESTIVE,,,Drain de KEHR en T 12,---,---,Unité,AB,,False,79
Annexe 2 — Materiel Bio-Medical,Liste Complementaire,04,CONSOMMABLES UTILISES EN GASTROENTEROLOGIE ET CHIRURGIE DIGESTIVE,,,Drain de KEHR en T 16,---,---,Unité,AB,,False,79
Annexe 2 — Materiel Bio-Medical,Liste Complementaire,04,CONSOMMABLES UTILISES EN GASTROENTEROLOGIE ET CHIRURGIE DIGESTIVE,,,Kit de dilatation oesophagienne,---,---,Unité,AB,,False,79
Annexe 2 — Materiel Bio-Medical,Liste Complementaire,04,CONSOMMABLES UTILISES EN GASTROENTEROLOGIE ET CHIRURGIE DIGESTIVE,,,Kit de gastrotomie percutanée,---,---,Unité,AB,,False,79
Annexe 2 — Materiel Bio-Medical,Liste Complementaire,04,CONSOMMABLES UTILISES EN GASTROENTEROLOGIE ET CHIRURGIE DIGESTIVE,,,Kit de ligatures elastiques,---,---,Unité,A,,False,79
Annexe 2 — Materiel Bio-Medical,Liste Complementaire,04,CONSOMMABLES UTILISES EN GASTROENTEROLOGIE ET CHIRURGIE DIGESTIVE,,,Ligateur elastique +accessoirs,---,---,Unité,A,,False,79
Annexe 2 — Materiel Bio-Medical,Liste Complementaire,04,CONSOMMABLES UTILISES EN GASTROENTEROLOGIE ET CHIRURGIE DIGESTIVE,,,Poche à colostomie à 1 pièce non vidangeable,---,---,Unité,AB,,False,79
Annexe 2 — Materiel Bio-Medical,Liste Complementaire,04,CONSOMMABLES UTILISES EN GASTROENTEROLOGIE ET CHIRURGIE DIGESTIVE,,,Poche à colostomie à 2 pièces non vidangeable,---,---,Unité,AB,,False,79
Annexe 2 — Materiel Bio-Medical,Liste Complementaire,04,CONSOMMABLES UTILISES EN GASTROENTEROLOGIE ET CHIRURGIE DIGESTIVE,,,Sonde de blackmore CH 18,---,---,Unité,AB,,False,79
Annexe 2 — Materiel Bio-Medical,Liste Complementaire,04,CONSOMMABLES UTILISES EN GASTROENTEROLOGIE ET CHIRURGIE DIGESTIVE,,,Sonde de BLAKMORE (double ballonnet),---,---,Unité,A,,False,79
Annexe 2 — Materiel Bio-Medical,Liste Complementaire,05,CONSOMMABLES UTILISES EN CHIRURGIE UROLOGIQUE,,,Aiguille à ponction biopsie rénale adulte à usage unique (Aiguille de BARDES) 16cm,---,---,Unité,A,,False,79
Annexe 2 — Materiel Bio-Medical,Liste Complementaire,05,CONSOMMABLES UTILISES EN CHIRURGIE UROLOGIQUE,,,Aiguille à ponction biopsie rénale adulte à usage unique (Aiguille de BARDES) 18cm,---,---,Unité,A,,False,79
Annexe 2 — Materiel Bio-Medical,Liste Complementaire,05,CONSOMMABLES UTILISES EN CHIRURGIE UROLOGIQUE,,,Boite courante,---,---,Unité,AB,,False,79
Annexe 2 — Materiel Bio-Medical,Liste Complementaire,05,CONSOMMABLES UTILISES EN CHIRURGIE UROLOGIQUE,,,Boite de fistule uro-génitale,---,---,Unité,AB,,False,79
Annexe 2 — Materiel Bio-Medical,Liste Complementaire,05,CONSOMMABLES UTILISES EN CHIRURGIE UROLOGIQUE,,,Boite de prostate,---,---,Unité,AB,,False,79
Annexe 2 — Materiel Bio-Medical,Liste Complementaire,05,CONSOMMABLES UTILISES EN CHIRURGIE UROLOGIQUE,,,Boite de rein,---,---,Unité,AB,,False,79
Annexe 2 — Materiel Bio-Medical,Liste Complementaire,05,CONSOMMABLES UTILISES EN CHIRURGIE UROLOGIQUE,,,Boite vasculaire,---,---,Unité,AB,,False,79
Annexe 2 — Materiel Bio-Medical,Liste Complementaire,05,CONSOMMABLES UTILISES EN CHIRURGIE UROLOGIQUE,,,Bougie de BENIQUE,---,---,Unité,AB,,False,79
Annexe 2 — Materiel Bio-Medical,Liste Complementaire,05,CONSOMMABLES UTILISES EN CHIRURGIE UROLOGIQUE,,,"Cathéter de dialyse en polyurétral diamètre 10 F/12,5 cm",---,---,Unité,A,,False,79
Annexe 2 — Materiel Bio-Medical,Liste Complementaire,05,CONSOMMABLES UTILISES EN CHIRURGIE UROLOGIQUE,,,Cathéter de dialyse en polyurétral diamètre 11 F/20 cm,---,---,Unité,A,,False,79
Annexe 2 — Materiel Bio-Medical,Liste Complementaire,05,CONSOMMABLES UTILISES EN CHIRURGIE UROLOGIQUE,,,Cathéter de dialyse en polyurétral diamètre 8 F/20 cm,---,---,Unité,A,,False,79
Annexe 2 — Materiel Bio-Medical,Liste Complementaire,05,CONSOMMABLES UTILISES EN CHIRURGIE UROLOGIQUE,,,Cathéter de dialyse péritonéal TENCKOFF diamètre 31 cm,---,---,Unité,A,,False,79
Annexe 2 — Materiel Bio-Medical,Liste Complementaire,05,CONSOMMABLES UTILISES EN CHIRURGIE UROLOGIQUE,,,Cathéter de dialyse péritonéal TENCKOFF diamètre 37 cm,---,---,Unité,A,,False,79
Annexe 2 — Materiel Bio-Medical,Liste Complementaire,05,CONSOMMABLES UTILISES EN CHIRURGIE UROLOGIQUE,,,Cathéter de dialyse péritonéal TENCKOFF diamètre 57 cm,---,---,Unité,A,,False,79
Annexe 2 — Materiel Bio-Medical,Liste Complementaire,05,CONSOMMABLES UTILISES EN CHIRURGIE UROLOGIQUE,,,Catheter permanent tunnelisé type dual CATH de CANAUD,---,---,Unité,A,,False,79
Annexe 2 — Materiel Bio-Medical,Liste Complementaire,05,CONSOMMABLES UTILISES EN CHIRURGIE UROLOGIQUE,,,"Catheter temporaire double lumière pour enfant 10F/12,5 cm",---,---,Unité,A,,False,79
Annexe 2 — Materiel Bio-Medical,Liste Complementaire,05,CONSOMMABLES UTILISES EN CHIRURGIE UROLOGIQUE,,,Catheter temporaire double lumière pour enfant 11F/20 cm,---,---,Unité,A,,False,79
Annexe 2 — Materiel Bio-Medical,Liste Complementaire,05,CONSOMMABLES UTILISES EN CHIRURGIE UROLOGIQUE,,,Dilatateur souple siliconé,---,---,Unité,AB,,False,79
Annexe 2 — Materiel Bio-Medical,Liste Complementaire,05,CONSOMMABLES UTILISES EN CHIRURGIE UROLOGIQUE,,,Guide Sonde,---,---,Unité,AB,,False,79
Annexe 2 — Materiel Bio-Medical,Liste Complementaire,05,CONSOMMABLES UTILISES EN CHIRURGIE UROLOGIQUE,,,Kit de cystostomie,---,---,Unité,AB,,False,79
Annexe 2 — Materiel Bio-Medical,Liste Complementaire,05,CONSOMMABLES UTILISES EN CHIRURGIE UROLOGIQUE,,,Pistolet de microbiopsie du sein à usage unique,---,---,Unité,AB,,False,79
Annexe 2 — Materiel Bio-Medical,Liste Complementaire,05,CONSOMMABLES UTILISES EN CHIRURGIE UROLOGIQUE,,,Pistolet de microbiopsie du foie à usage unique,---,---,Unité,AB,,False,79
Annexe 2 — Materiel Bio-Medical,Liste Complementaire,05,CONSOMMABLES UTILISES EN CHIRURGIE UROLOGIQUE,,,Pistolet rechargeable à biopsie prostatique,---,---,Unité,AB,,False,79
Annexe 2 — Materiel Bio-Medical,Liste Complementaire,05,CONSOMMABLES UTILISES EN CHIRURGIE UROLOGIQUE,,,Poire ENEMA,---,---,Unité,AB,,False,79
Annexe 2 — Materiel Bio-Medical,Liste Complementaire,05,CONSOMMABLES UTILISES EN CHIRURGIE UROLOGIQUE,,,Sonde JJ,---,---,Unité,AB,,False,79
Annexe 2 — Materiel Bio-Medical,Liste Complementaire,06,CONSOMMABLES UTILISES EN GYNECOLOGIE OBSTETRIQUE,,,Boite d’insertion d’implants (gynécologie),---,---,Unité,ABCD,,False,80
Annexe 2 — Materiel Bio-Medical,Liste Complementaire,06,CONSOMMABLES UTILISES EN GYNECOLOGIE OBSTETRIQUE,,,Ciseaux courbe 21 cm,---,---,Unité,ABCD,,False,80
Annexe 2 — Materiel Bio-Medical,Liste Complementaire,06,CONSOMMABLES UTILISES EN GYNECOLOGIE OBSTETRIQUE,,,Ciseaux droits 21 cm,---,---,Unité,ABCD,,False,80
Annexe 2 — Materiel Bio-Medical,Liste Complementaire,06,CONSOMMABLES UTILISES EN GYNECOLOGIE OBSTETRIQUE,,,Clamp ombilical de Bar,---,---,Unité,ABCD,,False,80
Annexe 2 — Materiel Bio-Medical,Liste Complementaire,06,CONSOMMABLES UTILISES EN GYNECOLOGIE OBSTETRIQUE,,,Curette double de Pozzi,---,---,Unité,ABCD,,False,80
Annexe 2 — Materiel Bio-Medical,Liste Complementaire,06,CONSOMMABLES UTILISES EN GYNECOLOGIE OBSTETRIQUE,,,Doppler fœtal,---,---,Unité,ABCD,,False,80
Annexe 2 — Materiel Bio-Medical,Liste Complementaire,06,CONSOMMABLES UTILISES EN GYNECOLOGIE OBSTETRIQUE,,,Ecarteur de Simms,---,---,Unité,ABC,,False,80
Annexe 2 — Materiel Bio-Medical,Liste Complementaire,06,CONSOMMABLES UTILISES EN GYNECOLOGIE OBSTETRIQUE,,,Gel pour échographie,---,---,Unité,ABCD,,False,80
Annexe 2 — Materiel Bio-Medical,Liste Complementaire,06,CONSOMMABLES UTILISES EN GYNECOLOGIE OBSTETRIQUE,,,Hystéromètre de sions,---,---,Unité,ABCD,,False,80
Annexe 2 — Materiel Bio-Medical,Liste Complementaire,06,CONSOMMABLES UTILISES EN GYNECOLOGIE OBSTETRIQUE,,,Kit de pose de DIU,---,---,Unité,ABCD,,False,80
Annexe 2 — Materiel Bio-Medical,Liste Complementaire,06,CONSOMMABLES UTILISES EN GYNECOLOGIE OBSTETRIQUE,,,Laminaire,---,---,Unité,ABC,,False,80
Annexe 2 — Materiel Bio-Medical,Liste Complementaire,06,CONSOMMABLES UTILISES EN GYNECOLOGIE OBSTETRIQUE,,,Pince à biopsie de l’endomètre,---,---,Unité,ABC,,False,80
Annexe 2 — Materiel Bio-Medical,Liste Complementaire,06,CONSOMMABLES UTILISES EN GYNECOLOGIE OBSTETRIQUE,,,Pince à biopsie du col utérin,---,---,Unité,ABC,,False,80
Annexe 2 — Materiel Bio-Medical,Liste Complementaire,06,CONSOMMABLES UTILISES EN GYNECOLOGIE OBSTETRIQUE,,,Pince à col de Pozzi 23cm,---,---,Unité,ABCD,,False,80
Annexe 2 — Materiel Bio-Medical,Liste Complementaire,06,CONSOMMABLES UTILISES EN GYNECOLOGIE OBSTETRIQUE,,,Pince forester stié droit 24cm,---,---,Unité,ABC,,False,80
Annexe 2 — Materiel Bio-Medical,Liste Complementaire,06,CONSOMMABLES UTILISES EN GYNECOLOGIE OBSTETRIQUE,,,Pince rochester peant courbe 22cm,---,---,Unité,ABC,,False,80
Annexe 2 — Materiel Bio-Medical,Liste Complementaire,06,CONSOMMABLES UTILISES EN GYNECOLOGIE OBSTETRIQUE,,,Pipelle de Cornier,---,---,Unité,AB,,False,80
Annexe 2 — Materiel Bio-Medical,Liste Complementaire,06,CONSOMMABLES UTILISES EN GYNECOLOGIE OBSTETRIQUE,,,Seringue de Karman,---,---,Unité,ABCD,,False,80
Annexe 2 — Materiel Bio-Medical,Liste Complementaire,06,CONSOMMABLES UTILISES EN GYNECOLOGIE OBSTETRIQUE,,,Stéthoscope obstétrical,---,---,Unité,ABCD,,False,80
Annexe 2 — Materiel Bio-Medical,Liste Complementaire,06,CONSOMMABLES UTILISES EN GYNECOLOGIE OBSTETRIQUE,,,Ventouse obstétricale,---,---,Unité,ABCD,,False,80
Annexe 2 — Materiel Bio-Medical,Liste Complementaire,07,CONSOMMABLES UTILISES EN ODONTO-STOMATOLOGIE,07.01,BOITE DE RECONSTRUCTION MANDIBULAIRE,Implants de condyle mandibulaire droits 50-173-01,---,---,Unité,AB,,False,80
Annexe 2 — Materiel Bio-Medical,Liste Complementaire,07,CONSOMMABLES UTILISES EN ODONTO-STOMATOLOGIE,07.01,BOITE DE RECONSTRUCTION MANDIBULAIRE,Implants de condyle mandibulaire gauches 50-173-02,---,---,Unité,AB,,False,80
Annexe 2 — Materiel Bio-Medical,Liste Complementaire,07,CONSOMMABLES UTILISES EN ODONTO-STOMATOLOGIE,07.01,BOITE DE RECONSTRUCTION MANDIBULAIRE,Vis pour implants de condyle mandibulaires 50-173-00,---,---,Unité,AB,,False,80
Annexe 2 — Materiel Bio-Medical,Liste Complementaire,07,CONSOMMABLES UTILISES EN ODONTO-STOMATOLOGIE,07.01,BOITE DE RECONSTRUCTION MANDIBULAIRE,Vis pour implants de condyle mandibulaires 50-173-03,---,---,Unité,AB,,False,80
Annexe 2 — Materiel Bio-Medical,Liste Complementaire,07,CONSOMMABLES UTILISES EN ODONTO-STOMATOLOGIE,07.02,CONSOMMABLES EN ODONTOLOGIE,Ciment de scellement définitif au polycarboxylate (capsule),---,---,Unité,ABC,,False,80
Annexe 2 — Materiel Bio-Medical,Liste Complementaire,07,CONSOMMABLES UTILISES EN ODONTO-STOMATOLOGIE,07.02,CONSOMMABLES EN ODONTOLOGIE,Ciment de scellement définitif au polycarboxylate (poudre et liquide),---,---,Unité,ABC,,False,80
Annexe 2 — Materiel Bio-Medical,Liste Complementaire,07,CONSOMMABLES UTILISES EN ODONTO-STOMATOLOGIE,07.02,CONSOMMABLES EN ODONTOLOGIE,Ciment de scellement provisoire (capsule),---,---,Unité,ABC,,False,80
Annexe 2 — Materiel Bio-Medical,Liste Complementaire,07,CONSOMMABLES UTILISES EN ODONTO-STOMATOLOGIE,07.02,CONSOMMABLES EN ODONTOLOGIE,Ciment de scellement provisoire (poudre et liquide),---,---,Unité,ABC,,False,80
Annexe 2 — Materiel Bio-Medical,Liste Complementaire,07,CONSOMMABLES UTILISES EN ODONTO-STOMATOLOGIE,07.02,CONSOMMABLES EN ODONTOLOGIE,Ciment verre ionomètre de reconstitution coronaire (capsule),---,---,Boîte,ABC,,False,80
Annexe 2 — Materiel Bio-Medical,Liste Complementaire,07,CONSOMMABLES UTILISES EN ODONTO-STOMATOLOGIE,07.02,CONSOMMABLES EN ODONTOLOGIE,Ciment verre ionomètre de reconstitution coronaire (poudre et liquide),---,---,Boîte,ABC,,False,80
Annexe 2 — Materiel Bio-Medical,Liste Complementaire,07,CONSOMMABLES UTILISES EN ODONTO-STOMATOLOGIE,07.02,CONSOMMABLES EN ODONTOLOGIE,Coins de bois interdentaires,---,---,Boîte,ABC,,False,80
Annexe 2 — Materiel Bio-Medical,Liste Complementaire,07,CONSOMMABLES UTILISES EN ODONTO-STOMATOLOGIE,07.02,CONSOMMABLES EN ODONTOLOGIE,Composite autopolymérisant,---,---,Boîte,ABC,,False,80
Annexe 2 — Materiel Bio-Medical,Liste Complementaire,07,CONSOMMABLES UTILISES EN ODONTO-STOMATOLOGIE,07.02,CONSOMMABLES EN ODONTOLOGIE,Composite photopolymérisant,---,---,Boîte,ABC,,False,80
Annexe 2 — Materiel Bio-Medical,Liste Complementaire,07,CONSOMMABLES UTILISES EN ODONTO-STOMATOLOGIE,07.02,CONSOMMABLES EN ODONTOLOGIE,Composite verre ionomère,---,---,Boîte,AB,,False,80
Annexe 2 — Materiel Bio-Medical,Liste Complementaire,07,CONSOMMABLES UTILISES EN ODONTO-STOMATOLOGIE,07.02,CONSOMMABLES EN ODONTOLOGIE,"Films de radio dentaire périapical n°1 150vues 3,4/4,1 /Panoramique dentair",---,---,Unité,AB,,False,80
Annexe 2 — Materiel Bio-Medical,Liste Complementaire,07,CONSOMMABLES UTILISES EN ODONTO-STOMATOLOGIE,07.02,CONSOMMABLES EN ODONTOLOGIE,Forêt de Mooser n°2,---,---,Unité,ABC,,False,80
Annexe 2 — Materiel Bio-Medical,Liste Complementaire,07,CONSOMMABLES UTILISES EN ODONTO-STOMATOLOGIE,07.02,CONSOMMABLES EN ODONTOLOGIE,Fraise carbure de tungstène contre angle boule standard ou bleu,---,---,Unité,ABC,,False,80
Annexe 2 — Materiel Bio-Medical,Liste Complementaire,07,CONSOMMABLES UTILISES EN ODONTO-STOMATOLOGIE,07.02,CONSOMMABLES EN ODONTOLOGIE,Fraise de Batt,---,---,Unité,ABC,,False,80
Annexe 2 — Materiel Bio-Medical,Liste Complementaire,07,CONSOMMABLES UTILISES EN ODONTO-STOMATOLOGIE,07.02,CONSOMMABLES EN ODONTOLOGIE,Gel fluoré dentaire - buccale gel ABC,---,---,Unité,ABC,,False,80
Annexe 2 — Materiel Bio-Medical,Liste Complementaire,07,CONSOMMABLES UTILISES EN ODONTO-STOMATOLOGIE,07.02,CONSOMMABLES EN ODONTOLOGIE,Oxyde de zinc capsule,---,---,Unité,ABC,,False,80
Annexe 2 — Materiel Bio-Medical,Liste Complementaire,07,CONSOMMABLES UTILISES EN ODONTO-STOMATOLOGIE,07.03,AUTRES MATERIELS EN ODONTOLOGIE,Boîte de rangement aluminium 21x15,---,---,Unité,ABC,,False,80
Annexe 2 — Materiel Bio-Medical,Liste Complementaire,07,CONSOMMABLES UTILISES EN ODONTO-STOMATOLOGIE,07.03,AUTRES MATERIELS EN ODONTOLOGIE,Bol à déchets,---,---,Unité,ABC,,False,80
Annexe 2 — Materiel Bio-Medical,Liste Complementaire,07,CONSOMMABLES UTILISES EN ODONTO-STOMATOLOGIE,07.04,CONSOMMABLES UTILISES EN ANESTHESIE / REANIMATION,Drain de Monod,---,---,Unité,AB,,False,80
Annexe 2 — Materiel Bio-Medical,Liste Complementaire,07,CONSOMMABLES UTILISES EN ODONTO-STOMATOLOGIE,07.04,CONSOMMABLES UTILISES EN ANESTHESIE / REANIMATION,Trocard de Monod N°3 à N°9,---,---,Unité,AB,,False,80
Annexe 2 — Materiel Bio-Medical,Liste Complementaire,07,CONSOMMABLES UTILISES EN ODONTO-STOMATOLOGIE,07.05,INSTRUMENTS DE BOITE COURANTE DE CHIRURGIE MAXILLO-FACIALE,Ciseaux beebee,---,---,Unité,AB,,False,80
Annexe 2 — Materiel Bio-Medical,Liste Complementaire,07,CONSOMMABLES UTILISES EN ODONTO-STOMATOLOGIE,07.05,INSTRUMENTS DE BOITE COURANTE DE CHIRURGIE MAXILLO-FACIALE,Ciseaux de Ragnell,---,---,Unité,AB,,False,80
Annexe 2 — Materiel Bio-Medical,Liste Complementaire,07,CONSOMMABLES UTILISES EN ODONTO-STOMATOLOGIE,07.05,INSTRUMENTS DE BOITE COURANTE DE CHIRURGIE MAXILLO-FACIALE,Ciseaux de stevens,---,---,Unité,AB,,False,80
Annexe 2 — Materiel Bio-Medical,Liste Complementaire,07,CONSOMMABLES UTILISES EN ODONTO-STOMATOLOGIE,07.05,INSTRUMENTS DE BOITE COURANTE DE CHIRURGIE MAXILLO-FACIALE,Ciseaux iridectomie courbe,---,---,Unité,AB,,False,80
Annexe 2 — Materiel Bio-Medical,Liste Complementaire,07,CONSOMMABLES UTILISES EN ODONTO-STOMATOLOGIE,07.05,INSTRUMENTS DE BOITE COURANTE DE CHIRURGIE MAXILLO-FACIALE,Ciseaux iridectomie droite,---,---,Unité,AB,,False,81
Annexe 2 — Materiel Bio-Medical,Liste Complementaire,07,CONSOMMABLES UTILISES EN ODONTO-STOMATOLOGIE,07.05,INSTRUMENTS DE BOITE COURANTE DE CHIRURGIE MAXILLO-FACIALE,Ciseaux iridectomie mousse,---,---,Unité,AB,,False,81
Annexe 2 — Materiel Bio-Medical,Liste Complementaire,07,CONSOMMABLES UTILISES EN ODONTO-STOMATOLOGIE,07.05,INSTRUMENTS DE BOITE COURANTE DE CHIRURGIE MAXILLO-FACIALE,Ciseaux iridectomie pointue,---,---,Unité,AB,,False,81
Annexe 2 — Materiel Bio-Medical,Liste Complementaire,07,CONSOMMABLES UTILISES EN ODONTO-STOMATOLOGIE,07.05,INSTRUMENTS DE BOITE COURANTE DE CHIRURGIE MAXILLO-FACIALE,Ciseaux Kilner de 16 cm courbe,---,---,Unité,AB,,False,81
Annexe 2 — Materiel Bio-Medical,Liste Complementaire,07,CONSOMMABLES UTILISES EN ODONTO-STOMATOLOGIE,07.05,INSTRUMENTS DE BOITE COURANTE DE CHIRURGIE MAXILLO-FACIALE,Ciseaux Kilner de16 cm pointu droit,---,---,Unité,AB,,False,81
Annexe 2 — Materiel Bio-Medical,Liste Complementaire,07,CONSOMMABLES UTILISES EN ODONTO-STOMATOLOGIE,07.05,INSTRUMENTS DE BOITE COURANTE DE CHIRURGIE MAXILLO-FACIALE,Ciseaux Mayo de 14 cm droit,---,---,Unité,AB,,False,81
Annexe 2 — Materiel Bio-Medical,Liste Complementaire,07,CONSOMMABLES UTILISES EN ODONTO-STOMATOLOGIE,07.05,INSTRUMENTS DE BOITE COURANTE DE CHIRURGIE MAXILLO-FACIALE,Ciseaux Mayo de 16 cm courbe,---,---,Unité,AB,,False,81
Annexe 2 — Materiel Bio-Medical,Liste Complementaire,07,CONSOMMABLES UTILISES EN ODONTO-STOMATOLOGIE,07.05,INSTRUMENTS DE BOITE COURANTE DE CHIRURGIE MAXILLO-FACIALE,Ciseaux Metzembaum de 17 cm courbe,---,---,Unité,AB,,False,81
Annexe 2 — Materiel Bio-Medical,Liste Complementaire,07,CONSOMMABLES UTILISES EN ODONTO-STOMATOLOGIE,07.05,INSTRUMENTS DE BOITE COURANTE DE CHIRURGIE MAXILLO-FACIALE,Ciseaux Metzembaum de 17 cm droit,---,---,Unité,AB,,False,81
Annexe 2 — Materiel Bio-Medical,Liste Complementaire,07,CONSOMMABLES UTILISES EN ODONTO-STOMATOLOGIE,07.05,INSTRUMENTS DE BOITE COURANTE DE CHIRURGIE MAXILLO-FACIALE,Clamps courbe de Doyen,---,---,Unité,AB,,False,81
Annexe 2 — Materiel Bio-Medical,Liste Complementaire,07,CONSOMMABLES UTILISES EN ODONTO-STOMATOLOGIE,07.05,INSTRUMENTS DE BOITE COURANTE DE CHIRURGIE MAXILLO-FACIALE,Clamps droits de Hartmann,---,---,Unité,AB,,False,81
Annexe 2 — Materiel Bio-Medical,Liste Complementaire,07,CONSOMMABLES UTILISES EN ODONTO-STOMATOLOGIE,07.05,INSTRUMENTS DE BOITE COURANTE DE CHIRURGIE MAXILLO-FACIALE,Deux pinces porte-tampons,---,---,Unité,ABC,,False,81
Annexe 2 — Materiel Bio-Medical,Liste Complementaire,07,CONSOMMABLES UTILISES EN ODONTO-STOMATOLOGIE,07.05,INSTRUMENTS DE BOITE COURANTE DE CHIRURGIE MAXILLO-FACIALE,Dissecteur Grand 17 cm,---,---,Unité,AB,,False,81
Annexe 2 — Materiel Bio-Medical,Liste Complementaire,07,CONSOMMABLES UTILISES EN ODONTO-STOMATOLOGIE,07.05,INSTRUMENTS DE BOITE COURANTE DE CHIRURGIE MAXILLO-FACIALE,Dissecteur Petit 14 cm,---,---,Unité,AB,,False,81
Annexe 2 — Materiel Bio-Medical,Liste Complementaire,07,CONSOMMABLES UTILISES EN ODONTO-STOMATOLOGIE,07.05,INSTRUMENTS DE BOITE COURANTE DE CHIRURGIE MAXILLO-FACIALE,Ecarteur autostatique de Beckmann droit 15cm,---,---,Unité,AB,,False,81
Annexe 2 — Materiel Bio-Medical,Liste Complementaire,07,CONSOMMABLES UTILISES EN ODONTO-STOMATOLOGIE,07.05,INSTRUMENTS DE BOITE COURANTE DE CHIRURGIE MAXILLO-FACIALE,Ecarteur branche montante,---,---,Unité,AB,,False,81
Annexe 2 — Materiel Bio-Medical,Liste Complementaire,07,CONSOMMABLES UTILISES EN ODONTO-STOMATOLOGIE,07.05,INSTRUMENTS DE BOITE COURANTE DE CHIRURGIE MAXILLO-FACIALE,Ecarteur d'Auforicht,---,---,Unité,AB,,False,81
Annexe 2 — Materiel Bio-Medical,Liste Complementaire,07,CONSOMMABLES UTILISES EN ODONTO-STOMATOLOGIE,07.05,INSTRUMENTS DE BOITE COURANTE DE CHIRURGIE MAXILLO-FACIALE,Ecarteur de DOTT,---,---,Unité,AB,,False,81
Annexe 2 — Materiel Bio-Medical,Liste Complementaire,07,CONSOMMABLES UTILISES EN ODONTO-STOMATOLOGIE,07.05,INSTRUMENTS DE BOITE COURANTE DE CHIRURGIE MAXILLO-FACIALE,Ecarteur de FOLK,---,---,Unité,AB,,False,81
Annexe 2 — Materiel Bio-Medical,Liste Complementaire,07,CONSOMMABLES UTILISES EN ODONTO-STOMATOLOGIE,07.05,INSTRUMENTS DE BOITE COURANTE DE CHIRURGIE MAXILLO-FACIALE,Ecarteur de Killner-Senechal,---,---,Unité,AB,,False,81
Annexe 2 — Materiel Bio-Medical,Liste Complementaire,07,CONSOMMABLES UTILISES EN ODONTO-STOMATOLOGIE,07.05,INSTRUMENTS DE BOITE COURANTE DE CHIRURGIE MAXILLO-FACIALE,Ecarteur de Senn Miller,---,---,Unité,AB,,False,81
Annexe 2 — Materiel Bio-Medical,Liste Complementaire,07,CONSOMMABLES UTILISES EN ODONTO-STOMATOLOGIE,07.05,INSTRUMENTS DE BOITE COURANTE DE CHIRURGIE MAXILLO-FACIALE,Ecarteur transjugal,---,---,Unité,AB,,False,81
Annexe 2 — Materiel Bio-Medical,Liste Complementaire,07,CONSOMMABLES UTILISES EN ODONTO-STOMATOLOGIE,07.05,INSTRUMENTS DE BOITE COURANTE DE CHIRURGIE MAXILLO-FACIALE,Ecarteurs à griffes mousse de Wolkmann 15 cm,---,---,Unité,AB,,False,81
Annexe 2 — Materiel Bio-Medical,Liste Complementaire,07,CONSOMMABLES UTILISES EN ODONTO-STOMATOLOGIE,07.05,INSTRUMENTS DE BOITE COURANTE DE CHIRURGIE MAXILLO-FACIALE,"Ecarteurs, paire d’écarteurs de Dautrey 15cm",---,---,Unité,AB,,False,81
Annexe 2 — Materiel Bio-Medical,Liste Complementaire,07,CONSOMMABLES UTILISES EN ODONTO-STOMATOLOGIE,07.05,INSTRUMENTS DE BOITE COURANTE DE CHIRURGIE MAXILLO-FACIALE,"Ecarteurs, paire d’écarteurs de Langenbeck 22 cm",---,---,Unité,AB,,False,81
Annexe 2 — Materiel Bio-Medical,Liste Complementaire,07,CONSOMMABLES UTILISES EN ODONTO-STOMATOLOGIE,07.05,INSTRUMENTS DE BOITE COURANTE DE CHIRURGIE MAXILLO-FACIALE,"Ecarteurs, paire de grands écarteurs de Farabeuf 15cm",---,---,Unité,ABC,,False,81
Annexe 2 — Materiel Bio-Medical,Liste Complementaire,07,CONSOMMABLES UTILISES EN ODONTO-STOMATOLOGIE,07.05,INSTRUMENTS DE BOITE COURANTE DE CHIRURGIE MAXILLO-FACIALE,"Ecarteurs, paire de petits écarteurs de Farabeuf 12 cm",---,---,Unité,AB,,False,81
Annexe 2 — Materiel Bio-Medical,Liste Complementaire,07,CONSOMMABLES UTILISES EN ODONTO-STOMATOLOGIE,07.05,INSTRUMENTS DE BOITE COURANTE DE CHIRURGIE MAXILLO-FACIALE,Ouvre bouche de Molt avec crémaillère,---,---,Unité,AB,,False,81
Annexe 2 — Materiel Bio-Medical,Liste Complementaire,07,CONSOMMABLES UTILISES EN ODONTO-STOMATOLOGIE,07.05,INSTRUMENTS DE BOITE COURANTE DE CHIRURGIE MAXILLO-FACIALE,Paire de crochets de Gillies,---,---,Unité,AB,,False,81
Annexe 2 — Materiel Bio-Medical,Liste Complementaire,07,CONSOMMABLES UTILISES EN ODONTO-STOMATOLOGIE,07.05,INSTRUMENTS DE BOITE COURANTE DE CHIRURGIE MAXILLO-FACIALE,Passe-fils de Deschamps droit 23 cm,---,---,Unité,AB,,False,81
Annexe 2 — Materiel Bio-Medical,Liste Complementaire,07,CONSOMMABLES UTILISES EN ODONTO-STOMATOLOGIE,07.05,INSTRUMENTS DE BOITE COURANTE DE CHIRURGIE MAXILLO-FACIALE,Passe-fils de Deschamps gauche 15 cm,---,---,Unité,AB,,False,81
Annexe 2 — Materiel Bio-Medical,Liste Complementaire,07,CONSOMMABLES UTILISES EN ODONTO-STOMATOLOGIE,07.05,INSTRUMENTS DE BOITE COURANTE DE CHIRURGIE MAXILLO-FACIALE,"Pince à disséquer Adson à griffe (une fine, une grosse) 14 cm",---,---,Unité,AB,,False,81
Annexe 2 — Materiel Bio-Medical,Liste Complementaire,07,CONSOMMABLES UTILISES EN ODONTO-STOMATOLOGIE,07.05,INSTRUMENTS DE BOITE COURANTE DE CHIRURGIE MAXILLO-FACIALE,"Pince à disséquer Adson sans griffe (une fine, une grosse) 14 cm",---,---,Unité,AB,,False,81
Annexe 2 — Materiel Bio-Medical,Liste Complementaire,07,CONSOMMABLES UTILISES EN ODONTO-STOMATOLOGIE,07.05,INSTRUMENTS DE BOITE COURANTE DE CHIRURGIE MAXILLO-FACIALE,Pince à disséquer standard à griffe 16 cm,---,---,Unité,AB,,False,81
Annexe 2 — Materiel Bio-Medical,Liste Complementaire,07,CONSOMMABLES UTILISES EN ODONTO-STOMATOLOGIE,07.05,INSTRUMENTS DE BOITE COURANTE DE CHIRURGIE MAXILLO-FACIALE,Pince à disséquer standard sans griffe 16 cm,---,---,Unité,AB,,False,81
Annexe 2 — Materiel Bio-Medical,Liste Complementaire,07,CONSOMMABLES UTILISES EN ODONTO-STOMATOLOGIE,07.05,INSTRUMENTS DE BOITE COURANTE DE CHIRURGIE MAXILLO-FACIALE,Pince de Bengoléa courbe 16 cm,---,---,Unité,AB,,False,81
Annexe 2 — Materiel Bio-Medical,Liste Complementaire,07,CONSOMMABLES UTILISES EN ODONTO-STOMATOLOGIE,07.05,INSTRUMENTS DE BOITE COURANTE DE CHIRURGIE MAXILLO-FACIALE,Pince de Doyen,---,---,Unité,AB,,False,81
Annexe 2 — Materiel Bio-Medical,Liste Complementaire,07,CONSOMMABLES UTILISES EN ODONTO-STOMATOLOGIE,07.05,INSTRUMENTS DE BOITE COURANTE DE CHIRURGIE MAXILLO-FACIALE,Pince de Péan 16 cm,---,---,Unité,AB,,False,81
Annexe 2 — Materiel Bio-Medical,Liste Complementaire,07,CONSOMMABLES UTILISES EN ODONTO-STOMATOLOGIE,07.05,INSTRUMENTS DE BOITE COURANTE DE CHIRURGIE MAXILLO-FACIALE,Pince en cœur 16 cm,---,---,Unité,AB,,False,81
Annexe 2 — Materiel Bio-Medical,Liste Complementaire,07,CONSOMMABLES UTILISES EN ODONTO-STOMATOLOGIE,07.05,INSTRUMENTS DE BOITE COURANTE DE CHIRURGIE MAXILLO-FACIALE,pince en T,---,---,Unité,AB,,False,81
Annexe 2 — Materiel Bio-Medical,Liste Complementaire,07,CONSOMMABLES UTILISES EN ODONTO-STOMATOLOGIE,07.05,INSTRUMENTS DE BOITE COURANTE DE CHIRURGIE MAXILLO-FACIALE,Pinces à champs de Bernhard 14 cm,---,---,Unité,AB,,False,81
Annexe 2 — Materiel Bio-Medical,Liste Complementaire,07,CONSOMMABLES UTILISES EN ODONTO-STOMATOLOGIE,07.05,INSTRUMENTS DE BOITE COURANTE DE CHIRURGIE MAXILLO-FACIALE,Pinces de Bengoléa droite 16 cm,---,---,Unité,AB,,False,81
Annexe 2 — Materiel Bio-Medical,Liste Complementaire,07,CONSOMMABLES UTILISES EN ODONTO-STOMATOLOGIE,07.05,INSTRUMENTS DE BOITE COURANTE DE CHIRURGIE MAXILLO-FACIALE,Pinces de Chaput 14 cm,---,---,Unité,AB,,False,81
Annexe 2 — Materiel Bio-Medical,Liste Complementaire,07,CONSOMMABLES UTILISES EN ODONTO-STOMATOLOGIE,07.05,INSTRUMENTS DE BOITE COURANTE DE CHIRURGIE MAXILLO-FACIALE,Pinces de Kocher courbe 16 cm,---,---,Unité,AB,,False,81
Annexe 2 — Materiel Bio-Medical,Liste Complementaire,07,CONSOMMABLES UTILISES EN ODONTO-STOMATOLOGIE,07.05,INSTRUMENTS DE BOITE COURANTE DE CHIRURGIE MAXILLO-FACIALE,Pinces de Leriche courbes avec griffes 14 cm,---,---,Unité,AB,,False,81
Annexe 2 — Materiel Bio-Medical,Liste Complementaire,07,CONSOMMABLES UTILISES EN ODONTO-STOMATOLOGIE,07.05,INSTRUMENTS DE BOITE COURANTE DE CHIRURGIE MAXILLO-FACIALE,Pinces de Leriche courbes sans griffes 14 cm,---,---,Unité,AB,,False,81
Annexe 2 — Materiel Bio-Medical,Liste Complementaire,07,CONSOMMABLES UTILISES EN ODONTO-STOMATOLOGIE,07.05,INSTRUMENTS DE BOITE COURANTE DE CHIRURGIE MAXILLO-FACIALE,Pinces de Leriche droites avec griffes14 cm,---,---,Unité,AB,,False,81
Annexe 2 — Materiel Bio-Medical,Liste Complementaire,07,CONSOMMABLES UTILISES EN ODONTO-STOMATOLOGIE,07.05,INSTRUMENTS DE BOITE COURANTE DE CHIRURGIE MAXILLO-FACIALE,Pinces de Leriche droites sans griffes 14 cm,---,---,Unité,AB,,False,81
Annexe 2 — Materiel Bio-Medical,Liste Complementaire,07,CONSOMMABLES UTILISES EN ODONTO-STOMATOLOGIE,07.05,INSTRUMENTS DE BOITE COURANTE DE CHIRURGIE MAXILLO-FACIALE,Porte aiguille de Mathieu 14 cm,---,---,Unité,AB,,False,81
Annexe 2 — Materiel Bio-Medical,Liste Complementaire,07,CONSOMMABLES UTILISES EN ODONTO-STOMATOLOGIE,07.05,INSTRUMENTS DE BOITE COURANTE DE CHIRURGIE MAXILLO-FACIALE,Porte aiguille de Mathieu 16 cm,---,---,Unité,AB,,False,81
Annexe 2 — Materiel Bio-Medical,Liste Complementaire,07,CONSOMMABLES UTILISES EN ODONTO-STOMATOLOGIE,07.05,INSTRUMENTS DE BOITE COURANTE DE CHIRURGIE MAXILLO-FACIALE,Porte aiguille Mayo Hegar 16 cm,---,---,Unité,AB,,False,81
Annexe 2 — Materiel Bio-Medical,Liste Complementaire,07,CONSOMMABLES UTILISES EN ODONTO-STOMATOLOGIE,07.05,INSTRUMENTS DE BOITE COURANTE DE CHIRURGIE MAXILLO-FACIALE,Porte aiguille Mayo Hegar 18 cm,---,---,Unité,AB,,False,81
Annexe 2 — Materiel Bio-Medical,Liste Complementaire,07,CONSOMMABLES UTILISES EN ODONTO-STOMATOLOGIE,07.06,MATERIEL DE PROTHESE,Bol à alginate,---,---,Unité,ABC,,False,82
Annexe 2 — Materiel Bio-Medical,Liste Complementaire,07,CONSOMMABLES UTILISES EN ODONTO-STOMATOLOGIE,07.06,MATERIEL DE PROTHESE,Couteau à cire,---,---,Unité,ABC,,False,82
Annexe 2 — Materiel Bio-Medical,Liste Complementaire,07,CONSOMMABLES UTILISES EN ODONTO-STOMATOLOGIE,07.06,MATERIEL DE PROTHESE,Couteau à platre,---,---,Unité,ABC,,False,82
Annexe 2 — Materiel Bio-Medical,Liste Complementaire,07,CONSOMMABLES UTILISES EN ODONTO-STOMATOLOGIE,07.06,MATERIEL DE PROTHESE,Lampe à alcool,---,---,Unité,ABC,,False,82
Annexe 2 — Materiel Bio-Medical,Liste Complementaire,07,CONSOMMABLES UTILISES EN ODONTO-STOMATOLOGIE,07.06,MATERIEL DE PROTHESE,Porte-empreinte inox haut et bas (assortiment/10),---,---,Unité,ABC,,False,82
Annexe 2 — Materiel Bio-Medical,Liste Complementaire,07,CONSOMMABLES UTILISES EN ODONTO-STOMATOLOGIE,07.06,MATERIEL DE PROTHESE,Spatule à plâtre,---,---,Unité,ABC,,False,82
Annexe 2 — Materiel Bio-Medical,Liste Complementaire,07,CONSOMMABLES UTILISES EN ODONTO-STOMATOLOGIE,07.06,MATERIEL DE PROTHESE MATERIELS ROTATIFS ET ACCESSOIRES POUR ODONTOSTOMATOLOGIE ET CHIRURGIE MAXILLO-FACIALE,Adaptateur de turbine,---,---,Unité,ABC,,False,82
Annexe 2 — Materiel Bio-Medical,Liste Complementaire,07,CONSOMMABLES UTILISES EN ODONTO-STOMATOLOGIE,07.06,MATERIEL DE PROTHESE MATERIELS ROTATIFS ET ACCESSOIRES POUR ODONTOSTOMATOLOGIE ET CHIRURGIE MAXILLO-FACIALE,Arc vestibulaire,---,---,Unité,ABC,,False,82
Annexe 2 — Materiel Bio-Medical,Liste Complementaire,07,CONSOMMABLES UTILISES EN ODONTO-STOMATOLOGIE,07.06,MATERIEL DE PROTHESE MATERIELS ROTATIFS ET ACCESSOIRES POUR ODONTOSTOMATOLOGIE ET CHIRURGIE MAXILLO-FACIALE,Contre angles,---,---,Unité,ABC,,False,82
Annexe 2 — Materiel Bio-Medical,Liste Complementaire,07,CONSOMMABLES UTILISES EN ODONTO-STOMATOLOGIE,07.06,MATERIEL DE PROTHESE MATERIELS ROTATIFS ET ACCESSOIRES POUR ODONTOSTOMATOLOGIE ET CHIRURGIE MAXILLO-FACIALE,Fil d'acier 3/10,---,---,Unité,ABC,,False,82
Annexe 2 — Materiel Bio-Medical,Liste Complementaire,07,CONSOMMABLES UTILISES EN ODONTO-STOMATOLOGIE,07.06,MATERIEL DE PROTHESE MATERIELS ROTATIFS ET ACCESSOIRES POUR ODONTOSTOMATOLOGIE ET CHIRURGIE MAXILLO-FACIALE,Fil d'acier 4/10,---,---,Unité,ABC,,False,82
Annexe 2 — Materiel Bio-Medical,Liste Complementaire,07,CONSOMMABLES UTILISES EN ODONTO-STOMATOLOGIE,07.06,MATERIEL DE PROTHESE MATERIELS ROTATIFS ET ACCESSOIRES POUR ODONTOSTOMATOLOGIE ET CHIRURGIE MAXILLO-FACIALE,Fil d'acier 5/10,---,---,Unité,ABC,,False,82
Annexe 2 — Materiel Bio-Medical,Liste Complementaire,07,CONSOMMABLES UTILISES EN ODONTO-STOMATOLOGIE,07.06,MATERIEL DE PROTHESE MATERIELS ROTATIFS ET ACCESSOIRES POUR ODONTOSTOMATOLOGIE ET CHIRURGIE MAXILLO-FACIALE,Fil d'acier 7/10,---,---,Unité,ABC,,False,82
Annexe 2 — Materiel Bio-Medical,Liste Complementaire,07,CONSOMMABLES UTILISES EN ODONTO-STOMATOLOGIE,07.06,MATERIEL DE PROTHESE MATERIELS ROTATIFS ET ACCESSOIRES POUR ODONTOSTOMATOLOGIE ET CHIRURGIE MAXILLO-FACIALE,Forêt pour contre-angle diamètre 1.2 (par lots de 4),---,---,Unité,AB,,False,82
Annexe 2 — Materiel Bio-Medical,Liste Complementaire,07,CONSOMMABLES UTILISES EN ODONTO-STOMATOLOGIE,07.06,MATERIEL DE PROTHESE MATERIELS ROTATIFS ET ACCESSOIRES POUR ODONTOSTOMATOLOGIE ET CHIRURGIE MAXILLO-FACIALE,Forêt pour contre-angle diamètre 1.4 (par lots de 4),---,---,Unité,AB,,False,82
Annexe 2 — Materiel Bio-Medical,Liste Complementaire,07,CONSOMMABLES UTILISES EN ODONTO-STOMATOLOGIE,07.06,MATERIEL DE PROTHESE MATERIELS ROTATIFS ET ACCESSOIRES POUR ODONTOSTOMATOLOGIE ET CHIRURGIE MAXILLO-FACIALE,Forêt pour contre-angle diamètre 1.8 (par lots de 4),---,---,Unité,AB,,False,82
Annexe 2 — Materiel Bio-Medical,Liste Complementaire,07,CONSOMMABLES UTILISES EN ODONTO-STOMATOLOGIE,07.06,MATERIEL DE PROTHESE MATERIELS ROTATIFS ET ACCESSOIRES POUR ODONTOSTOMATOLOGIE ET CHIRURGIE MAXILLO-FACIALE,Forêt pour contre-angle diamètre 8 / 10(par lots de 4),---,---,Unité,AB,,False,82
Annexe 2 — Materiel Bio-Medical,Liste Complementaire,07,CONSOMMABLES UTILISES EN ODONTO-STOMATOLOGIE,07.06,MATERIEL DE PROTHESE MATERIELS ROTATIFS ET ACCESSOIRES POUR ODONTOSTOMATOLOGIE ET CHIRURGIE MAXILLO-FACIALE,Forêt spiral en inox diamètre 1.00 (par lots de 4),---,---,Unité,AB,,False,82
Annexe 2 — Materiel Bio-Medical,Liste Complementaire,07,CONSOMMABLES UTILISES EN ODONTO-STOMATOLOGIE,07.06,MATERIEL DE PROTHESE MATERIELS ROTATIFS ET ACCESSOIRES POUR ODONTOSTOMATOLOGIE ET CHIRURGIE MAXILLO-FACIALE,Forêt spiral en inox diamètre 1.2 (par lots de 4),---,---,Unité,AB,,False,82
Annexe 2 — Materiel Bio-Medical,Liste Complementaire,07,CONSOMMABLES UTILISES EN ODONTO-STOMATOLOGIE,07.06,MATERIEL DE PROTHESE MATERIELS ROTATIFS ET ACCESSOIRES POUR ODONTOSTOMATOLOGIE ET CHIRURGIE MAXILLO-FACIALE,Forêt spiral en inox diamètre 1.4 (par lots de 4),---,---,Unité,AB,,False,82
Annexe 2 — Materiel Bio-Medical,Liste Complementaire,07,CONSOMMABLES UTILISES EN ODONTO-STOMATOLOGIE,07.06,MATERIEL DE PROTHESE MATERIELS ROTATIFS ET ACCESSOIRES POUR ODONTOSTOMATOLOGIE ET CHIRURGIE MAXILLO-FACIALE,Forêt spiral en inox diamètre 1.6 (par lots de 4),---,---,Unité,AB,,False,82
Annexe 2 — Materiel Bio-Medical,Liste Complementaire,07,CONSOMMABLES UTILISES EN ODONTO-STOMATOLOGIE,07.06,MATERIEL DE PROTHESE MATERIELS ROTATIFS ET ACCESSOIRES POUR ODONTOSTOMATOLOGIE ET CHIRURGIE MAXILLO-FACIALE,Forêt spiral en inox diamètre 1.8 (par lots de 4),---,---,Unité,AB,,False,82
Annexe 2 — Materiel Bio-Medical,Liste Complementaire,07,CONSOMMABLES UTILISES EN ODONTO-STOMATOLOGIE,07.06,MATERIEL DE PROTHESE MATERIELS ROTATIFS ET ACCESSOIRES POUR ODONTOSTOMATOLOGIE ET CHIRURGIE MAXILLO-FACIALE,Forêt spiral en inox diamètre 2 (par lots de 4),---,---,Unité,AB,,False,82
Annexe 2 — Materiel Bio-Medical,Liste Complementaire,07,CONSOMMABLES UTILISES EN ODONTO-STOMATOLOGIE,07.06,MATERIEL DE PROTHESE MATERIELS ROTATIFS ET ACCESSOIRES POUR ODONTOSTOMATOLOGIE ET CHIRURGIE MAXILLO-FACIALE,Forêt spiral en inox diamètre 8 / 10(par lots de 4),---,---,Unité,AB,,False,82
Annexe 2 — Materiel Bio-Medical,Liste Complementaire,07,CONSOMMABLES UTILISES EN ODONTO-STOMATOLOGIE,07.06,MATERIEL DE PROTHESE MATERIELS ROTATIFS ET ACCESSOIRES POUR ODONTOSTOMATOLOGIE ET CHIRURGIE MAXILLO-FACIALE,"Fraise acier 16 pans queue lisse diamètre 2,7mm longueur 65mm",---,---,Unité,AB,,False,82
Annexe 2 — Materiel Bio-Medical,Liste Complementaire,07,CONSOMMABLES UTILISES EN ODONTO-STOMATOLOGIE,07.06,MATERIEL DE PROTHESE MATERIELS ROTATIFS ET ACCESSOIRES POUR ODONTOSTOMATOLOGIE ET CHIRURGIE MAXILLO-FACIALE,"fraise acier 16 pans queue lisse diamètre 3,1mm longueur 65mm",---,---,Unité,AB,,False,82
Annexe 2 — Materiel Bio-Medical,Liste Complementaire,07,CONSOMMABLES UTILISES EN ODONTO-STOMATOLOGIE,07.06,MATERIEL DE PROTHESE MATERIELS ROTATIFS ET ACCESSOIRES POUR ODONTOSTOMATOLOGIE ET CHIRURGIE MAXILLO-FACIALE,"Fraise acier 16 pans queue lisse diamètre 3,5mm longueur 65mm",---,---,Unité,AB,,False,82
Annexe 2 — Materiel Bio-Medical,Liste Complementaire,07,CONSOMMABLES UTILISES EN ODONTO-STOMATOLOGIE,07.06,MATERIEL DE PROTHESE MATERIELS ROTATIFS ET ACCESSOIRES POUR ODONTOSTOMATOLOGIE ET CHIRURGIE MAXILLO-FACIALE,"Fraise acier 16 pans queue lisse diamètre 4,5mm longueur 65mm",---,---,Unité,AB,,False,82
Annexe 2 — Materiel Bio-Medical,Liste Complementaire,07,CONSOMMABLES UTILISES EN ODONTO-STOMATOLOGIE,07.06,MATERIEL DE PROTHESE MATERIELS ROTATIFS ET ACCESSOIRES POUR ODONTOSTOMATOLOGIE ET CHIRURGIE MAXILLO-FACIALE,Fraise acier 16 pans queue lisse diamètre 4mm longueur 65mm,---,---,Unité,AB,,False,82
Annexe 2 — Materiel Bio-Medical,Liste Complementaire,07,CONSOMMABLES UTILISES EN ODONTO-STOMATOLOGIE,07.06,MATERIEL DE PROTHESE MATERIELS ROTATIFS ET ACCESSOIRES POUR ODONTOSTOMATOLOGIE ET CHIRURGIE MAXILLO-FACIALE,Fraise acier 16 pans queue lisse diamètre 5mm longueur 65mm,---,---,Unité,AB,,False,82
Annexe 2 — Materiel Bio-Medical,Liste Complementaire,07,CONSOMMABLES UTILISES EN ODONTO-STOMATOLOGIE,07.06,MATERIEL DE PROTHESE MATERIELS ROTATIFS ET ACCESSOIRES POUR ODONTOSTOMATOLOGIE ET CHIRURGIE MAXILLO-FACIALE,Fraise acier 16 pans queue lisse diamètre 6mm longueur 65mm,---,---,Unité,AB,,False,82
Annexe 2 — Materiel Bio-Medical,Liste Complementaire,07,CONSOMMABLES UTILISES EN ODONTO-STOMATOLOGIE,07.06,MATERIEL DE PROTHESE MATERIELS ROTATIFS ET ACCESSOIRES POUR ODONTOSTOMATOLOGIE ET CHIRURGIE MAXILLO-FACIALE,Fraise acier 16 pans queue lisse diamètre 7mm longueur 65mm,---,---,Unité,AB,,False,82
Annexe 2 — Materiel Bio-Medical,Liste Complementaire,07,CONSOMMABLES UTILISES EN ODONTO-STOMATOLOGIE,07.06,MATERIEL DE PROTHESE MATERIELS ROTATIFS ET ACCESSOIRES POUR ODONTOSTOMATOLOGIE ET CHIRURGIE MAXILLO-FACIALE,"Fraises chirurgicales boules acier pour pièce à main diamètre 2,7mm longueur 65mm",---,---,Unité,AB,,False,82
Annexe 2 — Materiel Bio-Medical,Liste Complementaire,07,CONSOMMABLES UTILISES EN ODONTO-STOMATOLOGIE,07.06,MATERIEL DE PROTHESE MATERIELS ROTATIFS ET ACCESSOIRES POUR ODONTOSTOMATOLOGIE ET CHIRURGIE MAXILLO-FACIALE,Fraises chirurgicales boules acier pour pièce à main diamètre 4mm longueur 65mm,---,---,Unité,AB,,False,82
Annexe 2 — Materiel Bio-Medical,Liste Complementaire,07,CONSOMMABLES UTILISES EN ODONTO-STOMATOLOGIE,07.06,MATERIEL DE PROTHESE MATERIELS ROTATIFS ET ACCESSOIRES POUR ODONTOSTOMATOLOGIE ET CHIRURGIE MAXILLO-FACIALE,Fraises chirurgicales boules acier pour pièce à main diamètre 5mm longueur 65mm,---,---,Unité,AB,,False,82
Annexe 2 — Materiel Bio-Medical,Liste Complementaire,07,CONSOMMABLES UTILISES EN ODONTO-STOMATOLOGIE,07.06,MATERIEL DE PROTHESE MATERIELS ROTATIFS ET ACCESSOIRES POUR ODONTOSTOMATOLOGIE ET CHIRURGIE MAXILLO-FACIALE,Lame de scie à guichet air avec tige courte 14.0 / 10.0/0.4 mm,---,---,Unité,AB,,False,82
Annexe 2 — Materiel Bio-Medical,Liste Complementaire,07,CONSOMMABLES UTILISES EN ODONTO-STOMATOLOGIE,07.06,MATERIEL DE PROTHESE MATERIELS ROTATIFS ET ACCESSOIRES POUR ODONTOSTOMATOLOGIE ET CHIRURGIE MAXILLO-FACIALE,Lame de scie à guichet avec tige courte14.0 / 60.0/0.4 mm,---,---,Unité,AB,,False,82
Annexe 2 — Materiel Bio-Medical,Liste Complementaire,07,CONSOMMABLES UTILISES EN ODONTO-STOMATOLOGIE,07.06,MATERIEL DE PROTHESE MATERIELS ROTATIFS ET ACCESSOIRES POUR ODONTOSTOMATOLOGIE ET CHIRURGIE MAXILLO-FACIALE,Lame de scie à guichet avec tige longue14.0 / 10.0/0.4 mm,---,---,Unité,AB,,False,82
Annexe 2 — Materiel Bio-Medical,Liste Complementaire,07,CONSOMMABLES UTILISES EN ODONTO-STOMATOLOGIE,07.06,MATERIEL DE PROTHESE MATERIELS ROTATIFS ET ACCESSOIRES POUR ODONTOSTOMATOLOGIE ET CHIRURGIE MAXILLO-FACIALE,Lame de scie à guichet bien avec tige longue14.0 / 15.0/0.4 mm,---,---,Unité,AB,,False,82
Annexe 2 — Materiel Bio-Medical,Liste Complementaire,07,CONSOMMABLES UTILISES EN ODONTO-STOMATOLOGIE,07.06,MATERIEL DE PROTHESE MATERIELS ROTATIFS ET ACCESSOIRES POUR ODONTOSTOMATOLOGIE ET CHIRURGIE MAXILLO-FACIALE,Micro moteur,---,---,Unité,ABC,,False,82
Annexe 2 — Materiel Bio-Medical,Liste Complementaire,07,CONSOMMABLES UTILISES EN ODONTO-STOMATOLOGIE,07.06,MATERIEL DE PROTHESE MATERIELS ROTATIFS ET ACCESSOIRES POUR ODONTOSTOMATOLOGIE ET CHIRURGIE MAXILLO-FACIALE,Microscie oscillante Avec clé et 12 lames,---,---,Unité,AB,,False,82
Annexe 2 — Materiel Bio-Medical,Liste Complementaire,07,CONSOMMABLES UTILISES EN ODONTO-STOMATOLOGIE,07.06,MATERIEL DE PROTHESE MATERIELS ROTATIFS ET ACCESSOIRES POUR ODONTOSTOMATOLOGIE ET CHIRURGIE MAXILLO-FACIALE,Microscie sagittale Avec clé et 12 lames,---,---,Unité,AB,,False,82
Annexe 2 — Materiel Bio-Medical,Liste Complementaire,07,CONSOMMABLES UTILISES EN ODONTO-STOMATOLOGIE,07.06,MATERIEL DE PROTHESE MATERIELS ROTATIFS ET ACCESSOIRES POUR ODONTOSTOMATOLOGIE ET CHIRURGIE MAXILLO-FACIALE,Mini standard Trauma Module (Martin Level Fixation) 2.0 mm,---,---,Unité,AB,,False,82
Annexe 2 — Materiel Bio-Medical,Liste Complementaire,07,CONSOMMABLES UTILISES EN ODONTO-STOMATOLOGIE,07.06,MATERIEL DE PROTHESE MATERIELS ROTATIFS ET ACCESSOIRES POUR ODONTOSTOMATOLOGIE ET CHIRURGIE MAXILLO-FACIALE,Pièce à main coudé,---,---,Unité,ABC,,False,82
Annexe 2 — Materiel Bio-Medical,Liste Complementaire,07,CONSOMMABLES UTILISES EN ODONTO-STOMATOLOGIE,07.06,MATERIEL DE PROTHESE MATERIELS ROTATIFS ET ACCESSOIRES POUR ODONTOSTOMATOLOGIE ET CHIRURGIE MAXILLO-FACIALE,Pièces à mains,---,---,Unité,ABC,,False,82
Annexe 2 — Materiel Bio-Medical,Liste Complementaire,07,CONSOMMABLES UTILISES EN ODONTO-STOMATOLOGIE,07.06,MATERIEL DE PROTHESE MATERIELS ROTATIFS ET ACCESSOIRES POUR ODONTOSTOMATOLOGIE ET CHIRURGIE MAXILLO-FACIALE,Standard Mandibular Trauma module (Martin Level Fixation) 2. 3 mm,---,---,Unité,AB,,False,82
Annexe 2 — Materiel Bio-Medical,Liste Complementaire,07,CONSOMMABLES UTILISES EN ODONTO-STOMATOLOGIE,07.06,MATERIEL DE PROTHESE MATERIELS ROTATIFS ET ACCESSOIRES POUR ODONTOSTOMATOLOGIE ET CHIRURGIE MAXILLO-FACIALE,Turbine,---,---,Unité,ABC,,False,82
Annexe 2 — Materiel Bio-Medical,Liste Complementaire,07,CONSOMMABLES UTILISES EN ODONTO-STOMATOLOGIE,07.08,MEULETTE POUR PIECE A MAIN,Fraises à résine cylindrique pour pièce à main,---,---,Unité,ABC,,False,82
Annexe 2 — Materiel Bio-Medical,Liste Complementaire,07,CONSOMMABLES UTILISES EN ODONTO-STOMATOLOGIE,07.08,MEULETTE POUR PIECE A MAIN,Fraises poire pour pièce à main,---,---,Unité,ABC,,False,82
Annexe 2 — Materiel Bio-Medical,Liste Complementaire,07,CONSOMMABLES UTILISES EN ODONTO-STOMATOLOGIE,07.08,MEULETTE POUR PIECE A MAIN,Fraisier,---,---,Unité,ABC,,False,83
Annexe 2 — Materiel Bio-Medical,Liste Complementaire,07,CONSOMMABLES UTILISES EN ODONTO-STOMATOLOGIE,07.08,MEULETTE POUR PIECE A MAIN,Gobelets plastiques jetables,---,---,Unité,ABC,,False,83
Annexe 2 — Materiel Bio-Medical,Liste Complementaire,07,CONSOMMABLES UTILISES EN ODONTO-STOMATOLOGIE,07.08,MEULETTE POUR PIECE A MAIN,Kit de chirurgie parodontale,---,---,Unité,ABC,,False,83
Annexe 2 — Materiel Bio-Medical,Liste Complementaire,07,CONSOMMABLES UTILISES EN ODONTO-STOMATOLOGIE,07.08,MEULETTE POUR PIECE A MAIN,Kit de polissage pour amalgame,---,---,Unité,ABC,,False,83
Annexe 2 — Materiel Bio-Medical,Liste Complementaire,07,CONSOMMABLES UTILISES EN ODONTO-STOMATOLOGIE,07.08,MEULETTE POUR PIECE A MAIN,Kit de polissage pour composite,---,---,Unité,ABC,,False,83
Annexe 2 — Materiel Bio-Medical,Liste Complementaire,07,CONSOMMABLES UTILISES EN ODONTO-STOMATOLOGIE,07.08,MEULETTE POUR PIECE A MAIN,Lampe à UV (à photopolymériser),---,---,Unité,ABC,,False,83
Annexe 2 — Materiel Bio-Medical,Liste Complementaire,07,CONSOMMABLES UTILISES EN ODONTO-STOMATOLOGIE,07.08,MEULETTE POUR PIECE A MAIN,Manches Miroir inox - - boîte ABC,---,---,Unité,ABC,,False,83
Annexe 2 — Materiel Bio-Medical,Liste Complementaire,07,CONSOMMABLES UTILISES EN ODONTO-STOMATOLOGIE,07.08,MEULETTE POUR PIECE A MAIN,Meulettes à résine assorties pour pièce à main,---,---,Unité,ABC,,False,83
Annexe 2 — Materiel Bio-Medical,Liste Complementaire,07,CONSOMMABLES UTILISES EN ODONTO-STOMATOLOGIE,07.08,MEULETTE POUR PIECE A MAIN,Miroirs n°4,---,---,Boîte,ABC,,False,83
Annexe 2 — Materiel Bio-Medical,Liste Complementaire,07,CONSOMMABLES UTILISES EN ODONTO-STOMATOLOGIE,07.08,MEULETTE POUR PIECE A MAIN,Pinces gouge PM/GM,---,---,Unité,ABC,,False,83
Annexe 2 — Materiel Bio-Medical,Liste Complementaire,07,CONSOMMABLES UTILISES EN ODONTO-STOMATOLOGIE,07.08,MEULETTE POUR PIECE A MAIN,Plaque de verre (épaisseur 10 cm),---,---,Unité,ABC,,False,83
Annexe 2 — Materiel Bio-Medical,Liste Complementaire,07,CONSOMMABLES UTILISES EN ODONTO-STOMATOLOGIE,07.08,MEULETTE POUR PIECE A MAIN,Plateaux d’examen 20x15 cm inox,---,---,Unité,ABC,,False,83
Annexe 2 — Materiel Bio-Medical,Liste Complementaire,07,CONSOMMABLES UTILISES EN ODONTO-STOMATOLOGIE,07.08,MEULETTE POUR PIECE A MAIN,Porte-amalgame,---,---,Unité,ABC,,False,83
Annexe 2 — Materiel Bio-Medical,Liste Complementaire,07,CONSOMMABLES UTILISES EN ODONTO-STOMATOLOGIE,07.08,MEULETTE POUR PIECE A MAIN,Porte-matrice,---,---,Unité,ABC,,False,83
Annexe 2 — Materiel Bio-Medical,Liste Complementaire,07,CONSOMMABLES UTILISES EN ODONTO-STOMATOLOGIE,07.08,MEULETTE POUR PIECE A MAIN,Précelle d’examen,---,---,Unité,ABC,,False,83
Annexe 2 — Materiel Bio-Medical,Liste Complementaire,07,CONSOMMABLES UTILISES EN ODONTO-STOMATOLOGIE,07.08,MEULETTE POUR PIECE A MAIN,Racleurs 25 mm (assortiment 15-40),---,---,Unité,ABC,,False,83
Annexe 2 — Materiel Bio-Medical,Liste Complementaire,07,CONSOMMABLES UTILISES EN ODONTO-STOMATOLOGIE,07.08,MEULETTE POUR PIECE A MAIN,Sonde parodontale,---,---,Unité,ABC,,False,83
Annexe 2 — Materiel Bio-Medical,Liste Complementaire,07,CONSOMMABLES UTILISES EN ODONTO-STOMATOLOGIE,07.08,MEULETTE POUR PIECE A MAIN,Sondes n° 17,---,---,Unité,ABC,,False,83
Annexe 2 — Materiel Bio-Medical,Liste Complementaire,07,CONSOMMABLES UTILISES EN ODONTO-STOMATOLOGIE,07.08,MEULETTE POUR PIECE A MAIN,Sondes n° 23,---,---,Unité,ABC,,False,83
Annexe 2 — Materiel Bio-Medical,Liste Complementaire,07,CONSOMMABLES UTILISES EN ODONTO-STOMATOLOGIE,07.08,MEULETTE POUR PIECE A MAIN,Sondes n° 6,---,---,Unité,ABC,,False,83
Annexe 2 — Materiel Bio-Medical,Liste Complementaire,07,CONSOMMABLES UTILISES EN ODONTO-STOMATOLOGIE,07.08,MEULETTE POUR PIECE A MAIN,Spatule à bouche double,---,---,Unité,ABC,,False,83
Annexe 2 — Materiel Bio-Medical,Liste Complementaire,07,CONSOMMABLES UTILISES EN ODONTO-STOMATOLOGIE,07.08,MEULETTE POUR PIECE A MAIN,Spatule de Ward,---,---,Unité,ABC,,False,83
Annexe 2 — Materiel Bio-Medical,Liste Complementaire,07,CONSOMMABLES UTILISES EN ODONTO-STOMATOLOGIE,07.08,MEULETTE POUR PIECE A MAIN,Spatule double à malaxer,---,---,Unité,ABC,,False,83
Annexe 2 — Materiel Bio-Medical,Liste Complementaire,07,CONSOMMABLES UTILISES EN ODONTO-STOMATOLOGIE,07.08,MEULETTE POUR PIECE A MAIN,"Strips abrasifs à finir, grains fins",---,---,Unité,ABC,,False,83
Annexe 2 — Materiel Bio-Medical,Liste Complementaire,07,CONSOMMABLES UTILISES EN ODONTO-STOMATOLOGIE,07.08,MEULETTE POUR PIECE A MAIN,Syndesmotome Chompret coudé,---,---,Unité,ABC,,False,83
Annexe 2 — Materiel Bio-Medical,Liste Complementaire,07,CONSOMMABLES UTILISES EN ODONTO-STOMATOLOGIE,07.08,MEULETTE POUR PIECE A MAIN,Syndesmotome Chompret droit,---,---,Unité,ABC,,False,83
Annexe 2 — Materiel Bio-Medical,Liste Complementaire,07,CONSOMMABLES UTILISES EN ODONTO-STOMATOLOGIE,07.08,MEULETTE POUR PIECE A MAIN,Syndesmotome Chompret faucille,---,---,Unité,ABC,,False,83
Annexe 2 — Materiel Bio-Medical,Liste Complementaire,07,CONSOMMABLES UTILISES EN ODONTO-STOMATOLOGIE,07.08,MEULETTE POUR PIECE A MAIN,Syndesmotome de Bernard (jeu complet),---,---,Coffret,ABC,,False,83
Annexe 2 — Materiel Bio-Medical,Liste Complementaire,07,CONSOMMABLES UTILISES EN ODONTO-STOMATOLOGIE,07.09,PETIT MATERIEL D’ODONTOLOGIE,Amalgamateur combiné pour vrac et capsules prédosées,---,---,Unité,ABC,,False,83
Annexe 2 — Materiel Bio-Medical,Liste Complementaire,07,CONSOMMABLES UTILISES EN ODONTO-STOMATOLOGIE,07.09,PETIT MATERIEL D’ODONTOLOGIE,Bac de décontamination,---,---,Unité,ABC,,False,83
Annexe 2 — Materiel Bio-Medical,Liste Complementaire,07,CONSOMMABLES UTILISES EN ODONTO-STOMATOLOGIE,07.09,PETIT MATERIEL D’ODONTOLOGIE,Chambre noire à développer manuelle,---,---,Unité,ABC,,False,83
Annexe 2 — Materiel Bio-Medical,Liste Complementaire,07,CONSOMMABLES UTILISES EN ODONTO-STOMATOLOGIE,07.09,PETIT MATERIEL D’ODONTOLOGIE,Détartreur à ultrasons,---,---,Unité,ABC,,False,83
Annexe 2 — Materiel Bio-Medical,Liste Complementaire,07,CONSOMMABLES UTILISES EN ODONTO-STOMATOLOGIE,07.09,PETIT MATERIEL D’ODONTOLOGIE,Inserts de détartreur,---,---,Unité,ABC,,False,83
Annexe 2 — Materiel Bio-Medical,Liste Complementaire,07,CONSOMMABLES UTILISES EN ODONTO-STOMATOLOGIE,07.09,PETIT MATERIEL D’ODONTOLOGIE,Seringue à carpule avec aspiration,---,---,Unité,ABC,,False,83
Annexe 2 — Materiel Bio-Medical,Liste Complementaire,07,CONSOMMABLES UTILISES EN ODONTO-STOMATOLOGIE,07.10,PLAQUES MINIATURISEES,Plaque droite,---,---,Unité,AB,,False,83
Annexe 2 — Materiel Bio-Medical,Liste Complementaire,07,CONSOMMABLES UTILISES EN ODONTO-STOMATOLOGIE,07.10,PLAQUES MINIATURISEES,Plaque droite en J,---,---,Unité,AB,,False,83
Annexe 2 — Materiel Bio-Medical,Liste Complementaire,07,CONSOMMABLES UTILISES EN ODONTO-STOMATOLOGIE,07.10,PLAQUES MINIATURISEES,Plaque droite en L,---,---,Unité,AB,,False,83
Annexe 2 — Materiel Bio-Medical,Liste Complementaire,07,CONSOMMABLES UTILISES EN ODONTO-STOMATOLOGIE,07.10,PLAQUES MINIATURISEES,Plaque droite en X,---,---,Unité,AB,,False,83
Annexe 2 — Materiel Bio-Medical,Liste Complementaire,07,CONSOMMABLES UTILISES EN ODONTO-STOMATOLOGIE,07.10,PLAQUES MINIATURISEES,Plaque droite en T,---,---,Unité,AB,,False,83
Annexe 2 — Materiel Bio-Medical,Liste Complementaire,07,CONSOMMABLES UTILISES EN ODONTO-STOMATOLOGIE,07.10,PLAQUES MINIATURISEES,Plaque miniaturisée 10 trous,---,---,Unité,AB,,False,83
Annexe 2 — Materiel Bio-Medical,Liste Complementaire,07,CONSOMMABLES UTILISES EN ODONTO-STOMATOLOGIE,07.10,PLAQUES MINIATURISEES,Plaque miniaturisée 15 trous,---,---,Unité,AB,,False,83
Annexe 2 — Materiel Bio-Medical,Liste Complementaire,07,CONSOMMABLES UTILISES EN ODONTO-STOMATOLOGIE,07.10,PLAQUES MINIATURISEES,Plaque miniaturisée 4 trous décalés,---,---,Unité,AB,,False,83
Annexe 2 — Materiel Bio-Medical,Liste Complementaire,07,CONSOMMABLES UTILISES EN ODONTO-STOMATOLOGIE,07.10,PLAQUES MINIATURISEES,Plaque miniaturisée 6 trous décalés,---,---,Unité,AB,,False,83
Annexe 2 — Materiel Bio-Medical,Liste Complementaire,07,CONSOMMABLES UTILISES EN ODONTO-STOMATOLOGIE,07.10,PLAQUES MINIATURISEES,Plaque miniaturisée 7 trous,---,---,Unité,AB,,False,83
Annexe 2 — Materiel Bio-Medical,Liste Complementaire,07,CONSOMMABLES UTILISES EN ODONTO-STOMATOLOGIE,07.10,PLAQUES MINIATURISEES,Plaques grillagées,---,---,Unité,AB,,False,83
Annexe 2 — Materiel Bio-Medical,Liste Complementaire,07,CONSOMMABLES UTILISES EN ODONTO-STOMATOLOGIE,07.10,PLAQUES MINIATURISEES,Plaques PDS,---,---,Unité,AB,,False,83
Annexe 2 — Materiel Bio-Medical,Liste Complementaire,07,CONSOMMABLES UTILISES EN ODONTO-STOMATOLOGIE,07.11,MATERIEL DE PROMOTION,Macrobrosse,---,---,Unité,AB,,False,83
Annexe 2 — Materiel Bio-Medical,Liste Complementaire,07,CONSOMMABLES UTILISES EN ODONTO-STOMATOLOGIE,07.11,MATERIEL DE PROMOTION,Macrodent,---,---,Unité,AB,,False,83
Annexe 2 — Materiel Bio-Medical,Liste Complementaire,07,CONSOMMABLES UTILISES EN ODONTO-STOMATOLOGIE,07.12,MATERIEL POUR TRAITEMENT D'ORTHODONTIE,Arcs préformés Mandibulaires,---,---,Unité,AB,,False,83
Annexe 2 — Materiel Bio-Medical,Liste Complementaire,07,CONSOMMABLES UTILISES EN ODONTO-STOMATOLOGIE,07.12,MATERIEL POUR TRAITEMENT D'ORTHODONTIE,Arcs préformés Maxillaires,---,---,Unité,AB,,False,83
Annexe 2 — Materiel Bio-Medical,Liste Complementaire,07,CONSOMMABLES UTILISES EN ODONTO-STOMATOLOGIE,07.12,MATERIEL POUR TRAITEMENT D'ORTHODONTIE,Bague Première molaire inférieure gauche,---,---,Unité,AB,,False,84
Annexe 2 — Materiel Bio-Medical,Liste Complementaire,07,CONSOMMABLES UTILISES EN ODONTO-STOMATOLOGIE,07.12,MATERIEL POUR TRAITEMENT D'ORTHODONTIE,Bague Première molaire inférieure droit,---,---,Unité,AB,,False,84
Annexe 2 — Materiel Bio-Medical,Liste Complementaire,07,CONSOMMABLES UTILISES EN ODONTO-STOMATOLOGIE,07.12,MATERIEL POUR TRAITEMENT D'ORTHODONTIE,Bague Première molaire supérieure gauche,---,---,Unité,AB,,False,84
Annexe 2 — Materiel Bio-Medical,Liste Complementaire,07,CONSOMMABLES UTILISES EN ODONTO-STOMATOLOGIE,07.12,MATERIEL POUR TRAITEMENT D'ORTHODONTIE,Bague Première molaire supérieure droit,---,---,Unité,AB,,False,84
Annexe 2 — Materiel Bio-Medical,Liste Complementaire,07,CONSOMMABLES UTILISES EN ODONTO-STOMATOLOGIE,07.12,MATERIEL POUR TRAITEMENT D'ORTHODONTIE,Braquettes,---,---,Unité,AB,,False,84
Annexe 2 — Materiel Bio-Medical,Liste Complementaire,07,CONSOMMABLES UTILISES EN ODONTO-STOMATOLOGIE,07.12,MATERIEL POUR TRAITEMENT D'ORTHODONTIE,Kit de braquettes,---,---,Unité,AB,,False,84
Annexe 2 — Materiel Bio-Medical,Liste Complementaire,07,CONSOMMABLES UTILISES EN ODONTO-STOMATOLOGIE,07.13,AUTRES MATERIELS UTILISES EN STOMATOLOGIE,Alène de Redon,---,---,Unité,AB,,False,84
Annexe 2 — Materiel Bio-Medical,Liste Complementaire,07,CONSOMMABLES UTILISES EN ODONTO-STOMATOLOGIE,07.13,AUTRES MATERIELS UTILISES EN STOMATOLOGIE,Alène mandibulaire,---,---,Unité,AB,,False,84
Annexe 2 — Materiel Bio-Medical,Liste Complementaire,07,CONSOMMABLES UTILISES EN ODONTO-STOMATOLOGIE,07.13,AUTRES MATERIELS UTILISES EN STOMATOLOGIE,Alène maxillaire,---,---,Unité,AB,,False,84
Annexe 2 — Materiel Bio-Medical,Liste Complementaire,07,CONSOMMABLES UTILISES EN ODONTO-STOMATOLOGIE,07.13,AUTRES MATERIELS UTILISES EN STOMATOLOGIE,Alène zygomatique,---,---,Unité,AB,,False,84
Annexe 2 — Materiel Bio-Medical,Liste Complementaire,07,CONSOMMABLES UTILISES EN ODONTO-STOMATOLOGIE,07.13,AUTRES MATERIELS UTILISES EN STOMATOLOGIE,Arcs vestibulaires,---,---,Unité,AB,,False,84
Annexe 2 — Materiel Bio-Medical,Liste Complementaire,07,CONSOMMABLES UTILISES EN ODONTO-STOMATOLOGIE,07.13,AUTRES MATERIELS UTILISES EN STOMATOLOGIE,Bistouri électrique avec pince monopolaire et bipolaire,---,---,Unité,AB,,False,84
Annexe 2 — Materiel Bio-Medical,Liste Complementaire,07,CONSOMMABLES UTILISES EN ODONTO-STOMATOLOGIE,07.13,AUTRES MATERIELS UTILISES EN STOMATOLOGIE,Boite ancillaire de chirurgie de mandibule,---,---,Unité,AB,,False,84
Annexe 2 — Materiel Bio-Medical,Liste Complementaire,07,CONSOMMABLES UTILISES EN ODONTO-STOMATOLOGIE,07.13,AUTRES MATERIELS UTILISES EN STOMATOLOGIE,Boite ancillaire de chirurgie étage moyen de la face,---,---,Unité,AB,,False,84
Annexe 2 — Materiel Bio-Medical,Liste Complementaire,07,CONSOMMABLES UTILISES EN ODONTO-STOMATOLOGIE,07.13,AUTRES MATERIELS UTILISES EN STOMATOLOGIE,Boite inox,---,---,Unité,AB,,False,84
Annexe 2 — Materiel Bio-Medical,Liste Complementaire,07,CONSOMMABLES UTILISES EN ODONTO-STOMATOLOGIE,07.13,AUTRES MATERIELS UTILISES EN STOMATOLOGIE,Cales molaires adultes,---,---,Unité,AB,,False,84
Annexe 2 — Materiel Bio-Medical,Liste Complementaire,07,CONSOMMABLES UTILISES EN ODONTO-STOMATOLOGIE,07.13,AUTRES MATERIELS UTILISES EN STOMATOLOGIE,Cales molaires enfants,---,---,Unité,AB,,False,84
Annexe 2 — Materiel Bio-Medical,Liste Complementaire,07,CONSOMMABLES UTILISES EN ODONTO-STOMATOLOGIE,07.13,AUTRES MATERIELS UTILISES EN STOMATOLOGIE,Canule d’aspiration métallique de différentes tailles,---,---,Unité,AB,,False,84
Annexe 2 — Materiel Bio-Medical,Liste Complementaire,07,CONSOMMABLES UTILISES EN ODONTO-STOMATOLOGIE,07.13,AUTRES MATERIELS UTILISES EN STOMATOLOGIE,Canule de trachéotomie (tailles : 4),---,---,Unité,AB,,False,84
Annexe 2 — Materiel Bio-Medical,Liste Complementaire,07,CONSOMMABLES UTILISES EN ODONTO-STOMATOLOGIE,07.13,AUTRES MATERIELS UTILISES EN STOMATOLOGIE,Canule de trachéotomie (tailles : 6),---,---,Unité,AB,,False,84
Annexe 2 — Materiel Bio-Medical,Liste Complementaire,07,CONSOMMABLES UTILISES EN ODONTO-STOMATOLOGIE,07.13,AUTRES MATERIELS UTILISES EN STOMATOLOGIE,Canule de trachéotomie (tailles : 8),---,---,Unité,AB,,False,84
Annexe 2 — Materiel Bio-Medical,Liste Complementaire,07,CONSOMMABLES UTILISES EN ODONTO-STOMATOLOGIE,07.13,AUTRES MATERIELS UTILISES EN STOMATOLOGIE,Canule de trachéotomie (tailles : 10),---,---,Unité,AB,,False,84
Annexe 2 — Materiel Bio-Medical,Liste Complementaire,07,CONSOMMABLES UTILISES EN ODONTO-STOMATOLOGIE,07.13,AUTRES MATERIELS UTILISES EN STOMATOLOGIE,Ciseaux à os,---,---,Unité,AB,,False,84
Annexe 2 — Materiel Bio-Medical,Liste Complementaire,07,CONSOMMABLES UTILISES EN ODONTO-STOMATOLOGIE,07.13,AUTRES MATERIELS UTILISES EN STOMATOLOGIE,Ciseaux gradués droits,---,---,Unité,AB,,False,84
Annexe 2 — Materiel Bio-Medical,Liste Complementaire,07,CONSOMMABLES UTILISES EN ODONTO-STOMATOLOGIE,07.13,AUTRES MATERIELS UTILISES EN STOMATOLOGIE,Ciseaux gradués fortement courbes,---,---,Unité,AB,,False,84
Annexe 2 — Materiel Bio-Medical,Liste Complementaire,07,CONSOMMABLES UTILISES EN ODONTO-STOMATOLOGIE,07.13,AUTRES MATERIELS UTILISES EN STOMATOLOGIE,Ciseaux à disséquer courbes pointus,---,---,Unité,AB,,False,84
Annexe 2 — Materiel Bio-Medical,Liste Complementaire,07,CONSOMMABLES UTILISES EN ODONTO-STOMATOLOGIE,07.13,AUTRES MATERIELS UTILISES EN STOMATOLOGIE,Ciseaux à disséquer droits ronds,---,---,Unité,AB,,False,84
Annexe 2 — Materiel Bio-Medical,Liste Complementaire,07,CONSOMMABLES UTILISES EN ODONTO-STOMATOLOGIE,07.13,AUTRES MATERIELS UTILISES EN STOMATOLOGIE,Ciseaux à frapper,---,---,Unité,AB,,False,84
Annexe 2 — Materiel Bio-Medical,Liste Complementaire,07,CONSOMMABLES UTILISES EN ODONTO-STOMATOLOGIE,07.13,AUTRES MATERIELS UTILISES EN STOMATOLOGIE,Ciseaux coudés,---,---,Unité,AB,,False,84
Annexe 2 — Materiel Bio-Medical,Liste Complementaire,07,CONSOMMABLES UTILISES EN ODONTO-STOMATOLOGIE,07.13,AUTRES MATERIELS UTILISES EN STOMATOLOGIE,Ciseaux courbes,---,---,Unité,AB,,False,84
Annexe 2 — Materiel Bio-Medical,Liste Complementaire,07,CONSOMMABLES UTILISES EN ODONTO-STOMATOLOGIE,07.13,AUTRES MATERIELS UTILISES EN STOMATOLOGIE,Ciseaux de Ballenger,---,---,Unité,AB,,False,84
Annexe 2 — Materiel Bio-Medical,Liste Complementaire,07,CONSOMMABLES UTILISES EN ODONTO-STOMATOLOGIE,07.13,AUTRES MATERIELS UTILISES EN STOMATOLOGIE,Ciseaux fins mousse droits,---,---,Unité,AB,,False,84
Annexe 2 — Materiel Bio-Medical,Liste Complementaire,07,CONSOMMABLES UTILISES EN ODONTO-STOMATOLOGIE,07.13,AUTRES MATERIELS UTILISES EN STOMATOLOGIE,Ciseaux fins pointu droits,---,---,Unité,AB,,False,84
Annexe 2 — Materiel Bio-Medical,Liste Complementaire,07,CONSOMMABLES UTILISES EN ODONTO-STOMATOLOGIE,07.13,AUTRES MATERIELS UTILISES EN STOMATOLOGIE,Crochet à cartilage,---,---,Unité,AB,,False,84
Annexe 2 — Materiel Bio-Medical,Liste Complementaire,07,CONSOMMABLES UTILISES EN ODONTO-STOMATOLOGIE,07.13,AUTRES MATERIELS UTILISES EN STOMATOLOGIE,Crochet de Gillis double,---,---,Unité,AB,,False,84
Annexe 2 — Materiel Bio-Medical,Liste Complementaire,07,CONSOMMABLES UTILISES EN ODONTO-STOMATOLOGIE,07.13,AUTRES MATERIELS UTILISES EN STOMATOLOGIE,Crochet de Gillis simple,---,---,Unité,AB,,False,84
Annexe 2 — Materiel Bio-Medical,Liste Complementaire,07,CONSOMMABLES UTILISES EN ODONTO-STOMATOLOGIE,07.13,AUTRES MATERIELS UTILISES EN STOMATOLOGIE,Cupules métalliques (tailles différentes),---,---,Unité,AB,,False,84
Annexe 2 — Materiel Bio-Medical,Liste Complementaire,07,CONSOMMABLES UTILISES EN ODONTO-STOMATOLOGIE,07.13,AUTRES MATERIELS UTILISES EN STOMATOLOGIE,Curette de différentes tailles,---,---,Unité,AB,,False,84
Annexe 2 — Materiel Bio-Medical,Liste Complementaire,07,CONSOMMABLES UTILISES EN ODONTO-STOMATOLOGIE,07.13,AUTRES MATERIELS UTILISES EN STOMATOLOGIE,Curettes dentaires doubles de différentes tailles,---,---,Unité,AB,,False,84
Annexe 2 — Materiel Bio-Medical,Liste Complementaire,07,CONSOMMABLES UTILISES EN ODONTO-STOMATOLOGIE,07.13,AUTRES MATERIELS UTILISES EN STOMATOLOGIE,Davier à os,---,---,Unité,AB,,False,84
Annexe 2 — Materiel Bio-Medical,Liste Complementaire,07,CONSOMMABLES UTILISES EN ODONTO-STOMATOLOGIE,07.13,AUTRES MATERIELS UTILISES EN STOMATOLOGIE,Davier de Rowe et Kiley,---,---,Unité,AB,,False,84
Annexe 2 — Materiel Bio-Medical,Liste Complementaire,07,CONSOMMABLES UTILISES EN ODONTO-STOMATOLOGIE,07.13,AUTRES MATERIELS UTILISES EN STOMATOLOGIE,Décimètre,---,---,Unité,AB,,False,84
Annexe 2 — Materiel Bio-Medical,Liste Complementaire,07,CONSOMMABLES UTILISES EN ODONTO-STOMATOLOGIE,07.13,AUTRES MATERIELS UTILISES EN STOMATOLOGIE,Décolleur à dent d'Obwegeser,---,---,Unité,AB,,False,84
Annexe 2 — Materiel Bio-Medical,Liste Complementaire,07,CONSOMMABLES UTILISES EN ODONTO-STOMATOLOGIE,07.13,AUTRES MATERIELS UTILISES EN STOMATOLOGIE,Décolleur costal,---,---,Unité,AB,,False,84
Annexe 2 — Materiel Bio-Medical,Liste Complementaire,07,CONSOMMABLES UTILISES EN ODONTO-STOMATOLOGIE,07.13,AUTRES MATERIELS UTILISES EN STOMATOLOGIE,Décolleur courbe simple,---,---,Unité,AB,,False,84
Annexe 2 — Materiel Bio-Medical,Liste Complementaire,07,CONSOMMABLES UTILISES EN ODONTO-STOMATOLOGIE,07.13,AUTRES MATERIELS UTILISES EN STOMATOLOGIE,Décolleur d’Obwegeser (petit),---,---,Unité,AB,,False,84
Annexe 2 — Materiel Bio-Medical,Liste Complementaire,07,CONSOMMABLES UTILISES EN ODONTO-STOMATOLOGIE,07.13,AUTRES MATERIELS UTILISES EN STOMATOLOGIE,Décolleur d’Obwegeser (moyen),---,---,Unité,AB,,False,84
Annexe 2 — Materiel Bio-Medical,Liste Complementaire,07,CONSOMMABLES UTILISES EN ODONTO-STOMATOLOGIE,07.13,AUTRES MATERIELS UTILISES EN STOMATOLOGIE,Décolleur d’Obwegeser (grand),---,---,Unité,AB,,False,84
Annexe 2 — Materiel Bio-Medical,Liste Complementaire,07,CONSOMMABLES UTILISES EN ODONTO-STOMATOLOGIE,07.13,AUTRES MATERIELS UTILISES EN STOMATOLOGIE,Décolleur de branche montante,---,---,Unité,AB,,False,84
Annexe 2 — Materiel Bio-Medical,Liste Complementaire,07,CONSOMMABLES UTILISES EN ODONTO-STOMATOLOGIE,07.13,AUTRES MATERIELS UTILISES EN STOMATOLOGIE,Décolleur de différentes tailles,---,---,Unité,AB,,False,84
Annexe 2 — Materiel Bio-Medical,Liste Complementaire,07,CONSOMMABLES UTILISES EN ODONTO-STOMATOLOGIE,07.13,AUTRES MATERIELS UTILISES EN STOMATOLOGIE,Décolleur de Joseph,---,---,Unité,AB,,False,84
Annexe 2 — Materiel Bio-Medical,Liste Complementaire,07,CONSOMMABLES UTILISES EN ODONTO-STOMATOLOGIE,07.13,AUTRES MATERIELS UTILISES EN STOMATOLOGIE,Décolleur double courbe de Freer,---,---,Unité,AB,,False,84
Annexe 2 — Materiel Bio-Medical,Liste Complementaire,07,CONSOMMABLES UTILISES EN ODONTO-STOMATOLOGIE,07.13,AUTRES MATERIELS UTILISES EN STOMATOLOGIE,Décolleur double de Cottle,---,---,Unité,AB,,False,84
Annexe 2 — Materiel Bio-Medical,Liste Complementaire,07,CONSOMMABLES UTILISES EN ODONTO-STOMATOLOGIE,07.13,AUTRES MATERIELS UTILISES EN STOMATOLOGIE,Décolleur droit double de Freer,---,---,Unité,AB,,False,85
Annexe 2 — Materiel Bio-Medical,Liste Complementaire,07,CONSOMMABLES UTILISES EN ODONTO-STOMATOLOGIE,07.13,AUTRES MATERIELS UTILISES EN STOMATOLOGIE,Décolleur droit simple,---,---,Unité,AB,,False,85
Annexe 2 — Materiel Bio-Medical,Liste Complementaire,07,CONSOMMABLES UTILISES EN ODONTO-STOMATOLOGIE,07.13,AUTRES MATERIELS UTILISES EN STOMATOLOGIE,Dermatome électrique,---,---,Unité,AB,,False,85
Annexe 2 — Materiel Bio-Medical,Liste Complementaire,07,CONSOMMABLES UTILISES EN ODONTO-STOMATOLOGIE,07.13,AUTRES MATERIELS UTILISES EN STOMATOLOGIE,Ecarteur auto statique de Balfour (différente taille),---,---,Unité,AB,,False,85
Annexe 2 — Materiel Bio-Medical,Liste Complementaire,07,CONSOMMABLES UTILISES EN ODONTO-STOMATOLOGIE,07.13,AUTRES MATERIELS UTILISES EN STOMATOLOGIE,Ecarteur contre coude,---,---,Unité,AB,,False,85
Annexe 2 — Materiel Bio-Medical,Liste Complementaire,07,CONSOMMABLES UTILISES EN ODONTO-STOMATOLOGIE,07.13,AUTRES MATERIELS UTILISES EN STOMATOLOGIE,Ecarteur d'Aufricht,---,---,Unité,AB,,False,85
Annexe 2 — Materiel Bio-Medical,Liste Complementaire,07,CONSOMMABLES UTILISES EN ODONTO-STOMATOLOGIE,07.13,AUTRES MATERIELS UTILISES EN STOMATOLOGIE,Ecarteur de branche montante de la mandibule,---,---,Unité,AB,,False,85
Annexe 2 — Materiel Bio-Medical,Liste Complementaire,07,CONSOMMABLES UTILISES EN ODONTO-STOMATOLOGIE,07.13,AUTRES MATERIELS UTILISES EN STOMATOLOGIE,Ecarteur de cushing,---,---,Unité,AB,,False,85
Annexe 2 — Materiel Bio-Medical,Liste Complementaire,07,CONSOMMABLES UTILISES EN ODONTO-STOMATOLOGIE,07.13,AUTRES MATERIELS UTILISES EN STOMATOLOGIE,Ecarteur de Dott de différente taille,---,---,Unité,AB,,False,85
Annexe 2 — Materiel Bio-Medical,Liste Complementaire,07,CONSOMMABLES UTILISES EN ODONTO-STOMATOLOGIE,07.13,AUTRES MATERIELS UTILISES EN STOMATOLOGIE,Ecarteur de Farabeuf de différentes tailles,---,---,Unité,AB,,False,85
Annexe 2 — Materiel Bio-Medical,Liste Complementaire,07,CONSOMMABLES UTILISES EN ODONTO-STOMATOLOGIE,07.13,AUTRES MATERIELS UTILISES EN STOMATOLOGIE,"Ecarteur de Langenbeck (21,5 cm 11mm x 55mm)",---,---,Unité,AB,,False,85
Annexe 2 — Materiel Bio-Medical,Liste Complementaire,07,CONSOMMABLES UTILISES EN ODONTO-STOMATOLOGIE,07.13,AUTRES MATERIELS UTILISES EN STOMATOLOGIE,Ecarteur nasal de Killian,---,---,Unité,AB,,False,85
Annexe 2 — Materiel Bio-Medical,Liste Complementaire,07,CONSOMMABLES UTILISES EN ODONTO-STOMATOLOGIE,07.13,AUTRES MATERIELS UTILISES EN STOMATOLOGIE,Ecarteur type Obwegeser,---,---,Unité,AB,,False,85
Annexe 2 — Materiel Bio-Medical,Liste Complementaire,07,CONSOMMABLES UTILISES EN ODONTO-STOMATOLOGIE,07.13,AUTRES MATERIELS UTILISES EN STOMATOLOGIE,Elastique orthodontique,---,---,Unité,AB,,False,85
Annexe 2 — Materiel Bio-Medical,Liste Complementaire,07,CONSOMMABLES UTILISES EN ODONTO-STOMATOLOGIE,07.13,AUTRES MATERIELS UTILISES EN STOMATOLOGIE,Elévateur de Bernard droit,---,---,Unité,AB,,False,85
Annexe 2 — Materiel Bio-Medical,Liste Complementaire,07,CONSOMMABLES UTILISES EN ODONTO-STOMATOLOGIE,07.13,AUTRES MATERIELS UTILISES EN STOMATOLOGIE,Elévateur de Bernard gauche,---,---,Unité,AB,,False,85
Annexe 2 — Materiel Bio-Medical,Liste Complementaire,07,CONSOMMABLES UTILISES EN ODONTO-STOMATOLOGIE,07.13,AUTRES MATERIELS UTILISES EN STOMATOLOGIE,Elévateur dentaire coudé,---,---,Unité,AB,,False,85
Annexe 2 — Materiel Bio-Medical,Liste Complementaire,07,CONSOMMABLES UTILISES EN ODONTO-STOMATOLOGIE,07.13,AUTRES MATERIELS UTILISES EN STOMATOLOGIE,Elévateurs dentaire droit,---,---,Unité,AB,,False,85
Annexe 2 — Materiel Bio-Medical,Liste Complementaire,07,CONSOMMABLES UTILISES EN ODONTO-STOMATOLOGIE,07.13,AUTRES MATERIELS UTILISES EN STOMATOLOGIE,Exodont (luxateur) droit,---,---,Unité,AB,,False,85
Annexe 2 — Materiel Bio-Medical,Liste Complementaire,07,CONSOMMABLES UTILISES EN ODONTO-STOMATOLOGIE,07.13,AUTRES MATERIELS UTILISES EN STOMATOLOGIE,Exodont (luxateur) gauche,---,---,Unité,AB,,False,85
Annexe 2 — Materiel Bio-Medical,Liste Complementaire,07,CONSOMMABLES UTILISES EN ODONTO-STOMATOLOGIE,07.13,AUTRES MATERIELS UTILISES EN STOMATOLOGIE,Fil d’acier 3/10e souple,---,---,Unité,AB,,False,85
Annexe 2 — Materiel Bio-Medical,Liste Complementaire,07,CONSOMMABLES UTILISES EN ODONTO-STOMATOLOGIE,07.13,AUTRES MATERIELS UTILISES EN STOMATOLOGIE,Fil d’acier 4/10e souple,---,---,Unité,AB,,False,85
Annexe 2 — Materiel Bio-Medical,Liste Complementaire,07,CONSOMMABLES UTILISES EN ODONTO-STOMATOLOGIE,07.13,AUTRES MATERIELS UTILISES EN STOMATOLOGIE,Fil d’acier 5/10e souple,---,---,Unité,AB,,False,85
Annexe 2 — Materiel Bio-Medical,Liste Complementaire,07,CONSOMMABLES UTILISES EN ODONTO-STOMATOLOGIE,07.13,AUTRES MATERIELS UTILISES EN STOMATOLOGIE,Forets,---,---,Unité,AB,,False,85
Annexe 2 — Materiel Bio-Medical,Liste Complementaire,07,CONSOMMABLES UTILISES EN ODONTO-STOMATOLOGIE,07.13,AUTRES MATERIELS UTILISES EN STOMATOLOGIE,Fraise à os boules acier a rainures de tailles différentes,---,---,Unité,AB,,False,85
Annexe 2 — Materiel Bio-Medical,Liste Complementaire,07,CONSOMMABLES UTILISES EN ODONTO-STOMATOLOGIE,07.13,AUTRES MATERIELS UTILISES EN STOMATOLOGIE,Fraise extra coupante,---,---,Unité,AB,,False,85
Annexe 2 — Materiel Bio-Medical,Liste Complementaire,07,CONSOMMABLES UTILISES EN ODONTO-STOMATOLOGIE,07.13,AUTRES MATERIELS UTILISES EN STOMATOLOGIE,Fraises à os boules diamantées,---,---,Unité,AB,,False,85
Annexe 2 — Materiel Bio-Medical,Liste Complementaire,07,CONSOMMABLES UTILISES EN ODONTO-STOMATOLOGIE,07.13,AUTRES MATERIELS UTILISES EN STOMATOLOGIE,Haricot,---,---,Unité,AB,,False,85
Annexe 2 — Materiel Bio-Medical,Liste Complementaire,07,CONSOMMABLES UTILISES EN ODONTO-STOMATOLOGIE,07.13,AUTRES MATERIELS UTILISES EN STOMATOLOGIE,"Lame malléable petite, moyenne et grande",---,---,Unité,AB,,False,85
Annexe 2 — Materiel Bio-Medical,Liste Complementaire,07,CONSOMMABLES UTILISES EN ODONTO-STOMATOLOGIE,07.13,AUTRES MATERIELS UTILISES EN STOMATOLOGIE,Levier dissecteur,---,---,Unité,AB,,False,85
Annexe 2 — Materiel Bio-Medical,Liste Complementaire,07,CONSOMMABLES UTILISES EN ODONTO-STOMATOLOGIE,07.13,AUTRES MATERIELS UTILISES EN STOMATOLOGIE,Manche de bistouri long n°7,---,---,Unité,AB,,False,85
Annexe 2 — Materiel Bio-Medical,Liste Complementaire,07,CONSOMMABLES UTILISES EN ODONTO-STOMATOLOGIE,07.13,AUTRES MATERIELS UTILISES EN STOMATOLOGIE,Manche de bistouri n° 4,---,---,Unité,AB,,False,85
Annexe 2 — Materiel Bio-Medical,Liste Complementaire,07,CONSOMMABLES UTILISES EN ODONTO-STOMATOLOGIE,07.13,AUTRES MATERIELS UTILISES EN STOMATOLOGIE,Manche de bistouri n°3,---,---,Unité,AB,,False,85
Annexe 2 — Materiel Bio-Medical,Liste Complementaire,07,CONSOMMABLES UTILISES EN ODONTO-STOMATOLOGIE,07.13,AUTRES MATERIELS UTILISES EN STOMATOLOGIE,Marteau de maillet,---,---,Unité,AB,,False,85
Annexe 2 — Materiel Bio-Medical,Liste Complementaire,07,CONSOMMABLES UTILISES EN ODONTO-STOMATOLOGIE,07.13,AUTRES MATERIELS UTILISES EN STOMATOLOGIE,Mèches,---,---,Unité,AB,,False,85
Annexe 2 — Materiel Bio-Medical,Liste Complementaire,07,CONSOMMABLES UTILISES EN ODONTO-STOMATOLOGIE,07.13,AUTRES MATERIELS UTILISES EN STOMATOLOGIE,Micro moteur électrique,---,---,Unité,AB,,False,85
Annexe 2 — Materiel Bio-Medical,Liste Complementaire,07,CONSOMMABLES UTILISES EN ODONTO-STOMATOLOGIE,07.13,AUTRES MATERIELS UTILISES EN STOMATOLOGIE,Mobilisateur pour maxillaire Obwegeser,---,---,Unité,AB,,False,85
Annexe 2 — Materiel Bio-Medical,Liste Complementaire,07,CONSOMMABLES UTILISES EN ODONTO-STOMATOLOGIE,07.13,AUTRES MATERIELS UTILISES EN STOMATOLOGIE,Ostéotome,---,---,Unité,AB,,False,85
Annexe 2 — Materiel Bio-Medical,Liste Complementaire,07,CONSOMMABLES UTILISES EN ODONTO-STOMATOLOGIE,07.13,AUTRES MATERIELS UTILISES EN STOMATOLOGIE,Ostéotome a septum nasal a boutonnés,---,---,Unité,AB,,False,85
Annexe 2 — Materiel Bio-Medical,Liste Complementaire,07,CONSOMMABLES UTILISES EN ODONTO-STOMATOLOGIE,07.13,AUTRES MATERIELS UTILISES EN STOMATOLOGIE,Ostéotome de Cottle,---,---,Unité,AB,,False,85
Annexe 2 — Materiel Bio-Medical,Liste Complementaire,07,CONSOMMABLES UTILISES EN ODONTO-STOMATOLOGIE,07.13,AUTRES MATERIELS UTILISES EN STOMATOLOGIE,Ostéotome de Dautrey-Munro,---,---,Unité,AB,,False,85
Annexe 2 — Materiel Bio-Medical,Liste Complementaire,07,CONSOMMABLES UTILISES EN ODONTO-STOMATOLOGIE,07.13,AUTRES MATERIELS UTILISES EN STOMATOLOGIE,Ostéotome de Dunn-Dautrey gradue,---,---,Unité,AB,,False,85
Annexe 2 — Materiel Bio-Medical,Liste Complementaire,07,CONSOMMABLES UTILISES EN ODONTO-STOMATOLOGIE,07.13,AUTRES MATERIELS UTILISES EN STOMATOLOGIE,Ostéotome de Jost courbe droit/gauche,---,---,Unité,AB,,False,85
Annexe 2 — Materiel Bio-Medical,Liste Complementaire,07,CONSOMMABLES UTILISES EN ODONTO-STOMATOLOGIE,07.13,AUTRES MATERIELS UTILISES EN STOMATOLOGIE,Ostéotome de taille différente,---,---,Unité,AB,,False,85
Annexe 2 — Materiel Bio-Medical,Liste Complementaire,07,CONSOMMABLES UTILISES EN ODONTO-STOMATOLOGIE,07.13,AUTRES MATERIELS UTILISES EN STOMATOLOGIE,Ostéotome de Tessier,---,---,Unité,AB,,False,85
Annexe 2 — Materiel Bio-Medical,Liste Complementaire,07,CONSOMMABLES UTILISES EN ODONTO-STOMATOLOGIE,07.13,AUTRES MATERIELS UTILISES EN STOMATOLOGIE,Ostéotome droit Lambotte 6mm et 15 mm,---,---,Unité,AB,,False,85
Annexe 2 — Materiel Bio-Medical,Liste Complementaire,07,CONSOMMABLES UTILISES EN ODONTO-STOMATOLOGIE,07.13,AUTRES MATERIELS UTILISES EN STOMATOLOGIE,Ostéotome épaulement double,---,---,Unité,AB,,False,85
Annexe 2 — Materiel Bio-Medical,Liste Complementaire,07,CONSOMMABLES UTILISES EN ODONTO-STOMATOLOGIE,07.13,AUTRES MATERIELS UTILISES EN STOMATOLOGIE,Ouvre bouche de Molt (adulte),---,---,Unité,AB,,False,85
Annexe 2 — Materiel Bio-Medical,Liste Complementaire,07,CONSOMMABLES UTILISES EN ODONTO-STOMATOLOGIE,07.13,AUTRES MATERIELS UTILISES EN STOMATOLOGIE,Ouvre bouche de Molt (enfant),---,---,Unité,AB,,False,85
Annexe 2 — Materiel Bio-Medical,Liste Complementaire,07,CONSOMMABLES UTILISES EN ODONTO-STOMATOLOGIE,07.13,AUTRES MATERIELS UTILISES EN STOMATOLOGIE,Ouvre bouche orthostatique adulte,---,---,Unité,AB,,False,85
Annexe 2 — Materiel Bio-Medical,Liste Complementaire,07,CONSOMMABLES UTILISES EN ODONTO-STOMATOLOGIE,07.13,AUTRES MATERIELS UTILISES EN STOMATOLOGIE,Ouvre bouche orthostatique enfant,---,---,Unité,AB,,False,85
Annexe 2 — Materiel Bio-Medical,Liste Complementaire,07,CONSOMMABLES UTILISES EN ODONTO-STOMATOLOGIE,07.13,AUTRES MATERIELS UTILISES EN STOMATOLOGIE,Pièce à main détachables coudée,---,---,Unité,AB,,False,85
Annexe 2 — Materiel Bio-Medical,Liste Complementaire,07,CONSOMMABLES UTILISES EN ODONTO-STOMATOLOGIE,07.13,AUTRES MATERIELS UTILISES EN STOMATOLOGIE,Pièce à main détachables droit,---,---,Unité,AB,,False,85
Annexe 2 — Materiel Bio-Medical,Liste Complementaire,07,CONSOMMABLES UTILISES EN ODONTO-STOMATOLOGIE,07.13,AUTRES MATERIELS UTILISES EN STOMATOLOGIE,Pied à coulisse en inox,---,---,Unité,AB,,False,85
Annexe 2 — Materiel Bio-Medical,Liste Complementaire,07,CONSOMMABLES UTILISES EN ODONTO-STOMATOLOGIE,07.13,AUTRES MATERIELS UTILISES EN STOMATOLOGIE,Pince à badigeon droite,---,---,Unité,AB,,False,86
Annexe 2 — Materiel Bio-Medical,Liste Complementaire,07,CONSOMMABLES UTILISES EN ODONTO-STOMATOLOGIE,07.13,AUTRES MATERIELS UTILISES EN STOMATOLOGIE,Pince à biopsie,---,---,Unité,AB,,False,86
Annexe 2 — Materiel Bio-Medical,Liste Complementaire,07,CONSOMMABLES UTILISES EN ODONTO-STOMATOLOGIE,07.13,AUTRES MATERIELS UTILISES EN STOMATOLOGIE,Pince à cartilage,---,---,Unité,AB,,False,86
Annexe 2 — Materiel Bio-Medical,Liste Complementaire,07,CONSOMMABLES UTILISES EN ODONTO-STOMATOLOGIE,07.13,AUTRES MATERIELS UTILISES EN STOMATOLOGIE,Pince à champs Backhaus,---,---,Unité,AB,,False,86
Annexe 2 — Materiel Bio-Medical,Liste Complementaire,07,CONSOMMABLES UTILISES EN ODONTO-STOMATOLOGIE,07.13,AUTRES MATERIELS UTILISES EN STOMATOLOGIE,Pince à champs de Jayle,---,---,Unité,AB,,False,86
Annexe 2 — Materiel Bio-Medical,Liste Complementaire,07,CONSOMMABLES UTILISES EN ODONTO-STOMATOLOGIE,07.13,AUTRES MATERIELS UTILISES EN STOMATOLOGIE,Pince à dissection de Quenu,---,---,Unité,AB,,False,86
Annexe 2 — Materiel Bio-Medical,Liste Complementaire,07,CONSOMMABLES UTILISES EN ODONTO-STOMATOLOGIE,07.13,AUTRES MATERIELS UTILISES EN STOMATOLOGIE,Pince à disséquer à griffe,---,---,Unité,AB,,False,86
Annexe 2 — Materiel Bio-Medical,Liste Complementaire,07,CONSOMMABLES UTILISES EN ODONTO-STOMATOLOGIE,07.13,AUTRES MATERIELS UTILISES EN STOMATOLOGIE,Pince à disséquer a septum,---,---,Unité,AB,,False,86
Annexe 2 — Materiel Bio-Medical,Liste Complementaire,07,CONSOMMABLES UTILISES EN ODONTO-STOMATOLOGIE,07.13,AUTRES MATERIELS UTILISES EN STOMATOLOGIE,Pince à disséquer d’Adson a griffe,---,---,Unité,AB,,False,86
Annexe 2 — Materiel Bio-Medical,Liste Complementaire,07,CONSOMMABLES UTILISES EN ODONTO-STOMATOLOGIE,07.13,AUTRES MATERIELS UTILISES EN STOMATOLOGIE,Pince à disséquer d’Adson droit sans griffe,---,---,Unité,AB,,False,86
Annexe 2 — Materiel Bio-Medical,Liste Complementaire,07,CONSOMMABLES UTILISES EN ODONTO-STOMATOLOGIE,07.13,AUTRES MATERIELS UTILISES EN STOMATOLOGIE,Pince à disséquer de Bakey,---,---,Unité,AB,,False,86
Annexe 2 — Materiel Bio-Medical,Liste Complementaire,07,CONSOMMABLES UTILISES EN ODONTO-STOMATOLOGIE,07.13,AUTRES MATERIELS UTILISES EN STOMATOLOGIE,Pince à disséquer sans griffe,---,---,Unité,AB,,False,86
Annexe 2 — Materiel Bio-Medical,Liste Complementaire,07,CONSOMMABLES UTILISES EN ODONTO-STOMATOLOGIE,07.13,AUTRES MATERIELS UTILISES EN STOMATOLOGIE,Pince coupante courbe,---,---,Unité,AB,,False,86
Annexe 2 — Materiel Bio-Medical,Liste Complementaire,07,CONSOMMABLES UTILISES EN ODONTO-STOMATOLOGIE,07.13,AUTRES MATERIELS UTILISES EN STOMATOLOGIE,Pince d’Ombredanne,---,---,Unité,AB,,False,86
Annexe 2 — Materiel Bio-Medical,Liste Complementaire,07,CONSOMMABLES UTILISES EN ODONTO-STOMATOLOGIE,07.13,AUTRES MATERIELS UTILISES EN STOMATOLOGIE,Pince de chaput,---,---,Unité,AB,,False,86
Annexe 2 — Materiel Bio-Medical,Liste Complementaire,07,CONSOMMABLES UTILISES EN ODONTO-STOMATOLOGIE,07.13,AUTRES MATERIELS UTILISES EN STOMATOLOGIE,Pince de Halstead courbe a griffe,---,---,Unité,AB,,False,86
Annexe 2 — Materiel Bio-Medical,Liste Complementaire,07,CONSOMMABLES UTILISES EN ODONTO-STOMATOLOGIE,07.13,AUTRES MATERIELS UTILISES EN STOMATOLOGIE,Pince de Halstead courbe sans griffe,---,---,Unité,AB,,False,86
Annexe 2 — Materiel Bio-Medical,Liste Complementaire,07,CONSOMMABLES UTILISES EN ODONTO-STOMATOLOGIE,07.13,AUTRES MATERIELS UTILISES EN STOMATOLOGIE,Pince de Halstead droite a griffe,---,---,Unité,AB,,False,86
Annexe 2 — Materiel Bio-Medical,Liste Complementaire,07,CONSOMMABLES UTILISES EN ODONTO-STOMATOLOGIE,07.13,AUTRES MATERIELS UTILISES EN STOMATOLOGIE,Pince de Halstead droite sans griffe,---,---,Unité,AB,,False,86
Annexe 2 — Materiel Bio-Medical,Liste Complementaire,07,CONSOMMABLES UTILISES EN ODONTO-STOMATOLOGIE,07.13,AUTRES MATERIELS UTILISES EN STOMATOLOGIE,Pince de Kelly droite,---,---,Unité,AB,,False,86
Annexe 2 — Materiel Bio-Medical,Liste Complementaire,07,CONSOMMABLES UTILISES EN ODONTO-STOMATOLOGIE,07.13,AUTRES MATERIELS UTILISES EN STOMATOLOGIE,Pince de Leriche a griffe,---,---,Unité,AB,,False,86
Annexe 2 — Materiel Bio-Medical,Liste Complementaire,07,CONSOMMABLES UTILISES EN ODONTO-STOMATOLOGIE,07.13,AUTRES MATERIELS UTILISES EN STOMATOLOGIE,Pince de Leriche sans griffe,---,---,Unité,AB,,False,86
Annexe 2 — Materiel Bio-Medical,Liste Complementaire,07,CONSOMMABLES UTILISES EN ODONTO-STOMATOLOGIE,07.13,AUTRES MATERIELS UTILISES EN STOMATOLOGIE,Pince de Luc,---,---,Unité,AB,,False,86
Annexe 2 — Materiel Bio-Medical,Liste Complementaire,07,CONSOMMABLES UTILISES EN ODONTO-STOMATOLOGIE,07.13,AUTRES MATERIELS UTILISES EN STOMATOLOGIE,Pince de martin,---,---,Unité,AB,,False,86
Annexe 2 — Materiel Bio-Medical,Liste Complementaire,07,CONSOMMABLES UTILISES EN ODONTO-STOMATOLOGIE,07.13,AUTRES MATERIELS UTILISES EN STOMATOLOGIE,Pince de péan droit,---,---,Unité,AB,,False,86
Annexe 2 — Materiel Bio-Medical,Liste Complementaire,07,CONSOMMABLES UTILISES EN ODONTO-STOMATOLOGIE,07.13,AUTRES MATERIELS UTILISES EN STOMATOLOGIE,Pince en cœur,---,---,Unité,AB,,False,86
Annexe 2 — Materiel Bio-Medical,Liste Complementaire,07,CONSOMMABLES UTILISES EN ODONTO-STOMATOLOGIE,07.13,AUTRES MATERIELS UTILISES EN STOMATOLOGIE,Pince gouge a bouts fins,---,---,Unité,AB,,False,86
Annexe 2 — Materiel Bio-Medical,Liste Complementaire,07,CONSOMMABLES UTILISES EN ODONTO-STOMATOLOGIE,07.13,AUTRES MATERIELS UTILISES EN STOMATOLOGIE,Pince gouge de Ruskin courbe,---,---,Unité,AB,,False,86
Annexe 2 — Materiel Bio-Medical,Liste Complementaire,07,CONSOMMABLES UTILISES EN ODONTO-STOMATOLOGIE,07.13,AUTRES MATERIELS UTILISES EN STOMATOLOGIE,Pince hémostatique a griffe,---,---,Unité,AB,,False,86
Annexe 2 — Materiel Bio-Medical,Liste Complementaire,07,CONSOMMABLES UTILISES EN ODONTO-STOMATOLOGIE,07.13,AUTRES MATERIELS UTILISES EN STOMATOLOGIE,Pince hémostatique sans griffe,---,---,Unité,AB,,False,86
Annexe 2 — Materiel Bio-Medical,Liste Complementaire,07,CONSOMMABLES UTILISES EN ODONTO-STOMATOLOGIE,07.13,AUTRES MATERIELS UTILISES EN STOMATOLOGIE,Pince terrier,---,---,Unité,AB,,False,86
Annexe 2 — Materiel Bio-Medical,Liste Complementaire,07,CONSOMMABLES UTILISES EN ODONTO-STOMATOLOGIE,07.13,AUTRES MATERIELS UTILISES EN STOMATOLOGIE,Pinces de Kocher à griffes,---,---,Unité,AB,,False,86
Annexe 2 — Materiel Bio-Medical,Liste Complementaire,07,CONSOMMABLES UTILISES EN ODONTO-STOMATOLOGIE,07.13,AUTRES MATERIELS UTILISES EN STOMATOLOGIE,Pinces de Kocher sans griffe,---,---,Unité,AB,,False,86
Annexe 2 — Materiel Bio-Medical,Liste Complementaire,07,CONSOMMABLES UTILISES EN ODONTO-STOMATOLOGIE,07.13,AUTRES MATERIELS UTILISES EN STOMATOLOGIE,Pinces mosquitos à griffe,---,---,Unité,AB,,False,86
Annexe 2 — Materiel Bio-Medical,Liste Complementaire,07,CONSOMMABLES UTILISES EN ODONTO-STOMATOLOGIE,07.13,AUTRES MATERIELS UTILISES EN STOMATOLOGIE,Pinces mosquitos sans griffe,---,---,Unité,AB,,False,86
Annexe 2 — Materiel Bio-Medical,Liste Complementaire,07,CONSOMMABLES UTILISES EN ODONTO-STOMATOLOGIE,07.13,AUTRES MATERIELS UTILISES EN STOMATOLOGIE,Plaque grillagée,---,---,Unité,AB,,False,86
Annexe 2 — Materiel Bio-Medical,Liste Complementaire,07,CONSOMMABLES UTILISES EN ODONTO-STOMATOLOGIE,07.13,AUTRES MATERIELS UTILISES EN STOMATOLOGIE,Plaque PDS,---,---,Unité,AB,,False,86
Annexe 2 — Materiel Bio-Medical,Liste Complementaire,07,CONSOMMABLES UTILISES EN ODONTO-STOMATOLOGIE,07.13,AUTRES MATERIELS UTILISES EN STOMATOLOGIE,Plaque pour préparation de cartilage,---,---,Unité,AB,,False,86
Annexe 2 — Materiel Bio-Medical,Liste Complementaire,07,CONSOMMABLES UTILISES EN ODONTO-STOMATOLOGIE,07.13,AUTRES MATERIELS UTILISES EN STOMATOLOGIE,Porte aiguille de différente taille,---,---,Unité,AB,,False,86
Annexe 2 — Materiel Bio-Medical,Liste Complementaire,07,CONSOMMABLES UTILISES EN ODONTO-STOMATOLOGIE,07.13,AUTRES MATERIELS UTILISES EN STOMATOLOGIE,Porte aiguille de mayo Hegar 10 et 16 cm,---,---,Unité,AB,,False,86
Annexe 2 — Materiel Bio-Medical,Liste Complementaire,07,CONSOMMABLES UTILISES EN ODONTO-STOMATOLOGIE,07.13,AUTRES MATERIELS UTILISES EN STOMATOLOGIE,Pousse fil,---,---,Unité,AB,,False,86
Annexe 2 — Materiel Bio-Medical,Liste Complementaire,07,CONSOMMABLES UTILISES EN ODONTO-STOMATOLOGIE,07.13,AUTRES MATERIELS UTILISES EN STOMATOLOGIE,Rappe allemande,---,---,Unité,AB,,False,86
Annexe 2 — Materiel Bio-Medical,Liste Complementaire,07,CONSOMMABLES UTILISES EN ODONTO-STOMATOLOGIE,07.13,AUTRES MATERIELS UTILISES EN STOMATOLOGIE,Rappe double avec fente,---,---,Unité,AB,,False,86
Annexe 2 — Materiel Bio-Medical,Liste Complementaire,07,CONSOMMABLES UTILISES EN ODONTO-STOMATOLOGIE,07.13,AUTRES MATERIELS UTILISES EN STOMATOLOGIE,Rappe incurvée double fine,---,---,Unité,AB,,False,86
Annexe 2 — Materiel Bio-Medical,Liste Complementaire,07,CONSOMMABLES UTILISES EN ODONTO-STOMATOLOGIE,07.13,AUTRES MATERIELS UTILISES EN STOMATOLOGIE,Rappe incurvée double grosse,---,---,Unité,AB,,False,86
Annexe 2 — Materiel Bio-Medical,Liste Complementaire,07,CONSOMMABLES UTILISES EN ODONTO-STOMATOLOGIE,07.13,AUTRES MATERIELS UTILISES EN STOMATOLOGIE,Rappe nasale de joseph,---,---,Unité,AB,,False,86
Annexe 2 — Materiel Bio-Medical,Liste Complementaire,07,CONSOMMABLES UTILISES EN ODONTO-STOMATOLOGIE,07.13,AUTRES MATERIELS UTILISES EN STOMATOLOGIE,Rappe nasale de Wiener tranchant à traction,---,---,Unité,AB,,False,86
Annexe 2 — Materiel Bio-Medical,Liste Complementaire,07,CONSOMMABLES UTILISES EN ODONTO-STOMATOLOGIE,07.13,AUTRES MATERIELS UTILISES EN STOMATOLOGIE,Rétracteur de sinus,---,---,Unité,AB,,False,86
Annexe 2 — Materiel Bio-Medical,Liste Complementaire,07,CONSOMMABLES UTILISES EN ODONTO-STOMATOLOGIE,07.13,AUTRES MATERIELS UTILISES EN STOMATOLOGIE,Rétracteur Obwegeser,---,---,Unité,AB,,False,86
Annexe 2 — Materiel Bio-Medical,Liste Complementaire,07,CONSOMMABLES UTILISES EN ODONTO-STOMATOLOGIE,07.13,AUTRES MATERIELS UTILISES EN STOMATOLOGIE,Rugine à Baïonnette creuse,---,---,Unité,AB,,False,86
Annexe 2 — Materiel Bio-Medical,Liste Complementaire,07,CONSOMMABLES UTILISES EN ODONTO-STOMATOLOGIE,07.13,AUTRES MATERIELS UTILISES EN STOMATOLOGIE,Rugine a Baïonnette creuse,---,---,Unité,AB,,False,86
Annexe 2 — Materiel Bio-Medical,Liste Complementaire,07,CONSOMMABLES UTILISES EN ODONTO-STOMATOLOGIE,07.13,AUTRES MATERIELS UTILISES EN STOMATOLOGIE,Rugine de cote,---,---,Unité,AB,,False,86
Annexe 2 — Materiel Bio-Medical,Liste Complementaire,07,CONSOMMABLES UTILISES EN ODONTO-STOMATOLOGIE,07.13,AUTRES MATERIELS UTILISES EN STOMATOLOGIE,Rugine de différentes tailles,---,---,Unité,AB,,False,86
Annexe 2 — Materiel Bio-Medical,Liste Complementaire,07,CONSOMMABLES UTILISES EN ODONTO-STOMATOLOGIE,07.13,AUTRES MATERIELS UTILISES EN STOMATOLOGIE,Rugine de Lambotte 215 mm ; 20 mm,---,---,Unité,AB,,False,86
Annexe 2 — Materiel Bio-Medical,Liste Complementaire,07,CONSOMMABLES UTILISES EN ODONTO-STOMATOLOGIE,07.13,AUTRES MATERIELS UTILISES EN STOMATOLOGIE,Scie oscillante va et vient,---,---,Unité,AB,,False,87
Annexe 2 — Materiel Bio-Medical,Liste Complementaire,07,CONSOMMABLES UTILISES EN ODONTO-STOMATOLOGIE,07.13,AUTRES MATERIELS UTILISES EN STOMATOLOGIE,Syndesmotome coude droit et gauche,---,---,Unité,AB,,False,87
Annexe 2 — Materiel Bio-Medical,Liste Complementaire,07,CONSOMMABLES UTILISES EN ODONTO-STOMATOLOGIE,07.13,AUTRES MATERIELS UTILISES EN STOMATOLOGIE,Syndesmotome courbe (faucille),---,---,Unité,AB,,False,87
Annexe 2 — Materiel Bio-Medical,Liste Complementaire,07,CONSOMMABLES UTILISES EN ODONTO-STOMATOLOGIE,07.13,AUTRES MATERIELS UTILISES EN STOMATOLOGIE,Syndesmotome droit,---,---,Unité,AB,,False,87
Annexe 2 — Materiel Bio-Medical,Liste Complementaire,07,CONSOMMABLES UTILISES EN ODONTO-STOMATOLOGIE,07.13,AUTRES MATERIELS UTILISES EN STOMATOLOGIE,Thermo cutter,---,---,Unité,AB,,False,87
Annexe 2 — Materiel Bio-Medical,Liste Complementaire,07,CONSOMMABLES UTILISES EN ODONTO-STOMATOLOGIE,07.13,AUTRES MATERIELS UTILISES EN STOMATOLOGIE,Tournevis de Lomas,---,---,Unité,AB,,False,87
Annexe 2 — Materiel Bio-Medical,Liste Complementaire,08,CONSOMMABLES UTILISES EN PNEUMOLOGIE,,,Chambre d'inhalation,,---,Unité,ABC,,False,87
Annexe 2 — Materiel Bio-Medical,Liste Complementaire,08,CONSOMMABLES UTILISES EN PNEUMOLOGIE,,,Nébuliseur pneumatique,---,---,Unité,AB,,False,87
Annexe 2 — Materiel Bio-Medical,Liste Complementaire,08,CONSOMMABLES UTILISES EN PNEUMOLOGIE,,,Oxymètre de poul,---,---,Unité,AB,,False,87
Annexe 2 — Materiel Bio-Medical,Liste Complementaire,08,CONSOMMABLES UTILISES EN PNEUMOLOGIE,,,Pleuroscope,---,---,Unité,AB,,False,87
Annexe 2 — Materiel Bio-Medical,Liste Complementaire,08,CONSOMMABLES UTILISES EN PNEUMOLOGIE,,,Spiromètre miniaturisé,---,---,Unité,AB,,False,87
Annexe 2 — Materiel Bio-Medical,Liste Complementaire,09,FILS DE SUTURE,,,"Fil non résorbable, crin de Florence",---,---,Unité,AB,,False,87
Annexe 2 — Materiel Bio-Medical,Liste Complementaire,09,FILS DE SUTURE,,,"Fil non résorbable, polyamide, n°0, monofilament, noir, 30cm, aiguille triangulaire, courbe 3/8",---,---,Unité,AB,,False,87
Annexe 2 — Materiel Bio-Medical,Liste Complementaire,09,FILS DE SUTURE,,,"Fil non résorbable, pour cerclage col double",---,---,Unité,AB,,False,87
Annexe 2 — Materiel Bio-Medical,Liste Complementaire,09,FILS DE SUTURE,,,"Fil non résorbable, soie noire, n°0, tressé, serti",---,---,Unité,ABC,,False,87
Annexe 2 — Materiel Bio-Medical,Liste Complementaire,09,FILS DE SUTURE,,,"Fil non résorbable, soie noire, n°1, tressé, serti",---,---,Unité,ABC,,False,87
Annexe 2 — Materiel Bio-Medical,Liste Complementaire,09,FILS DE SUTURE,,,"Fil non résorbable, soie noire, n°2, tressé, serti",---,---,Unité,ABC,,False,87
Annexe 2 — Materiel Bio-Medical,Liste Complementaire,09,FILS DE SUTURE,,,"Fil non résorbable, soie noire, n°2/0, tressé, serti",---,---,Unité,ABC,,False,87
Annexe 2 — Materiel Bio-Medical,Liste Complementaire,09,FILS DE SUTURE,,,"Fil non résorbable, soie noire, n°3/0, monofilament, 75cm, aiguille 16mm, courbe 3/8, (pour traction)",---,---,Unité,AB,,False,87
Annexe 2 — Materiel Bio-Medical,Liste Complementaire,09,FILS DE SUTURE,,,"Fil non résorbable, soie noire, n°8/0, monofilament, 30cm, aiguille 6,6mm, courbe 3/8, (pour traction)",---,---,Unité,AB,,False,87
Annexe 2 — Materiel Bio-Medical,Liste Complementaire,09,FILS DE SUTURE,,,"Fil résorbable, polyglactine, n°0, tressé, longueur 45cm, aiguille 7,6mm, triangulaire, courbe 3/8",---,---,Unité,AB,,False,87
Annexe 2 — Materiel Bio-Medical,Liste Complementaire,10,DIVERS MATERIELS BIO-MEDICAUX,,,Abaisse langue métallique de Doyen,---,---,Unité,ABCD,,False,87
Annexe 2 — Materiel Bio-Medical,Liste Complementaire,10,DIVERS MATERIELS BIO-MEDICAUX,,,Aiguille PL 19G 70 mm 11/10,---,---,Unité,AB,,False,87
Annexe 2 — Materiel Bio-Medical,Liste Complementaire,10,DIVERS MATERIELS BIO-MEDICAUX,,,Aiguille PL 19G 90 mm 11/10,---,---,Unité,AB,,False,87
Annexe 2 — Materiel Bio-Medical,Liste Complementaire,10,DIVERS MATERIELS BIO-MEDICAUX,,,Aiguille PL 20G 70 mm 9/10,---,---,Unité,AB,,False,87
Annexe 2 — Materiel Bio-Medical,Liste Complementaire,10,DIVERS MATERIELS BIO-MEDICAUX,,,Aiguille PL 20G 86 mm 9/10,---,---,Unité,AB,,False,87
Annexe 2 — Materiel Bio-Medical,Liste Complementaire,10,DIVERS MATERIELS BIO-MEDICAUX,,,Aiguille PL 22G,---,---,Unité,AB,,False,87
Annexe 2 — Materiel Bio-Medical,Liste Complementaire,10,DIVERS MATERIELS BIO-MEDICAUX,,,Aiguille UU 18G trocart,---,---,Unité,AB,,False,87
Annexe 2 — Materiel Bio-Medical,Liste Complementaire,10,DIVERS MATERIELS BIO-MEDICAUX,,,Aiguille UU 20G IM 9/10 40 MM,---,---,Unité,AB,,False,87
Annexe 2 — Materiel Bio-Medical,Liste Complementaire,10,DIVERS MATERIELS BIO-MEDICAUX,,,Aiguille UU 20G IV,---,---,Unité,AB,,False,87
Annexe 2 — Materiel Bio-Medical,Liste Complementaire,10,DIVERS MATERIELS BIO-MEDICAUX,,,Aiguille UU 21G IM 8/10 40 MM,---,---,Unité,AB,,False,87
Annexe 2 — Materiel Bio-Medical,Liste Complementaire,10,DIVERS MATERIELS BIO-MEDICAUX,,,Aiguille UU 22G IM 7/10 30 MM,---,---,Unité,AB,,False,87
Annexe 2 — Materiel Bio-Medical,Liste Complementaire,10,DIVERS MATERIELS BIO-MEDICAUX,,,Aiguille UU 25G HD 5/10 16 MM,---,---,Unité,AB,,False,87
Annexe 2 — Materiel Bio-Medical,Liste Complementaire,10,DIVERS MATERIELS BIO-MEDICAUX,,,Bande plâtrée 15 cm (biplatrix),---,---,Unité,AB,,False,87
Annexe 2 — Materiel Bio-Medical,Liste Complementaire,10,DIVERS MATERIELS BIO-MEDICAUX,,,Bande plâtrée 20 cm (biplatrix),---,---,Unité,AB,,False,87
Annexe 2 — Materiel Bio-Medical,Liste Complementaire,10,DIVERS MATERIELS BIO-MEDICAUX,,,Bande plâtrée10 cm (biplatrix),---,---,Unité,AB,,False,87
Annexe 2 — Materiel Bio-Medical,Liste Complementaire,10,DIVERS MATERIELS BIO-MEDICAUX,,,Bande velpeau 10 cm E,---,---,Unité,ABCDE,,False,87
Annexe 2 — Materiel Bio-Medical,Liste Complementaire,10,DIVERS MATERIELS BIO-MEDICAUX,,,Bande velpeau 15 cm E,---,---,Unité,ABCDE,,False,87
Annexe 2 — Materiel Bio-Medical,Liste Complementaire,10,DIVERS MATERIELS BIO-MEDICAUX,,,Bande velpeau 5 cm E,---,---,Unité,ABCDE,,False,87
Annexe 2 — Materiel Bio-Medical,Liste Complementaire,10,DIVERS MATERIELS BIO-MEDICAUX,,,Boc laveur complet,---,---,Unité,AB,,False,87
Annexe 2 — Materiel Bio-Medical,Liste Complementaire,10,DIVERS MATERIELS BIO-MEDICAUX,,,Boc laveur simple,---,---,Unité,AB,,False,87
Annexe 2 — Materiel Bio-Medical,Liste Complementaire,10,DIVERS MATERIELS BIO-MEDICAUX,,,Bouillote,---,---,Unité,ABCD,,False,87
Annexe 2 — Materiel Bio-Medical,Liste Complementaire,10,DIVERS MATERIELS BIO-MEDICAUX,,,Broyeur de potter en inox,---,---,Unité,A,,False,87
Annexe 2 — Materiel Bio-Medical,Liste Complementaire,10,DIVERS MATERIELS BIO-MEDICAUX,,,Broyeur de potter en verre,---,---,Unité,A,,False,87
Annexe 2 — Materiel Bio-Medical,Liste Complementaire,10,DIVERS MATERIELS BIO-MEDICAUX,,,Canule de Bommelear grande courbe,---,---,Unité,AB,,False,87
Annexe 2 — Materiel Bio-Medical,Liste Complementaire,10,DIVERS MATERIELS BIO-MEDICAUX,,,Canule de Bommelear grande longue,---,---,Unité,AB,,False,87
Annexe 2 — Materiel Bio-Medical,Liste Complementaire,10,DIVERS MATERIELS BIO-MEDICAUX,,,Canule de Bommelear moyenne courbe,---,---,Unité,AB,,False,87
Annexe 2 — Materiel Bio-Medical,Liste Complementaire,10,DIVERS MATERIELS BIO-MEDICAUX,,,Canule de Bommelear moyenne longue,---,---,Unité,AB,,False,88
Annexe 2 — Materiel Bio-Medical,Liste Complementaire,10,DIVERS MATERIELS BIO-MEDICAUX,,,Canule de Bommelear petite courbe,---,---,Unité,AB,,False,88
Annexe 2 — Materiel Bio-Medical,Liste Complementaire,10,DIVERS MATERIELS BIO-MEDICAUX,,,Canule de Bommelear petite longue,---,---,Unité,AB,,False,88
Annexe 2 — Materiel Bio-Medical,Liste Complementaire,10,DIVERS MATERIELS BIO-MEDICAUX,,,Catheter biovalve 20G 32 mm,---,---,Unité,AB,,False,88
Annexe 2 — Materiel Bio-Medical,Liste Complementaire,10,DIVERS MATERIELS BIO-MEDICAUX,,,Ceinture de man translombaire 5 cm,---,---,Unité,AB,,False,88
Annexe 2 — Materiel Bio-Medical,Liste Complementaire,10,DIVERS MATERIELS BIO-MEDICAUX,,,Ceinture de man translombaire 2 cm,---,---,Unité,AB,,False,88
Annexe 2 — Materiel Bio-Medical,Liste Complementaire,10,DIVERS MATERIELS BIO-MEDICAUX,,,Ceinture de man translombaire 3 cm,---,---,Unité,AB,,False,88
Annexe 2 — Materiel Bio-Medical,Liste Complementaire,10,DIVERS MATERIELS BIO-MEDICAUX,,,Ceinture de man translombaire 4 cm,---,---,Unité,AB,,False,88
Annexe 2 — Materiel Bio-Medical,Liste Complementaire,10,DIVERS MATERIELS BIO-MEDICAUX,,,Ciseaux pointus courbes 14 cm,---,---,Unité,ABC,,False,88
Annexe 2 — Materiel Bio-Medical,Liste Complementaire,10,DIVERS MATERIELS BIO-MEDICAUX,,,Compte goutte à tétine,---,---,Unité,AB,,False,88
Annexe 2 — Materiel Bio-Medical,Liste Complementaire,10,DIVERS MATERIELS BIO-MEDICAUX,,,Crachoir inox,---,---,Unité,ABC,,False,88
Annexe 2 — Materiel Bio-Medical,Liste Complementaire,10,DIVERS MATERIELS BIO-MEDICAUX,,,"Dispositif épicranien 20G, 9/10",---,---,Unité,ABCD,,False,88
Annexe 2 — Materiel Bio-Medical,Liste Complementaire,10,DIVERS MATERIELS BIO-MEDICAUX,,,"Dispositif épicranien 21G, 8/10",---,---,Unité,ABCD,,False,88
Annexe 2 — Materiel Bio-Medical,Liste Complementaire,10,DIVERS MATERIELS BIO-MEDICAUX,,,"Dispositif épicranien 22G, 7/10",---,---,Unité,ABCD,,False,88
Annexe 2 — Materiel Bio-Medical,Liste Complementaire,10,DIVERS MATERIELS BIO-MEDICAUX,,,"Dispositif épicranien 23G, 6/10",---,---,Unité,ABCD,,False,88
Annexe 2 — Materiel Bio-Medical,Liste Complementaire,10,DIVERS MATERIELS BIO-MEDICAUX,,,Dispositif épicranien 24G (pour prélèvement),---,---,Unité,ABCD,,False,88
Annexe 2 — Materiel Bio-Medical,Liste Complementaire,10,DIVERS MATERIELS BIO-MEDICAUX,,,"Dispositif épicranien 25G, 5/10",---,---,Unité,ABCD,,False,88
Annexe 2 — Materiel Bio-Medical,Liste Complementaire,10,DIVERS MATERIELS BIO-MEDICAUX,,,Etui Penien GM,---,---,Unité,ABC,,False,88
Annexe 2 — Materiel Bio-Medical,Liste Complementaire,10,DIVERS MATERIELS BIO-MEDICAUX,,,Etui Penien MM,---,---,Unité,ABC,,False,88
Annexe 2 — Materiel Bio-Medical,Liste Complementaire,10,DIVERS MATERIELS BIO-MEDICAUX,,,Etui Penien PM,---,---,Unité,ABC,,False,88
Annexe 2 — Materiel Bio-Medical,Liste Complementaire,10,DIVERS MATERIELS BIO-MEDICAUX,,,Gant chirurgical stérile 6 sans latex (1 paire) hypoallergénique,---,---,Unité,ABCD,,False,88
Annexe 2 — Materiel Bio-Medical,Liste Complementaire,10,DIVERS MATERIELS BIO-MEDICAUX,,,Gant chirurgical stérile 8 sans latex (1 paire) hypoallergénique,---,---,Unité,ABCD,,False,88
Annexe 2 — Materiel Bio-Medical,Liste Complementaire,10,DIVERS MATERIELS BIO-MEDICAUX,,,Gant chirurgical stérile 6 latex (1 paire) hypoallergénique,---,---,Unité,ABCD,,False,88
Annexe 2 — Materiel Bio-Medical,Liste Complementaire,10,DIVERS MATERIELS BIO-MEDICAUX,,,Gant chirurgical stérile 8 latex (1 paire) hypoallergénique,---,---,Unité,ABCD,,False,88
Annexe 2 — Materiel Bio-Medical,Liste Complementaire,10,DIVERS MATERIELS BIO-MEDICAUX,,,Gant réfrigérant,---,---,Unité,A,,False,88
Annexe 2 — Materiel Bio-Medical,Liste Complementaire,10,DIVERS MATERIELS BIO-MEDICAUX,,,Garrot pneumatique ELECTRIQUE,---,---,Unité,AB,,False,88
Annexe 2 — Materiel Bio-Medical,Liste Complementaire,10,DIVERS MATERIELS BIO-MEDICAUX,,,Garrot pneumatique mecanique,---,---,Unité,AB,,False,88
Annexe 2 — Materiel Bio-Medical,Liste Complementaire,10,DIVERS MATERIELS BIO-MEDICAUX,,,Grille de Lysholm 18/24,---,---,Unité,AB,,False,88
Annexe 2 — Materiel Bio-Medical,Liste Complementaire,10,DIVERS MATERIELS BIO-MEDICAUX,,,Grille de Lysholm 24/30,---,---,Unité,AB,,False,88
Annexe 2 — Materiel Bio-Medical,Liste Complementaire,10,DIVERS MATERIELS BIO-MEDICAUX,,,Grille de Lysholm 30/40,---,---,Unité,AB,,False,88
Annexe 2 — Materiel Bio-Medical,Liste Complementaire,10,DIVERS MATERIELS BIO-MEDICAUX,,,Grille de Lysholm 35/35,---,---,Unité,AB,,False,88
Annexe 2 — Materiel Bio-Medical,Liste Complementaire,10,DIVERS MATERIELS BIO-MEDICAUX,,,Grille de Lysholm 35/43,---,---,Unité,AB,,False,88
Annexe 2 — Materiel Bio-Medical,Liste Complementaire,10,DIVERS MATERIELS BIO-MEDICAUX,,,Manche pour anse (acier inox),---,---,Unité,AB,,False,88
Annexe 2 — Materiel Bio-Medical,Liste Complementaire,10,DIVERS MATERIELS BIO-MEDICAUX,,,Médigut (cathéter + mandrin),---,---,Unité,AB,,False,88
Annexe 2 — Materiel Bio-Medical,Liste Complementaire,10,DIVERS MATERIELS BIO-MEDICAUX,,,Moustiquaire imprégnée circulaire adulte,---,---,Unité,ABCDE,,False,88
Annexe 2 — Materiel Bio-Medical,Liste Complementaire,10,DIVERS MATERIELS BIO-MEDICAUX,,,Plateau complet pour exsanguino-transfusion,---,---,Unité,AB,,False,88
Annexe 2 — Materiel Bio-Medical,Liste Complementaire,10,DIVERS MATERIELS BIO-MEDICAUX,,,Plateau rectangulaire inox 15/20,---,---,Unité,ABCD,,False,88
Annexe 2 — Materiel Bio-Medical,Liste Complementaire,10,DIVERS MATERIELS BIO-MEDICAUX,,,Poche à urines stérile,---,---,Unité,ABC,,False,88
Annexe 2 — Materiel Bio-Medical,Liste Complementaire,10,DIVERS MATERIELS BIO-MEDICAUX,,,Ruban métrique 150 cm,---,---,Unité,ABCDE,,False,88
Annexe 2 — Materiel Bio-Medical,Liste Complementaire,10,DIVERS MATERIELS BIO-MEDICAUX,,,Seau hygiénique inox,---,---,Unité,ABCD,,False,88
Annexe 2 — Materiel Bio-Medical,Liste Complementaire,10,DIVERS MATERIELS BIO-MEDICAUX,,,Seau hygiénique plastique,---,---,Unité,ABCD,,False,88
Annexe 2 — Materiel Bio-Medical,Liste Complementaire,10,DIVERS MATERIELS BIO-MEDICAUX,,,Seringue avec injecteur automatique,---,---,Unité,AB,,False,88
Annexe 2 — Materiel Bio-Medical,Liste Complementaire,10,DIVERS MATERIELS BIO-MEDICAUX,,,Seringue électrique,---,---,Unité,AB,,False,88
Annexe 2 — Materiel Bio-Medical,Liste Complementaire,10,DIVERS MATERIELS BIO-MEDICAUX,,,"Sonde d’intubation armé 2,5 mm",---,---,Unité,AB,,False,88
Annexe 2 — Materiel Bio-Medical,Liste Complementaire,10,DIVERS MATERIELS BIO-MEDICAUX,,,Sonde d’intubation armé 3 mm,---,---,Unité,AB,,False,88
Annexe 2 — Materiel Bio-Medical,Liste Complementaire,10,DIVERS MATERIELS BIO-MEDICAUX,,,"Sonde d’intubation armé 3,5 mm",---,---,Unité,AB,,False,88
Annexe 2 — Materiel Bio-Medical,Liste Complementaire,10,DIVERS MATERIELS BIO-MEDICAUX,,,Sonde d’intubation armé 4 mm,---,---,Unité,AB,,False,88
Annexe 2 — Materiel Bio-Medical,Liste Complementaire,10,DIVERS MATERIELS BIO-MEDICAUX,,,"Sonde d’intubation armé 4,5 mm",---,---,Unité,AB,,False,88
Annexe 2 — Materiel Bio-Medical,Liste Complementaire,10,DIVERS MATERIELS BIO-MEDICAUX,,,Sonde d’intubation armé 5 mm,---,---,Unité,AB,,False,88
Annexe 2 — Materiel Bio-Medical,Liste Complementaire,10,DIVERS MATERIELS BIO-MEDICAUX,,,"Sonde d’intubation armé 5,5 mm",---,---,Unité,AB,,False,88
Annexe 2 — Materiel Bio-Medical,Liste Complementaire,10,DIVERS MATERIELS BIO-MEDICAUX,,,Sonde d’intubation armé 6 mm,---,---,Unité,AB,,False,88
Annexe 2 — Materiel Bio-Medical,Liste Complementaire,10,DIVERS MATERIELS BIO-MEDICAUX,,,"Sonde d’intubation armé 6,5 mm",---,---,Unité,AB,,False,88
Annexe 2 — Materiel Bio-Medical,Liste Complementaire,10,DIVERS MATERIELS BIO-MEDICAUX,,,Sonde d’intubation armé 7 mm,---,---,Unité,AB,,False,88
Annexe 2 — Materiel Bio-Medical,Liste Complementaire,10,DIVERS MATERIELS BIO-MEDICAUX,,,"Sonde d’intubation armé 7,5 mm",---,---,Unité,AB,,False,88
Annexe 2 — Materiel Bio-Medical,Liste Complementaire,10,DIVERS MATERIELS BIO-MEDICAUX,,,Sonde d’intubation armé 8 mm,---,---,Unité,AB,,False,89
Annexe 2 — Materiel Bio-Medical,Liste Complementaire,10,DIVERS MATERIELS BIO-MEDICAUX,,,Sonde de foley enfant CH 10,---,---,Unité,ABC,,False,89
Annexe 2 — Materiel Bio-Medical,Liste Complementaire,10,DIVERS MATERIELS BIO-MEDICAUX,,,Sonde de foley enfant CH 6,---,---,Unité,ABC,,False,89
Annexe 2 — Materiel Bio-Medical,Liste Complementaire,10,DIVERS MATERIELS BIO-MEDICAUX,,,Sonde de foley enfant CH 8,---,---,Unité,ABC,,False,89
Annexe 2 — Materiel Bio-Medical,Liste Complementaire,10,DIVERS MATERIELS BIO-MEDICAUX,,,Sonde de foley femme CH 12 ou sonde vésicale,---,---,Unité,ABC,,False,89
Annexe 2 — Materiel Bio-Medical,Liste Complementaire,10,DIVERS MATERIELS BIO-MEDICAUX,,,Sonde de foley femme CH 14,---,---,Unité,ABC,,False,89
Annexe 2 — Materiel Bio-Medical,Liste Complementaire,10,DIVERS MATERIELS BIO-MEDICAUX,,,Sonde de foley femme CH 16,---,---,Unité,ABC,,False,89
Annexe 2 — Materiel Bio-Medical,Liste Complementaire,10,DIVERS MATERIELS BIO-MEDICAUX,,,Sonde de foley femme CH 18,---,---,Unité,ABC,,False,89
Annexe 2 — Materiel Bio-Medical,Liste Complementaire,10,DIVERS MATERIELS BIO-MEDICAUX,,,Sonde de foley femme CH 20,---,---,Unité,ABC,,False,89
Annexe 2 — Materiel Bio-Medical,Liste Complementaire,10,DIVERS MATERIELS BIO-MEDICAUX,,,Sonde de foley femme CH 22,---,---,Unité,ABC,,False,89
Annexe 2 — Materiel Bio-Medical,Liste Complementaire,10,DIVERS MATERIELS BIO-MEDICAUX,,,Sonde de foley femme CH 24,---,---,Unité,ABC,,False,89
Annexe 2 — Materiel Bio-Medical,Liste Complementaire,10,DIVERS MATERIELS BIO-MEDICAUX,,,Sonde de foley homme CH 12 ou sonde vésicale,---,---,Unité,ABC,,False,89
Annexe 2 — Materiel Bio-Medical,Liste Complementaire,10,DIVERS MATERIELS BIO-MEDICAUX,,,Sonde de foley homme CH 14,---,---,Unité,ABC,,False,89
Annexe 2 — Materiel Bio-Medical,Liste Complementaire,10,DIVERS MATERIELS BIO-MEDICAUX,,,Sonde de foley homme CH 16,---,---,Unité,ABC,,False,89
Annexe 2 — Materiel Bio-Medical,Liste Complementaire,10,DIVERS MATERIELS BIO-MEDICAUX,,,Sonde de foley homme CH 18,---,---,Unité,ABC,,False,89
Annexe 2 — Materiel Bio-Medical,Liste Complementaire,10,DIVERS MATERIELS BIO-MEDICAUX,,,Sonde de foley homme CH 18 double courant,---,---,Unité,ABC,,False,89
Annexe 2 — Materiel Bio-Medical,Liste Complementaire,10,DIVERS MATERIELS BIO-MEDICAUX,,,Sonde de foley homme CH 20,---,---,Unité,ABC,,False,89
Annexe 2 — Materiel Bio-Medical,Liste Complementaire,10,DIVERS MATERIELS BIO-MEDICAUX,,,Sonde de foley homme CH 20 double courant,---,---,Unité,ABC,,False,89
Annexe 2 — Materiel Bio-Medical,Liste Complementaire,10,DIVERS MATERIELS BIO-MEDICAUX,,,Sonde de foley homme CH 22,---,---,Unité,ABC,,False,89
Annexe 2 — Materiel Bio-Medical,Liste Complementaire,10,DIVERS MATERIELS BIO-MEDICAUX,,,Sonde de foley homme CH 22 double courant,---,---,Unité,ABC,,False,89
Annexe 2 — Materiel Bio-Medical,Liste Complementaire,10,DIVERS MATERIELS BIO-MEDICAUX,,,Sonde de foley homme CH 24,---,---,Unité,ABC,,False,89
Annexe 2 — Materiel Bio-Medical,Liste Complementaire,10,DIVERS MATERIELS BIO-MEDICAUX,,,Sonde de foley homme CH 24 double courant,---,---,Unité,ABC,,False,89
Annexe 2 — Materiel Bio-Medical,Liste Complementaire,10,DIVERS MATERIELS BIO-MEDICAUX,,,Sonde de foley homme CH 24 triple courant bout conique rose,---,---,Unité,ABC,,False,89
Annexe 2 — Materiel Bio-Medical,Liste Complementaire,10,DIVERS MATERIELS BIO-MEDICAUX,,,Sonde nasogastrique CH 6 à bout reformable,---,---,Unité,AB,,False,89
Annexe 2 — Materiel Bio-Medical,Liste Complementaire,10,DIVERS MATERIELS BIO-MEDICAUX,,,Sonde nasogastrique CH 8 à bout reformable,---,---,Unité,AB,,False,89
Annexe 2 — Materiel Bio-Medical,Liste Complementaire,10,DIVERS MATERIELS BIO-MEDICAUX,,,Sonde nasogastrique CH 10 à bout reformable,---,---,Unité,AB,,False,89
Annexe 2 — Materiel Bio-Medical,Liste Complementaire,10,DIVERS MATERIELS BIO-MEDICAUX,,,Sonde nasogastrique CH 12 à bout reformable,---,---,Unité,AB,,False,89
Annexe 2 — Materiel Bio-Medical,Liste Complementaire,10,DIVERS MATERIELS BIO-MEDICAUX,,,Sonde nasogastrique CH 14 à bout reformable,---,---,Unité,AB,,False,89
Annexe 2 — Materiel Bio-Medical,Liste Complementaire,10,DIVERS MATERIELS BIO-MEDICAUX,,,Sonde nasogastrique CH 16 à bout reformable,---,---,Unité,AB,,False,89
Annexe 2 — Materiel Bio-Medical,Liste Complementaire,10,DIVERS MATERIELS BIO-MEDICAUX,,,Sonde nasogastrique CH 18 à bout reformable,---,---,Unité,AB,,False,89
Annexe 2 — Materiel Bio-Medical,Liste Complementaire,10,DIVERS MATERIELS BIO-MEDICAUX,,,Sonde nasogastrique CH 20 à bout reformable,---,---,Unité,AB,,False,89
Annexe 2 — Materiel Bio-Medical,Liste Complementaire,10,DIVERS MATERIELS BIO-MEDICAUX,,,"Sonde préformée 7,5 mm",---,---,Unité,AB,,False,89
Annexe 2 — Materiel Bio-Medical,Liste Complementaire,10,DIVERS MATERIELS BIO-MEDICAUX,,,Sonde préformée 8 mm,---,---,Unité,AB,,False,89
Annexe 2 — Materiel Bio-Medical,Liste Complementaire,10,DIVERS MATERIELS BIO-MEDICAUX,,,"Sonde préformée 2,5 mm",---,---,Unité,AB,,False,89
Annexe 2 — Materiel Bio-Medical,Liste Complementaire,10,DIVERS MATERIELS BIO-MEDICAUX,,,Sonde préformée 3 mm,---,---,Unité,AB,,False,89
Annexe 2 — Materiel Bio-Medical,Liste Complementaire,10,DIVERS MATERIELS BIO-MEDICAUX,,,Sonde rectale CH 10,---,---,Unité,AB,,False,89
Annexe 2 — Materiel Bio-Medical,Liste Complementaire,10,DIVERS MATERIELS BIO-MEDICAUX,,,Sonde rectale CH 12,---,---,Unité,AB,,False,89
Annexe 2 — Materiel Bio-Medical,Liste Complementaire,10,DIVERS MATERIELS BIO-MEDICAUX,,,Sonde rectale CH 14,---,---,Unité,AB,,False,89
Annexe 2 — Materiel Bio-Medical,Liste Complementaire,10,DIVERS MATERIELS BIO-MEDICAUX,,,Sonde rectale CH 16,---,---,Unité,AB,,False,89
Annexe 2 — Materiel Bio-Medical,Liste Complementaire,10,DIVERS MATERIELS BIO-MEDICAUX,,,Sonde rectale CH 18,---,---,Unité,AB,,False,89
Annexe 2 — Materiel Bio-Medical,Liste Complementaire,10,DIVERS MATERIELS BIO-MEDICAUX,,,Sonde rectale CH 20,---,---,Unité,AB,,False,89
Annexe 2 — Materiel Bio-Medical,Liste Complementaire,10,DIVERS MATERIELS BIO-MEDICAUX,,,Sonde rectale CH 22,---,---,Unité,AB,,False,89
Annexe 2 — Materiel Bio-Medical,Liste Complementaire,10,DIVERS MATERIELS BIO-MEDICAUX,,,Sonde rectale CH 24,---,---,Unité,AB,,False,89
Annexe 2 — Materiel Bio-Medical,Liste Complementaire,10,DIVERS MATERIELS BIO-MEDICAUX,,,Sonde rectale CH 30,---,---,Unité,AB,,False,89
Annexe 2 — Materiel Bio-Medical,Liste Complementaire,10,DIVERS MATERIELS BIO-MEDICAUX,,,Sonde rectale CH 6,---,---,Unité,AB,,False,89
Annexe 2 — Materiel Bio-Medical,Liste Complementaire,10,DIVERS MATERIELS BIO-MEDICAUX,,,Sonde rectale CH 8,---,---,Unité,AB,,False,89
Annexe 2 — Materiel Bio-Medical,Liste Complementaire,10,DIVERS MATERIELS BIO-MEDICAUX,,,"Sonde trachéale d'intubation avec ballonet 2,5 mm à basse pression",---,---,Unité,AB,,False,89
Annexe 2 — Materiel Bio-Medical,Liste Complementaire,10,DIVERS MATERIELS BIO-MEDICAUX,,,"Sonde trachéale d'intubation avec ballonet 3,5 mm à basse pression",---,---,Unité,AB,,False,89
Annexe 2 — Materiel Bio-Medical,Liste Complementaire,10,DIVERS MATERIELS BIO-MEDICAUX,,,Sonde trachéale d'intubation avec ballonet 3 mm à basse pression,---,---,Unité,AB,,False,89
Annexe 2 — Materiel Bio-Medical,Liste Complementaire,10,DIVERS MATERIELS BIO-MEDICAUX,,,"Sonde trachéale d'intubation avec ballonet 4,5 mm à basse pression",---,---,Unité,AB,,False,89
Annexe 2 — Materiel Bio-Medical,Liste Complementaire,10,DIVERS MATERIELS BIO-MEDICAUX,,,Sonde trachéale d'intubation avec ballonet 4 mm à basse pression,---,---,Unité,AB,,False,89
Annexe 2 — Materiel Bio-Medical,Liste Complementaire,10,DIVERS MATERIELS BIO-MEDICAUX,,,"Sonde trachéale d'intubation avec ballonet 5,5 mm à basse pression",---,---,Unité,AB,,False,89
Annexe 2 — Materiel Bio-Medical,Liste Complementaire,10,DIVERS MATERIELS BIO-MEDICAUX,,,Sonde trachéale d'intubation avec ballonet 5 mm à basse pression,---,---,Unité,AB,,False,89
Annexe 2 — Materiel Bio-Medical,Liste Complementaire,10,DIVERS MATERIELS BIO-MEDICAUX,,,"Sonde trachéale d'intubation avec ballonet 6,5 mm à basse pression",---,---,Unité,AB,,False,89
Annexe 2 — Materiel Bio-Medical,Liste Complementaire,10,DIVERS MATERIELS BIO-MEDICAUX,,,Sonde trachéale d'intubation avec ballonet 6 mm à basse pression,---,---,Unité,AB,,False,90
Annexe 2 — Materiel Bio-Medical,Liste Complementaire,10,DIVERS MATERIELS BIO-MEDICAUX,,,"Sonde trachéale d'intubation avec ballonet 7,5 mm à basse pression",---,---,Unité,AB,,False,90
Annexe 2 — Materiel Bio-Medical,Liste Complementaire,10,DIVERS MATERIELS BIO-MEDICAUX,,,Sonde trachéale d'intubation avec ballonet 7 mm à basse pression,---,---,Unité,AB,,False,90
Annexe 2 — Materiel Bio-Medical,Liste Complementaire,10,DIVERS MATERIELS BIO-MEDICAUX,,,Sonde trachéale d'intubation avec ballonet 8 mm à basse pression,---,---,Unité,AB,,False,90
Annexe 2 — Materiel Bio-Medical,Liste Complementaire,10,DIVERS MATERIELS BIO-MEDICAUX,,,Sonde urinaire de DUFOUR à 03 voies siliconée (CH 12),---,---,Unité,ABC,,False,90
Annexe 2 — Materiel Bio-Medical,Liste Complementaire,10,DIVERS MATERIELS BIO-MEDICAUX,,,Sonde urinaire de DUFOUR à 03 voies siliconée (CH 14),---,---,Unité,ABC,,False,90
Annexe 2 — Materiel Bio-Medical,Liste Complementaire,10,DIVERS MATERIELS BIO-MEDICAUX,,,Sonde urinaire de DUFOUR à 03 voies siliconée (CH 16),---,---,Unité,ABC,,False,90
Annexe 2 — Materiel Bio-Medical,Liste Complementaire,10,DIVERS MATERIELS BIO-MEDICAUX,,,Sonde urinaire de NELATON,---,---,Unité,AB,,False,90
Annexe 2 — Materiel Bio-Medical,Liste Complementaire,10,DIVERS MATERIELS BIO-MEDICAUX,,,Stéthoscope,---,---,Unité,ABCD,,False,90
Annexe 2 — Materiel Bio-Medical,Liste Complementaire,10,DIVERS MATERIELS BIO-MEDICAUX,,,Tensiomètre complet enfant (+sthétoscope),---,---,Unité,ABCD,,False,90
Annexe 2 — Materiel Bio-Medical,Liste Complementaire,10,DIVERS MATERIELS BIO-MEDICAUX,,,Tensiomètre complet nouveau né (+stétoscope),---,---,Unité,ABCD,,False,90
Annexe 2 — Materiel Bio-Medical,Liste Complementaire,10,DIVERS MATERIELS BIO-MEDICAUX,,,Tensiomètre complet Gd enfant (+sthétoscope),---,---,Unité,ABCD,,False,90
Annexe 2 — Materiel Bio-Medical,Liste Complementaire,10,DIVERS MATERIELS BIO-MEDICAUX,,,Tensiomètre à brassard pour obèses,---,---,Unité,ABCD,,False,90
Annexe 2 — Materiel Bio-Medical,Liste Complementaire,10,DIVERS MATERIELS BIO-MEDICAUX,,,Urinal femme,---,---,Unité,ABCD,,False,90
Annexe 2 — Materiel Bio-Medical,Liste Complementaire,10,DIVERS MATERIELS BIO-MEDICAUX,,,Urinal homme,---,---,Unité,ABCD,,False,90
Annexe 2 — Materiel Bio-Medical,Liste Complementaire,10,DIVERS MATERIELS BIO-MEDICAUX,,,Urinocol fille,---,---,Unité,AB,,False,90
Annexe 2 — Materiel Bio-Medical,Liste Complementaire,10,DIVERS MATERIELS BIO-MEDICAUX,,,Urinocol garcon,---,---,Unité,AB,,False,90
Annexe 2 — Materiel Bio-Medical,Liste Complementaire,10,DIVERS MATERIELS BIO-MEDICAUX,,,Urinocol mixte,---,---,Unité,AB,,False,90
Annexe 2 — Materiel Bio-Medical,Liste Complementaire,10,DIVERS MATERIELS BIO-MEDICAUX,,,Vessie à glace 18cm,---,---,Unité,ABCD,,False,90
Annexe 2 — Materiel Bio-Medical,Liste Complementaire,11,CONSOMMABLES UTILISES EN ENDOSCOPIE DIGESTIVE,,,Anuscope adulte à UU,---,---,Unité,AB,,False,90
Annexe 2 — Materiel Bio-Medical,Liste Complementaire,11,CONSOMMABLES UTILISES EN ENDOSCOPIE DIGESTIVE,,,Kit de gastrostomie percutané endoscopique adulte,---,---,Unité,A,,False,90
Annexe 2 — Materiel Bio-Medical,Liste Complementaire,11,CONSOMMABLES UTILISES EN ENDOSCOPIE DIGESTIVE,,,Kit de gastrostomie percutané endoscopique enfant,---,---,Unité,A,,False,90
Annexe 2 — Materiel Bio-Medical,Liste Complementaire,11,CONSOMMABLES UTILISES EN ENDOSCOPIE DIGESTIVE,,,Ligateur de varice oesophagienne à UU,---,---,Unité,A,,False,90
Annexe 2 — Materiel Bio-Medical,Liste Complementaire,11,CONSOMMABLES UTILISES EN ENDOSCOPIE DIGESTIVE,,,Ligateur d'hémorroide à UU,---,---,Unité,AB,,False,90
Annexe 2 — Materiel Bio-Medical,Liste Complementaire,11,CONSOMMABLES UTILISES EN ENDOSCOPIE DIGESTIVE,,,Rectoscope adulte à UU,---,---,Unité,AB,,False,90
Annexe 2 — Materiel Bio-Medical,Liste Complementaire,11,CONSOMMABLES UTILISES EN ENDOSCOPIE DIGESTIVE,,,Rectoscope enfant à UU,---,---,Unité,AB,,False,90
Annexe 2 — Materiel Bio-Medical,Liste Complementaire,12,CONSOMMABLES UTILISES EN NEPHROLOGIE,,,Aiguille à ponction biopsie rénale 18/19 mm,---,---,Unité,A,,False,90
Annexe 2 — Materiel Bio-Medical,Liste Complementaire,12,CONSOMMABLES UTILISES EN NEPHROLOGIE,,,Catheter salmon peritoneal,---,---,Unité,A,,False,90
Annexe 2 — Materiel Bio-Medical,Liste Complementaire,13,CONSOMMABLES UTILISES EN ORL ET CHIRURGIE CERVICO-FACIALE,,,Abaisse langue métallique adulte coudé,---,---,Unité,AB,,False,90
Annexe 2 — Materiel Bio-Medical,Liste Complementaire,13,CONSOMMABLES UTILISES EN ORL ET CHIRURGIE CERVICO-FACIALE,,,Canule de trachéotomie shiley 4; 5; 6; 7,---,---,Unité,AB,,False,90
Annexe 2 — Materiel Bio-Medical,Liste Complementaire,13,CONSOMMABLES UTILISES EN ORL ET CHIRURGIE CERVICO-FACIALE,,,Drain d'Albertini avec mandrin CH 8,---,---,Unité,AB,,False,90
Annexe 2 — Materiel Bio-Medical,Liste Complementaire,13,CONSOMMABLES UTILISES EN ORL ET CHIRURGIE CERVICO-FACIALE,,,Lame de bistouri N 11; N 15; N 23,---,---,Unité,AB,,False,90
Annexe 2 — Materiel Bio-Medical,Liste Complementaire,13,CONSOMMABLES UTILISES EN ORL ET CHIRURGIE CERVICO-FACIALE,,,Miroir de Clar (lumière led),---,---,Unité,ABC,,False,90
Annexe 2 — Materiel Bio-Medical,Liste Complementaire,13,CONSOMMABLES UTILISES EN ORL ET CHIRURGIE CERVICO-FACIALE,,,Micro pince otologique bout croco,---,---,Unité,AB,,False,90
Annexe 2 — Materiel Bio-Medical,Liste Complementaire,13,CONSOMMABLES UTILISES EN ORL ET CHIRURGIE CERVICO-FACIALE,,,Miroir laryngée n°5,---,---,Unité,AB,,False,90
Annexe 2 — Materiel Bio-Medical,Liste Complementaire,13,CONSOMMABLES UTILISES EN ORL ET CHIRURGIE CERVICO-FACIALE,,,Miroir laryngée n°6,---,---,Unité,AB,,False,90
Annexe 2 — Materiel Bio-Medical,Liste Complementaire,13,CONSOMMABLES UTILISES EN ORL ET CHIRURGIE CERVICO-FACIALE,,,Miroir laryngée n°7,---,---,Unité,AB,,False,90
Annexe 2 — Materiel Bio-Medical,Liste Complementaire,13,CONSOMMABLES UTILISES EN ORL ET CHIRURGIE CERVICO-FACIALE,,,Nébuliseur ultrasonique type pneumologie ORL,---,---,Unité,AB,,False,90
Annexe 2 — Materiel Bio-Medical,Liste Complementaire,13,CONSOMMABLES UTILISES EN ORL ET CHIRURGIE CERVICO-FACIALE,,,Pansements vaselines,---,---,Unité,AB,,False,90
Annexe 2 — Materiel Bio-Medical,Liste Complementaire,13,CONSOMMABLES UTILISES EN ORL ET CHIRURGIE CERVICO-FACIALE,,,Porte coton,---,---,Unité,AB,,False,90
Annexe 2 — Materiel Bio-Medical,Liste Complementaire,13,CONSOMMABLES UTILISES EN ORL ET CHIRURGIE CERVICO-FACIALE,,,Spéculum auriculaire métallique inox,---,---,Unité,AB,,False,90
Annexe 2 — Materiel Bio-Medical,Liste Complementaire,13,CONSOMMABLES UTILISES EN ORL ET CHIRURGIE CERVICO-FACIALE,,,Spéculum nasal métallique inox,---,---,Unité,AB,,False,90
Annexe 2 — Materiel Bio-Medical,Liste Complementaire,13,CONSOMMABLES UTILISES EN ORL ET CHIRURGIE CERVICO-FACIALE,,,Trocard d'albertini,---,---,Unité,AB,,False,90
Annexe 3 — Liste Pediatrique,Liste Principale,01,ANALGÉSIQUES,,,Acide acétylsalicylique,100 mg,Orale,Comprimé,ABCDE,,False,91
Annexe 3 — Liste Pediatrique,Liste Principale,01,ANALGÉSIQUES,,,Paracétamol,125 mg/5 ml,Orale,Sirop,ABCDE,,False,91
Annexe 3 — Liste Pediatrique,Liste Principale,01,ANALGÉSIQUES,,,Paracétamol,150 mg,Rectale,Suppositoire,ABCDE,,False,91
Annexe 3 — Liste Pediatrique,Liste Principale,01,ANALGÉSIQUES,,,Paracétamol,500 mg/100 ml,Parentérale,Solution injectable,ABCD,,False,91
Annexe 3 — Liste Pediatrique,Liste Principale,01,ANALGÉSIQUES,,,Paracétamol,250 mg,Orale,Poudre en sachet,ABCDE,,False,91
Annexe 3 — Liste Pediatrique,Liste Principale,01,ANALGÉSIQUES,,,Paracétamol,80 mg,Orale,Poudre en sachet,ABCDE,,False,91
Annexe 3 — Liste Pediatrique,Liste Principale,01,ANALGÉSIQUES,,,Paracétamol,300 mg,Rectale,Suppositoire,ABCDE,,False,91
Annexe 3 — Liste Pediatrique,Liste Principale,01,ANALGÉSIQUES,,,Paracétamol,80 mg,Rectale,Suppositoire,ABCDE,,False,91
Annexe 3 — Liste Pediatrique,Liste Principale,01,ANALGÉSIQUES,,,Paracétamol,200 mg,Rectale,Suppositoire,ABCDE,,False,91
Annexe 3 — Liste Pediatrique,Liste Principale,02,ANTIALLERGIQUES,,,Desloratadine,"0,5 mg/ml",Orale,Sirop,ABCD,,False,91
Annexe 3 — Liste Pediatrique,Liste Principale,02,ANTIALLERGIQUES,,,Méquitazine,"0,5 mg/ml",Orale,Sirop,ABCD,,False,91
Annexe 3 — Liste Pediatrique,Liste Principale,02,ANTIALLERGIQUES,,,Prométhazine,1 mg/ml,Orale,Sirop,ABCD,,False,91
Annexe 3 — Liste Pediatrique,Liste Principale,03,ANTIINFECTIEUX,03.01,ANTIAMIBIENS,Métronidazole,125 mg/5 ml,Orale,Suspension buvable,ABCD,,False,91
Annexe 3 — Liste Pediatrique,Liste Principale,03,ANTIINFECTIEUX,03.02,ANTIBIOTIQUES,Céfadroxyl,250 mg/5 ml,Orale,Poudre pour suspension Buvable,ABCD,,False,91
Annexe 3 — Liste Pediatrique,Liste Principale,03,ANTIINFECTIEUX,03.02,ANTIBIOTIQUES,Céfalexine,250 mg/5 ml,Orale,Poudre pour suspension Buvable,ABCD,,False,91
Annexe 3 — Liste Pediatrique,Liste Principale,03,ANTIINFECTIEUX,03.02,ANTIBIOTIQUES,Céfixime,40 mg/5 ml,Orale,Poudre pour suspension Buvable,ABC,,False,91
Annexe 3 — Liste Pediatrique,Liste Principale,03,ANTIINFECTIEUX,03.02,ANTIBIOTIQUES,Céfixime,100 mg/5 ml,Orale,Poudre pour suspension Buvable,ABC,,False,91
Annexe 3 — Liste Pediatrique,Liste Principale,03,ANTIINFECTIEUX,03.02,ANTIBIOTIQUES,Azithromycine,200mg/5ml 15 ml,Orale,Poudre pour suspension Buvable,ABCD,,False,91
Annexe 3 — Liste Pediatrique,Liste Principale,03,ANTIINFECTIEUX,03.02,ANTIBIOTIQUES,Azithromycine,"200mg/5ml 22,5 ml",Orale,Poudre pour suspension Buvable,ABCD,,False,91
Annexe 3 — Liste Pediatrique,Liste Principale,03,ANTIINFECTIEUX,03.02,ANTIBIOTIQUES,Erythromycine,125 mg,Orale,Poudre en sachet,ABCD,,False,91
Annexe 3 — Liste Pediatrique,Liste Principale,03,ANTIINFECTIEUX,03.02,ANTIBIOTIQUES,Amoxicilline,125 mg/5 ml,Orale,Poudre pour suspension Buvable,ABCD,,False,91
Annexe 3 — Liste Pediatrique,Liste Principale,03,ANTIINFECTIEUX,03.02,ANTIBIOTIQUES,Amoxicilline,250 mg/5ml,Orale,Poudre pour suspension Buvable,ABCD,,False,91
Annexe 3 — Liste Pediatrique,Liste Principale,03,ANTIINFECTIEUX,03.02,ANTIBIOTIQUES,Amoxicilline,500 mg/5 ml,Orale,Poudre pour suspension Buvable,ABCD,,False,91
Annexe 3 — Liste Pediatrique,Liste Principale,03,ANTIINFECTIEUX,03.02,ANTIBIOTIQUES,Amoxicilline + Acide Clavulanique,"100 mg + 12,5 mg/ml",Orale,Poudre pour suspension Buvable,ABC,,False,91
Annexe 3 — Liste Pediatrique,Liste Principale,03,ANTIINFECTIEUX,03.02,ANTIBIOTIQUES,Amoxicilline + Acide Clavulanique,"250 mg + 31,25 mg/5ml",Orale,Poudre pour suspension Buvable,ABC,,False,91
Annexe 3 — Liste Pediatrique,Liste Principale,03,ANTIINFECTIEUX,03.02,ANTIBIOTIQUES,Benzathine benzylpénicilline,"1,2 MUI",Parentérale,Poudre pour préparation Injectable,ABCD,,False,91
Annexe 3 — Liste Pediatrique,Liste Principale,03,ANTIINFECTIEUX,03.02,ANTIBIOTIQUES,Flucloxacilline,250 mg,Orale,Poudre pour suspension Buvable,ABCD,,False,91
Annexe 3 — Liste Pediatrique,Liste Principale,03,ANTIINFECTIEUX,03.02,ANTIBIOTIQUES,Oxacilline,250 mg,Orale,Poudre pour suspension Buvable,ABCD,,False,91
Annexe 3 — Liste Pediatrique,Liste Principale,03,ANTIINFECTIEUX,03.02,ANTIBIOTIQUES,Sulfaméthoxazole + Triméthoprime,100 mg+20 mg,Orale,Comprimé,ABCD,,False,91
Annexe 3 — Liste Pediatrique,Liste Principale,03,ANTIINFECTIEUX,03.02,ANTIBIOTIQUES,Sulfaméthoxazole + Triméthoprime,200 mg+40 mg/5 ml,Orale,Comprimé,ABCD,,False,92
Annexe 3 — Liste Pediatrique,Liste Principale,03,ANTIINFECTIEUX,03.03,ANTHELMINTIQUES,Albendazole ou Mébendazole,400 mg/10 ml ou 100 mg/5 ml,Orale,Suspension buvable,ABCDE,,False,92
Annexe 3 — Liste Pediatrique,Liste Principale,03,ANTIINFECTIEUX,03.03,ANTHELMINTIQUES,Flubendazole,100 mg/5 ml,Orale,Suspension buvable,ABCDE,,False,92
Annexe 3 — Liste Pediatrique,Liste Principale,03,ANTIINFECTIEUX,03.04,ANTIFONGIQUES,Amphotéricine B,500 mg/5ml,Orale,Suspension buvable,ABC,,False,92
Annexe 3 — Liste Pediatrique,Liste Principale,03,ANTIINFECTIEUX,03.04,ANTIFONGIQUES,Fluconazole,50 mg/5ml,Orale,Poudre pour suspension Buvable,ABCD,,False,92
Annexe 3 — Liste Pediatrique,Liste Principale,03,ANTIINFECTIEUX,03.04,ANTIFONGIQUES,Ketoconazole,20 mg/ml,Orale,Suspension buvable,ABC,,False,92
Annexe 3 — Liste Pediatrique,Liste Principale,03,ANTIINFECTIEUX,03.04,ANTIFONGIQUES,Nystatine,100 000 UI/ml,Orale,Suspension buvable,ABCD,,False,92
Annexe 3 — Liste Pediatrique,Liste Principale,03,ANTIINFECTIEUX,03.05,ANTIPALUDIQUES,Amodiaquine + Artésunate,"(enft 0-11mois) 25 mg + 67,5 mg",Orale,Comprimé dispersible,ABCDE,,False,92
Annexe 3 — Liste Pediatrique,Liste Principale,03,ANTIINFECTIEUX,03.05,ANTIPALUDIQUES,Amodiaquine + Artésunate,(enft 1-5ans) 50 mg + 135 mg,Orale,Comprimé dispersible,ABCDE,,False,92
Annexe 3 — Liste Pediatrique,Liste Principale,03,ANTIINFECTIEUX,03.05,ANTIPALUDIQUES,Amodiaquine + Artésunate,(enft 6-14ans) 100 mg + 270 mg,Orale,Comprimé dispersible,ABCD,,False,92
Annexe 3 — Liste Pediatrique,Liste Principale,03,ANTIINFECTIEUX,03.05,ANTIPALUDIQUES,Artémether,20 mg/ml,Parentérale,Solution injectable,ABCD,,False,92
Annexe 3 — Liste Pediatrique,Liste Principale,03,ANTIINFECTIEUX,03.05,ANTIPALUDIQUES,Artémether + Luméfantrine,20 mg + 120 mg,Orale,Comprimé,ABCDE,,False,92
Annexe 3 — Liste Pediatrique,Liste Principale,03,ANTIINFECTIEUX,03.05,ANTIPALUDIQUES,Artémether + Luméfantrine,40 mg + 240 mg,Orale,Comprimé,ABCDE,,False,92
Annexe 3 — Liste Pediatrique,Liste Principale,03,ANTIINFECTIEUX,03.05,ANTIPALUDIQUES,Artésunate,100 mg,Rectale,Rectocaps/Capsule Rectale,ABCDE,,False,92
Annexe 3 — Liste Pediatrique,Liste Principale,03,ANTIINFECTIEUX,03.05,ANTIPALUDIQUES,Quinine résorcine,200 mg/2ml,Parentérale,Solution injectable,ABC,,False,92
Annexe 3 — Liste Pediatrique,Liste Principale,03,ANTIINFECTIEUX,03.06,ANTITUBERCULEUX,Bédaquiline,20 mg,Orale,Comprimé,AB,,False,92
Annexe 3 — Liste Pediatrique,Liste Principale,03,ANTIINFECTIEUX,03.06,ANTITUBERCULEUX,Clofazimine,50 mg,Orale,Gélule,AB,,False,92
Annexe 3 — Liste Pediatrique,Liste Principale,03,ANTIINFECTIEUX,03.06,ANTITUBERCULEUX,Délamanide,25 mg,Orale,Comprimé,AB,,False,92
Annexe 3 — Liste Pediatrique,Liste Principale,03,ANTIINFECTIEUX,03.06,ANTITUBERCULEUX,Ethionamide,125 mg,Orale,Comprimé,AB,,False,92
Annexe 3 — Liste Pediatrique,Liste Principale,03,ANTIINFECTIEUX,03.06,ANTITUBERCULEUX,Linézolide,150 mg,Orale,Comprimé,AB,,False,92
Annexe 3 — Liste Pediatrique,Liste Principale,03,ANTIINFECTIEUX,03.06,ANTITUBERCULEUX,Pyrazinamide,150 mg,Orale,Comprimé,AB,,False,92
Annexe 3 — Liste Pediatrique,Liste Principale,04,ANTIINFLAMMATOIRES,,,Ibuprofène,20 mg/ml,Orale,Suspension buvable,ABCD,,False,92
Annexe 3 — Liste Pediatrique,Liste Principale,05,ANTIRETROVIRAUX,05.01,COMBINAISONS FIXES,Abacavir + Lamivudine,120 mg + 60 mg,Orale,Comprimé Dispersible,ABCD,,False,92
Annexe 3 — Liste Pediatrique,Liste Principale,05,ANTIRETROVIRAUX,05.01,COMBINAISONS FIXES,Lamivudine + Ténofovir,300 mg + 300 mg,Orale,Comprimé Dispersible,ABCD,,False,92
Annexe 3 — Liste Pediatrique,Liste Principale,05,ANTIRETROVIRAUX,05.01,COMBINAISONS FIXES,Lamivudine + Zidovudine,30 mg + 60 mg,Orale,Comprimé Dispersible,ABCD,,False,92
Annexe 3 — Liste Pediatrique,Liste Principale,05,ANTIRETROVIRAUX,05.02,INHIBITEURS DE L’INTEGRASE,Dolutégravir,10 mg,Orale,Suspension Buvable,ABCD,,False,92
Annexe 3 — Liste Pediatrique,Liste Principale,05,ANTIRETROVIRAUX,05.03,INHIBITEURS NON NUCLEOSIDIQUES,Névirapine,10 mg/ml,Orale,Suspension Buvable,ABCD,,False,92
Annexe 3 — Liste Pediatrique,Liste Principale,05,ANTIRETROVIRAUX,05.04,INHIBITEURS NUCLEOSIDIQUES,Zidovudine,10 mg/ml,Orale,Solution Buvable,ABCD,,False,92
Annexe 3 — Liste Pediatrique,Liste Principale,06,MÉDICAMENTS DE L'APPAREIL DIGESTIF,06.01,ANTIDIARRHÉIQUES,Attapulgite,1 g,Orale,Poudre en sachet,ABCDE,,False,92
Annexe 3 — Liste Pediatrique,Liste Principale,06,MÉDICAMENTS DE L'APPAREIL DIGESTIF,06.02,LAXATIFS,Glycérine nourrisson,630 mg,Rectale,Suppositoire,ABCD,,False,92
Annexe 3 — Liste Pediatrique,Liste Principale,06,MÉDICAMENTS DE L'APPAREIL DIGESTIF,06.02,LAXATIFS,Glycérine enfant,"1,2 g",Rectale,Suppositoire,ABCD,,False,92
Annexe 3 — Liste Pediatrique,Liste Principale,07,MÉDICAMENTS DE L'APPAREIL RESPIRATOIRE,,,Carbocystéine,2%,Orale,Sirop,ABCD,,False,92
Annexe 3 — Liste Pediatrique,Liste Principale,08,MÉDICAMENTS DES MALADIES MÉTABOLIQUES,08.01,HYPERGLYCÉMIANTS,Glucagon,1 mg,Parentérale,Poudre pour préparation Injectable,ABC,,False,93
Annexe 3 — Liste Pediatrique,Liste Principale,08,MÉDICAMENTS DES MALADIES MÉTABOLIQUES,08.02,VITAMINES,Ergocalciférol,5 000 UI/ml,Orale,Solution Buvable,ABCD,,False,93
Annexe 3 — Liste Pediatrique,Liste Principale,08,MÉDICAMENTS DES MALADIES MÉTABOLIQUES,08.02,VITAMINES,Vitamine A ou rétinol,20 mg/ml,Orale,Solution Buvable,ABCD,,False,93
Annexe 3 — Liste Pediatrique,Liste Principale,08,MÉDICAMENTS DES MALADIES MÉTABOLIQUES,08.02,VITAMINES,Vitamine A ou rétinol,100 000 UI,Orale,Capsule,ABCDE,,False,93
Annexe 3 — Liste Pediatrique,Liste Principale,08,MÉDICAMENTS DES MALADIES MÉTABOLIQUES,08.02,VITAMINES,Vitamine A ou rétinol,200 000 UI,Orale,Capsule,ABCDE,,False,93
Annexe 3 — Liste Pediatrique,Liste Principale,08,MÉDICAMENTS DES MALADIES MÉTABOLIQUES,08.03,INSULINES,Insuline Biogénétique Rapide,100UI Fl/10ml,Parentérale,Solution Injectable,ABC,,False,93
Annexe 3 — Liste Pediatrique,Liste Principale,08,MÉDICAMENTS DES MALADIES MÉTABOLIQUES,08.03,INSULINES,Insuline Intermed Classique,100UI Fl/10ml,Parentérale,Solution Injectable,ABC,,False,93
Annexe 3 — Liste Pediatrique,Liste Principale,08,MÉDICAMENTS DES MALADIES MÉTABOLIQUES,08.03,INSULINES,Insuline Intermed Biphasique,30/70 100UI Fl/10ml,Parentérale,Solution Injectable,ABC,,False,93
Annexe 3 — Liste Pediatrique,Liste Principale,08,MÉDICAMENTS DES MALADIES MÉTABOLIQUES,08.03,INSULINES 0G MÉDICAMENTS AFFECTANT LE SANG,Phytoménadione (Vitamine K1),2 mg/ml,Orale Parentérale,Solution buvable Solution injectable,ABCD,,False,93
Annexe 3 — Liste Pediatrique,Liste Principale,08,MÉDICAMENTS DES MALADIES MÉTABOLIQUES,08.03,INSULINES 0G MÉDICAMENTS AFFECTANT LE SANG PRODUITS SANGUINS D'ORIGINE HUMAINE ET SUBSTITUTS DU PLASMA,Concentré érythrocytaire Pédiatrique,,Parentérale,---,ABC,,False,93
Annexe 3 — Liste Pediatrique,Liste Principale,11,MÉDICAMENTS DU SYSTEME CARDIOVASCULAIRE,11.01,ANTIHYPERTENSEURS,Propranolol,40mg,Orale,Comprimé,AB,,False,93
Annexe 3 — Liste Pediatrique,Liste Principale,11,MÉDICAMENTS DU SYSTEME CARDIOVASCULAIRE,11.01,ANTIHYPERTENSEURS,Propranolol,"3,75mg/ml",Orale,Sirop,A,,False,93
Annexe 3 — Liste Pediatrique,Liste Principale,11,MÉDICAMENTS DU SYSTEME CARDIOVASCULAIRE,11.02,GLUCOSIDES CARDIOTONIQUES,Digoxine,50 µg/ml,Orale,Solution buvable,AB,,False,93
Annexe 3 — Liste Pediatrique,Liste Principale,12,MÉDICAMENTS DU SYSTÈME NERVEUX,,,Tétracosactide,"0,25 mg/ml",Parentérale,Suspension injectable,AB,,False,93
Annexe 3 — Liste Pediatrique,Liste Principale,13,MEDICAMENTS UTILISES EN OPHTALMOLOGIE,,,Atropine,"0,50%",Ophtalmique,Collyre,ABCD,,False,93
Annexe 3 — Liste Pediatrique,Liste Principale,14,MEDICAMENTS UTILISES EN OTORHINOLARYNGOLOGIE,,,Fluticasone,50 µg/dose,Nasale,Suspension pour Pulvérisation nasale,ABC,,False,93
Annexe 3 — Liste Pediatrique,Liste Principale,15,VACCINS ET PRÉPARATIONS IMMUNOLOGIQUES,,,HPV papillomavirus Humain,,Parentérale,Solution injectable,ABCD,,False,93
Annexe 3 — Liste Pediatrique,Liste Principale,15,VACCINS ET PRÉPARATIONS IMMUNOLOGIQUES,,,Vaccin Anti Rougeoleux Rubéoleux,10 doses,Parentérale,Solution injectable,ABCD,,False,93
Annexe 3 — Liste Pediatrique,Liste Principale,15,VACCINS ET PRÉPARATIONS IMMUNOLOGIQUES,,,Vaccin antiamaril,10 doses,Parentérale,Poudre pour préparation Injectable,ABCD,,False,93
Annexe 3 — Liste Pediatrique,Liste Principale,15,VACCINS ET PRÉPARATIONS IMMUNOLOGIQUES,,,Vaccin antiamaril,5 doses,Parentérale,Poudre pour préparation Injectable,ABCD,,False,93
Annexe 3 — Liste Pediatrique,Liste Principale,15,VACCINS ET PRÉPARATIONS IMMUNOLOGIQUES,,,"Vaccin antidiphtérique, antitétanique, Antipoliomyélitique",Monodose,Parentérale,Suspension injectable,A,,False,93
Annexe 3 — Liste Pediatrique,Liste Principale,15,VACCINS ET PRÉPARATIONS IMMUNOLOGIQUES,,,Vaccin antigrippal,Monodose,Parentérale,Suspension injectable,A,,False,93
Annexe 3 — Liste Pediatrique,Liste Principale,15,VACCINS ET PRÉPARATIONS IMMUNOLOGIQUES,,,Vaccin anti-hépatite B,20 μg/10 doses,Parentérale,Solution injectable,ABCD,,False,93
Annexe 3 — Liste Pediatrique,Liste Principale,15,VACCINS ET PRÉPARATIONS IMMUNOLOGIQUES,,,Vaccin antiméningococcique A,10 doses,Parentérale,Poudre pour préparation Injectable,ABCD,,False,93
Annexe 3 — Liste Pediatrique,Liste Principale,15,VACCINS ET PRÉPARATIONS IMMUNOLOGIQUES,,,Vaccin antiméningococcique A+C,10 doses,Parentérale,Poudre pour préparation injectable,ABCD,,False,93
Annexe 3 — Liste Pediatrique,Liste Principale,15,VACCINS ET PRÉPARATIONS IMMUNOLOGIQUES,,,Vaccin antiméningococcique ACYW 135,Monodose,Parentérale,Poudre pour préparation injectable,A,,False,93
Annexe 3 — Liste Pediatrique,Liste Principale,15,VACCINS ET PRÉPARATIONS IMMUNOLOGIQUES,,,Vaccin antiméningococcique ACYW 135,10 doses,Parentérale,Poudre pour préparation injectable,A,,False,93
Annexe 3 — Liste Pediatrique,Liste Principale,15,VACCINS ET PRÉPARATIONS IMMUNOLOGIQUES,,,Vaccin anti-pneumococcique,4 doses,Parentérale,Suspension injectable,ABC,,False,94
Annexe 3 — Liste Pediatrique,Liste Principale,15,VACCINS ET PRÉPARATIONS IMMUNOLOGIQUES,,,Vaccin antipoliomyélitique,20 doses,Orale,Suspension injectable,ABCD,,False,94
Annexe 3 — Liste Pediatrique,Liste Principale,15,VACCINS ET PRÉPARATIONS IMMUNOLOGIQUES,,,Vaccin antirabique,Monodose,Parentérale,Poudre pour préparation Injectable,ABC,,False,94
Annexe 3 — Liste Pediatrique,Liste Principale,15,VACCINS ET PRÉPARATIONS IMMUNOLOGIQUES,,,Vaccin antirotavirus,Monodose,Orale,Solution buvable,ABCD,,False,94
Annexe 3 — Liste Pediatrique,Liste Principale,15,VACCINS ET PRÉPARATIONS IMMUNOLOGIQUES,,,"Vaccin antirougeoleux, antioreillon, antirubéoleux",Monodose,Parentérale,Poudre pour préparation injectable,A,,False,94
Annexe 3 — Liste Pediatrique,Liste Principale,15,VACCINS ET PRÉPARATIONS IMMUNOLOGIQUES,,,Vaccin antitétanique,10 doses,Parentérale,Suspension injectable,ABCD,,False,94
Annexe 3 — Liste Pediatrique,Liste Principale,15,VACCINS ET PRÉPARATIONS IMMUNOLOGIQUES,,,Vaccin antitétanique,20 doses,Parentérale,Suspension injectable,ABCD,,False,94
Annexe 3 — Liste Pediatrique,Liste Principale,15,VACCINS ET PRÉPARATIONS IMMUNOLOGIQUES,,,"Vaccin antitétanique, antidiphtérique",10 doses,Parentérale,Solution injectable,ABCD,,False,94
Annexe 3 — Liste Pediatrique,Liste Principale,15,VACCINS ET PRÉPARATIONS IMMUNOLOGIQUES,,,Vaccin antityphoïde capsulaire Vi,20 doses,Parentérale,Suspension injectable,A,,False,94
Annexe 3 — Liste Pediatrique,Liste Principale,15,VACCINS ET PRÉPARATIONS IMMUNOLOGIQUES,,,Vaccin BCG,20 doses,Parentérale,Poudre pour préparation injectable,ABCD,,False,94
Annexe 3 — Liste Pediatrique,Liste Principale,15,VACCINS ET PRÉPARATIONS IMMUNOLOGIQUES,,,Vaccin DT Coq+Hépatite B+Hib,10 doses,Parentérale,Solution injectable,ABCD,,False,94
Annexe 3 — Liste Pediatrique,Liste Principale,15,VACCINS ET PRÉPARATIONS IMMUNOLOGIQUES,,,Vaccin DTCOQ+Hépatite B+ACTIB+polio,10 doses,Parentérale,Suspension injectable,A,,False,94
Annexe 3 — Liste Pediatrique,Liste Principale,15,VACCINS ET PRÉPARATIONS IMMUNOLOGIQUES,,,Vaccin PCV13 contre Pneumocoque 13 valent Forme Ped,,Parentérale,Solution injectable,ABCD,,False,94
Annexe 3 — Liste Pediatrique,Liste Principale,15,VACCINS ET PRÉPARATIONS IMMUNOLOGIQUES,,,Vaccin RTS’S Lyophilisé avec diluent 2 doses / flacon IM Conservation +2+8,,Parentérale,Solution injectable,ABCD,,False,94
Annexe 3 — Liste Pediatrique,Liste Principale,15,VACCINS ET PRÉPARATIONS IMMUNOLOGIQUES,,,VPI vaccin polio inactivé,,Parentérale,Solution injectable,ABCD,,False,94
Annexe 3 — Liste Pediatrique,Liste Complementaire,01,ANALGÉSIQUES,,,Acétylsalicylate de lysine,250 mg,Orale,Poudre en sachet,ABCD,,False,94
Annexe 3 — Liste Pediatrique,Liste Complementaire,01,ANALGÉSIQUES,,,Métamizole,"0,5 g/ml",Orale,Sirop,ABCD,,False,94
Annexe 3 — Liste Pediatrique,Liste Complementaire,02,ANESTHÉSIQUES,,,Rocuronium,10 mg/ml,Parentérale,Solution injectable,AB,,False,94
Annexe 3 — Liste Pediatrique,Liste Complementaire,03,ANTIALLERGIQUES,,,Hydroxyzine,2 mg/ml,Orale,Sirop,ABCD,,False,94
Annexe 3 — Liste Pediatrique,Liste Complementaire,03,ANTIALLERGIQUES,,,Loratadine,1 mg/ml,Orale,Sirop,ABCD,,False,94
Annexe 3 — Liste Pediatrique,Liste Complementaire,05,ANTIINFECTIEUX,,,Josamycine,250 mg/5 ml,Orale,Poudre pour solution buvable,AB,Surveillance,False,94
Annexe 3 — Liste Pediatrique,Liste Complementaire,05,ANTIINFECTIEUX,,,Lincomycine,250 mg,Orale,Sirop,AB,Surveillance,False,94
Annexe 3 — Liste Pediatrique,Liste Complementaire,05,ANTIINFECTIEUX,,,Cloxacilline,125 mg/5 ml,Orale,Poudre pour suspension buvable,ABC,,False,94
Annexe 3 — Liste Pediatrique,Liste Complementaire,05,ANTIINFECTIEUX,,,Cloxacilline,250 mg/5 ml,Orale,Poudre pour suspension buvable,ABC,,False,94
Annexe 3 — Liste Pediatrique,Liste Complementaire,05,ANTIINFECTIEUX,,,Linézolide,2 mg/ml,Parentérale,Solution injectable,A,,False,94
Annexe 3 — Liste Pediatrique,Liste Complementaire,10,ANTIRETROVIRAUX INHIBITEURS NON NUCLEOSIDIQUES,,,Efavirenz,30 mg/ml,Orale,Sirop,ABCD,,False,94
Annexe 3 — Liste Pediatrique,Liste Complementaire,10,ANTIRETROVIRAUX INHIBITEURS NON NUCLEOSIDIQUES INHIBITEURS NUCLEOSIDIQUES,,,Didanosine,25 mg,Orale,Poudre pour solution buvable,ABCD,,False,94
Annexe 3 — Liste Pediatrique,Liste Complementaire,10,ANTIRETROVIRAUX INHIBITEURS NON NUCLEOSIDIQUES INHIBITEURS NUCLEOSIDIQUES,,,Didanosine,50 mg,Orale,Poudre pour solution buvable,ABCD,,False,94
Annexe 3 — Liste Pediatrique,Liste Complementaire,10,ANTIRETROVIRAUX INHIBITEURS NON NUCLEOSIDIQUES INHIBITEURS NUCLEOSIDIQUES,,,Lamivudine,10 mg/ml,Orale,Solution Buvable,ABCD,,False,94
Annexe 3 — Liste Pediatrique,Liste Complementaire,13,MÉDICAMENTS DE L'APPAREIL DIGESTIF,,,Racecadotril,30 mg,Orale,Poudre en sachet,ABCD,,False,95
Annexe 3 — Liste Pediatrique,Liste Complementaire,13,MÉDICAMENTS DE L'APPAREIL DIGESTIF ANTIÉMÉTIQUES – GASTROKINETIQUES,,,Métoclopramide,"2,6mg/ml",Orale,Solution buvable,ABCD,,False,95
Annexe 3 — Liste Pediatrique,Liste Complementaire,14,MÉDICAMENTS DE L'APPAREIL RESPIRATOIRE,14.01,ANTIASTHMATIQUES,Salmeterol + Fluticasone,50 µg/100 µg,Pulmonaire,Poudre pour inhalation,ABC,,False,95
Annexe 3 — Liste Pediatrique,Liste Complementaire,14,MÉDICAMENTS DE L'APPAREIL RESPIRATOIRE,14.01,ANTIASTHMATIQUES,Salmeterol + Fluticasone,50 µg/250 µg,Pulmonaire,Poudre pour inhalation,ABC,,False,95
Annexe 3 — Liste Pediatrique,Liste Complementaire,14,MÉDICAMENTS DE L'APPAREIL RESPIRATOIRE,14.01,ANTIASTHMATIQUES,Salmeterol + Fluticasone,50 µg/500 µg,Pulmonaire,Poudre pour inhalation,ABC,,False,95
Annexe 3 — Liste Pediatrique,Liste Complementaire,14,MÉDICAMENTS DE L'APPAREIL RESPIRATOIRE,14.01,ANTIASTHMATIQUES AUTRES MEDICAMENTS DE L'APPAREIL RESPIRATOIRE,Caféine citrate,25 mg/ml,Orale Parentérale,Solution buvable Solution injectable,ABC,,False,95
Annexe 3 — Liste Pediatrique,Liste Complementaire,15,MÉDICAMENTS DES MALADIES MÉTABOLIQUES,,,Aliment complet équilibré de substitution au lait,---,Orale,Poudre,AB,,False,95
Annexe 3 — Liste Pediatrique,Liste Complementaire,15,MÉDICAMENTS DES MALADIES MÉTABOLIQUES,,,Iode,200 UI,Orale,Capsule,ABCD,,False,95
Annexe 3 — Liste Pediatrique,Liste Complementaire,16,MÉDICAMENTS AFFECTANT LE SANG,,,Salicylate de lysine,100 mg,Orale,Poudre en sachet,ABC,,False,95
Annexe 3 — Liste Pediatrique,Liste Complementaire,20,MEDICAMENTS UTILISES EN DERMATOLOGIE,,,"Désonide 0,10%",,Cutanée,Crème,ABCD,,False,95
Annexe 3 — Liste Pediatrique,Liste Complementaire,20,MEDICAMENTS UTILISES EN DERMATOLOGIE,,,Imiquinod 5%,,Cutanée,Crème,AB,,False,95
Annexe 3 — Liste Pediatrique,Liste Complementaire,20,MEDICAMENTS UTILISES EN DERMATOLOGIE SOLUTIONS DE CORRECTION DES TROUBLES HYDROÉLECTROLYTIQUES,,,Aliment pour la malnutrition aiguë sévère,92 g,Orale,Pâte en sachet,ABCDE,,False,95
Annexe 3 — Liste Pediatrique,Liste Complementaire,20,MEDICAMENTS UTILISES EN DERMATOLOGIE SOLUTIONS DE CORRECTION DES TROUBLES HYDROÉLECTROLYTIQUES,,,Lait thérapeutique F100,400 g,Orale,Poudre,AB,,False,95
Annexe 3 — Liste Pediatrique,Liste Complementaire,20,MEDICAMENTS UTILISES EN DERMATOLOGIE SOLUTIONS DE CORRECTION DES TROUBLES HYDROÉLECTROLYTIQUES,,,Lait thérapeutique F75,400 g,Orale,Poudre,AB,,False,95
